google_place_id,name,address,latitude,longitude,hours_json,contact_number,wifi,outlets,accepts_qr,accepts_card,accepts_cash,business_status,types,website,import_ready,skip_reason
ChIJxaHQV0rJlzMRqtw8y6MrNlE,% Arabica Manila BGC Roastery,"GF, Shangri-La at The Fort, 5th Ave, Taguig",14.5520351,121.04773429999999,"{""mon"":{""kind"":""open"",""open"":""07:00"",""close"":""22:00""},""tue"":{""kind"":""open"",""open"":""07:00"",""close"":""22:00""},""wed"":{""kind"":""open"",""open"":""07:00"",""close"":""22:00""},""thu"":{""kind"":""open"",""open"":""07:00"",""close"":""22:00""},""fri"":{""kind"":""open"",""open"":""07:00"",""close"":""00:00""},""sat"":{""kind"":""open"",""open"":""07:00"",""close"":""00:00""},""sun"":{""kind"":""open"",""open"":""07:00"",""close"":""22:00""}}",0917 109 1053,,,,,,OPERATIONAL,Coffee shop|Coffee shop,http://www.arabica.com/,true,
ChIJFTb9PwCfqTMRO9CKp396MuY,100 Percent Cafe,"8V6H+X8W The Excelsior Tower, Salvador St, Banawa, Cebu City",10.312498699999999,123.8783323,"{""mon"":{""kind"":""open"",""open"":""08:00"",""close"":""22:00""},""tue"":{""kind"":""open"",""open"":""08:00"",""close"":""22:00""},""wed"":{""kind"":""open"",""open"":""08:00"",""close"":""22:00""},""thu"":{""kind"":""open"",""open"":""08:00"",""close"":""22:00""},""fri"":{""kind"":""open"",""open"":""08:00"",""close"":""22:00""},""sat"":{""kind"":""open"",""open"":""08:00"",""close"":""22:00""},""sun"":{""kind"":""open"",""open"":""08:00"",""close"":""22:00""}}",,,,,available,,OPERATIONAL,Coffee shop|Coffee shop,https://www.facebook.com/profile.php?id=61550789077077,true,
ChIJnTsuTADJlzMR2DJnMXO1zb4,1000CC Coffee,"5057 P Burgos St, Makati City",14.564909499999999,121.0312036,"{""mon"":{""kind"":""all_day""},""tue"":{""kind"":""all_day""},""wed"":{""kind"":""all_day""},""thu"":{""kind"":""all_day""},""fri"":{""kind"":""all_day""},""sat"":{""kind"":""all_day""},""sun"":{""kind"":""all_day""}}",,,,,,,OPERATIONAL,Coffee shop|Coffee shop,https://www.1000ccph.com/,true,
ChIJe6y6OYXLlzMR38iigYnPnRc,1919 Grand Cafe,"117 Juan Luna St, Binondo, Manila",14.5965016,120.975625,"{""mon"":{""kind"":""open"",""open"":""07:00"",""close"":""22:00""},""tue"":{""kind"":""open"",""open"":""07:00"",""close"":""22:00""},""wed"":{""kind"":""open"",""open"":""07:00"",""close"":""22:00""},""thu"":{""kind"":""open"",""open"":""07:00"",""close"":""22:00""},""fri"":{""kind"":""open"",""open"":""07:00"",""close"":""23:00""},""sat"":{""kind"":""open"",""open"":""07:00"",""close"":""23:00""},""sun"":{""kind"":""open"",""open"":""07:00"",""close"":""23:00""}}",,,,,,,OPERATIONAL,Cafe|Cafe,https://www.facebook.com/1919grandcafe,true,
ChIJWSA0TgBr-TIRh9dxebd5lB4,19TH DOSE CAFE,"THE PRESTIGE SUBDIVISION, BLK 69 LOT 1 Calla Lily St, Buhangin, Davao City",7.145732,125.60308529999999,,,,,,,,OPERATIONAL,Coffee shop|Coffee shop,,false,missing_hours
ChIJ7RNTCtvJlzMRW4ul5B2vC3w,1C Coffee,"6 San Francisco St, Pasig",14.5721191,121.0611337,"{""mon"":{""kind"":""open"",""open"":""08:00"",""close"":""18:00""},""tue"":{""kind"":""open"",""open"":""08:00"",""close"":""18:00""},""wed"":{""kind"":""open"",""open"":""08:00"",""close"":""18:00""},""thu"":{""kind"":""open"",""open"":""08:00"",""close"":""18:00""},""fri"":{""kind"":""open"",""open"":""08:00"",""close"":""18:00""},""sat"":{""kind"":""open"",""open"":""07:00"",""close"":""18:00""},""sun"":{""kind"":""open"",""open"":""07:00"",""close"":""18:00""}}",0917 883 7803,,,,,,OPERATIONAL,Coffee shop|Coffee shop,https://instagram.com/ditosa1c?utm_medium=copy_link,true,
ChIJ2-xzWnW1lzMRvqi4M8uUvFY,211. COFFEE & TEA,"Unit 101, Philtrust Bank Building, Samson Rd, Caloocan",14.6573,120.9822909,"{""mon"":{""kind"":""open"",""open"":""10:30"",""close"":""22:30""},""tue"":{""kind"":""open"",""open"":""10:30"",""close"":""22:30""},""wed"":{""kind"":""open"",""open"":""10:30"",""close"":""22:30""},""thu"":{""kind"":""open"",""open"":""10:30"",""close"":""22:30""},""fri"":{""kind"":""open"",""open"":""11:00"",""close"":""23:00""},""sat"":{""kind"":""open"",""open"":""11:00"",""close"":""23:00""},""sun"":{""kind"":""open"",""open"":""11:00"",""close"":""23:00""}}",0995 340 8507,,,,,,OPERATIONAL,Coffee shop|Coffee shop,,true,
ChIJ_T_NpM-ZqTMR3635R1ZoR2s,38 Coffee - Colon,"Unit 2, Photo Supply Bldg, Cebu Clumbia Photo Supply Bldg, 125 Colon St, Kalubihan, Cebu City",10.2972526,123.89976209999999,"{""mon"":{""kind"":""open"",""open"":""08:00"",""close"":""20:00""},""tue"":{""kind"":""open"",""open"":""08:00"",""close"":""20:00""},""wed"":{""kind"":""open"",""open"":""08:00"",""close"":""20:00""},""thu"":{""kind"":""open"",""open"":""08:00"",""close"":""20:00""},""fri"":{""kind"":""open"",""open"":""08:00"",""close"":""20:00""},""sat"":{""kind"":""open"",""open"":""08:00"",""close"":""20:00""},""sun"":{""kind"":""open"",""open"":""09:00"",""close"":""18:00""}}",0917 869 9118,,,,,,OPERATIONAL,Coffee stand|Coffee stand,https://www.facebook.com/thirtyeightcoffeecolon/,true,
ChIJVev2VzS3lzMR1b2yivaT7eA,450 CAFE,"450 General Vicente Lim, San Juan City",14.602548899999999,121.0394762,"{""mon"":{""kind"":""open"",""open"":""08:00"",""close"":""20:00""},""tue"":{""kind"":""open"",""open"":""08:00"",""close"":""20:00""},""wed"":{""kind"":""open"",""open"":""08:00"",""close"":""20:00""},""thu"":{""kind"":""open"",""open"":""08:00"",""close"":""20:00""},""fri"":{""kind"":""open"",""open"":""08:00"",""close"":""20:00""},""sat"":{""kind"":""open"",""open"":""08:00"",""close"":""20:00""},""sun"":{""kind"":""open"",""open"":""08:00"",""close"":""20:00""}}",0976 374 7294,,,,,,OPERATIONAL,Coffee shop|Coffee shop,,true,
ChIJe9RUWE9t-TIRp9k3g4iJKIg,6th Republic Cafe and Restaurant,"6 Juna Ave, Juna Subdivision, Davao City",7.0609497999999995,125.59328459999999,"{""mon"":{""kind"":""open"",""open"":""10:00"",""close"":""21:00""},""tue"":{""kind"":""open"",""open"":""10:00"",""close"":""21:00""},""wed"":{""kind"":""open"",""open"":""10:00"",""close"":""21:00""},""thu"":{""kind"":""open"",""open"":""10:00"",""close"":""21:00""},""fri"":{""kind"":""open"",""open"":""10:00"",""close"":""21:00""},""sat"":{""kind"":""open"",""open"":""10:00"",""close"":""21:00""},""sun"":{""kind"":""open"",""open"":""10:00"",""close"":""21:00""}}",0917 129 8475,,,,,,OPERATIONAL,Restaurant|Restaurant|Cafe|Chinese restaurant|Coffee shop|Western restaurant,https://www.facebook.com/6threpublicph,true,
ChIJp4_ZoDvJlzMRkwZi_ITV3TY,74 Cafe - Pasay,"73 Clemente Jose, Pasay City",14.535542399999999,121.00982429999999,"{""mon"":{""kind"":""open"",""open"":""11:00"",""close"":""00:00""},""tue"":{""kind"":""open"",""open"":""13:00"",""close"":""00:00""},""wed"":{""kind"":""open"",""open"":""13:00"",""close"":""00:00""},""thu"":{""kind"":""open"",""open"":""13:00"",""close"":""00:00""},""fri"":{""kind"":""open"",""open"":""13:00"",""close"":""00:00""},""sat"":{""kind"":""open"",""open"":""13:00"",""close"":""00:00""},""sun"":{""kind"":""open"",""open"":""11:00"",""close"":""00:00""}}",,,,,,,OPERATIONAL,Coffee shop|Coffee shop,,true,
ChIJ_xpEmo63lzMRxyORO_jcUww,7th Seat Coffee,"82 P. Tuazon Blvd, Cubao, Quezon City",14.615088799999999,121.0497407,"{""mon"":{""kind"":""open"",""open"":""14:00"",""close"":""02:00""},""tue"":{""kind"":""open"",""open"":""14:00"",""close"":""02:00""},""wed"":{""kind"":""open"",""open"":""14:00"",""close"":""02:00""},""thu"":{""kind"":""open"",""open"":""14:00"",""close"":""02:00""},""fri"":{""kind"":""open"",""open"":""14:00"",""close"":""02:00""},""sat"":{""kind"":""open"",""open"":""14:00"",""close"":""02:00""},""sun"":{""kind"":""closed""}}",0906 884 8632,,,,,,OPERATIONAL,Coffee shop|Coffee shop,,true,
ChIJq4l7e2LPlzMR-z6PqPYkFTI,816 Coffee & Co. - Parañaque,"2-F, Amvel East Arcade, C5 Extension Rd, Parañaque",14.4881099,120.9998404,"{""mon"":{""kind"":""open"",""open"":""11:00"",""close"":""23:00""},""tue"":{""kind"":""open"",""open"":""11:00"",""close"":""23:00""},""wed"":{""kind"":""open"",""open"":""11:00"",""close"":""23:00""},""thu"":{""kind"":""open"",""open"":""11:00"",""close"":""23:00""},""fri"":{""kind"":""open"",""open"":""11:00"",""close"":""23:00""},""sat"":{""kind"":""open"",""open"":""11:00"",""close"":""23:00""},""sun"":{""kind"":""open"",""open"":""11:00"",""close"":""23:00""}}",,,,,,,OPERATIONAL,Coffee shop|Coffee shop,,true,
ChIJo4VOm7TPlzMRg8bmbyouLcQ,A & S Café,"BF Homes, 51 Aguirre Ave, Parañaque",14.444733999999999,121.024272,"{""mon"":{""kind"":""closed""},""tue"":{""kind"":""open"",""open"":""07:00"",""close"":""20:00""},""wed"":{""kind"":""open"",""open"":""07:00"",""close"":""20:00""},""thu"":{""kind"":""open"",""open"":""07:00"",""close"":""20:00""},""fri"":{""kind"":""open"",""open"":""07:00"",""close"":""22:00""},""sat"":{""kind"":""open"",""open"":""07:00"",""close"":""22:00""},""sun"":{""kind"":""open"",""open"":""08:00"",""close"":""20:00""}}",0906 044 2616,,,,,,OPERATIONAL,Coffee shop|Coffee shop,https://www.instagram.com/anscafe.co/,true,
ChIJm7fgYQDJlzMRHZzeCbtk5zI,a.m. coffee & roastery,"Dona Guadalupe Building, 7462 Bagtikan Street, San Antonio, Makati City",14.5636668,121.0143782,"{""mon"":{""kind"":""open"",""open"":""09:00"",""close"":""18:00""},""tue"":{""kind"":""open"",""open"":""09:00"",""close"":""18:00""},""wed"":{""kind"":""open"",""open"":""09:00"",""close"":""18:00""},""thu"":{""kind"":""open"",""open"":""09:00"",""close"":""18:00""},""fri"":{""kind"":""open"",""open"":""09:00"",""close"":""18:00""},""sat"":{""kind"":""open"",""open"":""09:00"",""close"":""18:00""},""sun"":{""kind"":""open"",""open"":""09:00"",""close"":""18:00""}}",0976 005 3237,,,,,,OPERATIONAL,Coffee shop|Coffee shop,http://amcoffee.ph/,true,
ChIJawEiG3LJlzMRsnmCGEjl4tg,a.m. espresso,"1/F, The Corner House 455 P. Guevarra St, cor C.M. Recto, San Juan City",14.596295,121.03839909999999,"{""mon"":{""kind"":""open"",""open"":""08:00"",""close"":""21:00""},""tue"":{""kind"":""open"",""open"":""08:00"",""close"":""21:00""},""wed"":{""kind"":""open"",""open"":""08:00"",""close"":""21:00""},""thu"":{""kind"":""open"",""open"":""08:00"",""close"":""21:00""},""fri"":{""kind"":""open"",""open"":""08:00"",""close"":""21:00""},""sat"":{""kind"":""open"",""open"":""08:00"",""close"":""21:00""},""sun"":{""kind"":""open"",""open"":""08:00"",""close"":""22:00""}}",,,,,,,OPERATIONAL,Coffee shop|Coffee shop|Cafe,,true,
ChIJSz-_hiGZqTMRld4U6plOZvg,"Abaca Baking Company® (Coffee Shop) - Filinvest Cyberzone, IT Park","W Geonzon St, Cebu City",10.3302678,123.9057076,"{""mon"":{""kind"":""open"",""open"":""05:00"",""close"":""03:00""},""tue"":{""kind"":""open"",""open"":""05:00"",""close"":""03:00""},""wed"":{""kind"":""open"",""open"":""05:00"",""close"":""03:00""},""thu"":{""kind"":""open"",""open"":""05:00"",""close"":""03:00""},""fri"":{""kind"":""open"",""open"":""05:00"",""close"":""03:00""},""sat"":{""kind"":""open"",""open"":""05:00"",""close"":""03:00""},""sun"":{""kind"":""open"",""open"":""05:00"",""close"":""03:00""}}",0908 815 2473,,,,available,,OPERATIONAL,Coffee shop|Coffee shop,,true,
ChIJ0ZG0WSKZqTMRzB2WlQAh6EI,Abaca Baking Company® (Coffee Shop) - TGU Tower,"TGU Tower, Jose Maria del Mar Ave, Cebu City",10.3278306,123.9061533,"{""mon"":{""kind"":""open"",""open"":""05:00"",""close"":""03:00""},""tue"":{""kind"":""open"",""open"":""05:00"",""close"":""03:00""},""wed"":{""kind"":""open"",""open"":""05:00"",""close"":""03:00""},""thu"":{""kind"":""open"",""open"":""05:00"",""close"":""03:00""},""fri"":{""kind"":""open"",""open"":""05:00"",""close"":""03:00""},""sat"":{""kind"":""open"",""open"":""05:00"",""close"":""03:00""},""sun"":{""kind"":""open"",""open"":""05:00"",""close"":""03:00""}}",0969 512 2936,,,,available,,OPERATIONAL,Coffee shop|Coffee shop,,true,
ChIJcbwUYwDJlzMRFVAYxchfQFs,Ace Coffee Lounge,"H3F5+9J8, Brixton St, Pasig",14.5734221,121.0590783,,,,,,,,OPERATIONAL,Coffee shop|Coffee shop,,false,missing_hours
ChIJD0HoVQDJlzMR4CUkOCrgXWs,Again Coffee,"Millenium Building, UFG, Citadines, Sapphire Rd, Brgy. San Antonio, Pasig",14.5894839,121.06188379999999,"{""mon"":{""kind"":""open"",""open"":""07:00"",""close"":""17:00""},""tue"":{""kind"":""open"",""open"":""07:00"",""close"":""17:00""},""wed"":{""kind"":""open"",""open"":""07:00"",""close"":""17:00""},""thu"":{""kind"":""open"",""open"":""07:00"",""close"":""17:00""},""fri"":{""kind"":""open"",""open"":""07:00"",""close"":""17:00""},""sat"":{""kind"":""open"",""open"":""08:00"",""close"":""16:00""},""sun"":{""kind"":""open"",""open"":""08:00"",""close"":""16:00""}}",,,,,,,OPERATIONAL,Coffee shop|Coffee shop,,true,
ChIJV2ROCgDJlzMR1uObIXze7PY,AILO COFFEE,"2 V. Ibanez, San Juan City",14.599375199999999,121.0372464,"{""mon"":{""kind"":""closed""},""tue"":{""kind"":""open"",""open"":""10:00"",""close"":""20:00""},""wed"":{""kind"":""open"",""open"":""10:00"",""close"":""20:00""},""thu"":{""kind"":""open"",""open"":""10:00"",""close"":""20:00""},""fri"":{""kind"":""open"",""open"":""10:00"",""close"":""20:00""},""sat"":{""kind"":""open"",""open"":""10:00"",""close"":""20:00""},""sun"":{""kind"":""open"",""open"":""10:00"",""close"":""20:00""}}",,,,,,,OPERATIONAL,Coffee shop|Coffee shop,,true,
ChIJj_9ZPwDJlzMRY4SHMs1Iwgk,AK CAFÉ,"237 C De Guzman St, Pasay City",14.5322284,121.0081987,"{""mon"":{""kind"":""open"",""open"":""15:00"",""close"":""02:00""},""tue"":{""kind"":""open"",""open"":""15:00"",""close"":""02:00""},""wed"":{""kind"":""open"",""open"":""15:00"",""close"":""02:00""},""thu"":{""kind"":""open"",""open"":""15:00"",""close"":""02:00""},""fri"":{""kind"":""open"",""open"":""15:00"",""close"":""02:00""},""sat"":{""kind"":""open"",""open"":""15:00"",""close"":""02:00""},""sun"":{""kind"":""open"",""open"":""15:00"",""close"":""02:00""}}",,,,,,,OPERATIONAL,Coffee shop|Coffee shop,https://www.facebook.com/share/12Lzub1sSyx/,true,
ChIJ-Vob4Ju3lzMRn3ze_fwEwFQ,Allo Coffee Roasters - Katipunan,"Unit G4, Burgundy Place, Katipunan Ave, Loyola Heights, Quezon City",14.6420427,121.0741776,"{""mon"":{""kind"":""open"",""open"":""08:00"",""close"":""18:30""},""tue"":{""kind"":""open"",""open"":""08:00"",""close"":""18:30""},""wed"":{""kind"":""open"",""open"":""08:00"",""close"":""18:30""},""thu"":{""kind"":""open"",""open"":""08:00"",""close"":""18:30""},""fri"":{""kind"":""open"",""open"":""08:00"",""close"":""18:30""},""sat"":{""kind"":""open"",""open"":""08:00"",""close"":""18:30""},""sun"":{""kind"":""open"",""open"":""08:00"",""close"":""17:00""}}",0976 391 6303,,,,,,OPERATIONAL,Cafe|Cafe|Coffee shop,http://allocoffeeroasters.com/,true,
ChIJo4WXLwAX-TIRGom_DMvTvys,Almar’s,"Durian Village, 12280, Purok 19 De Lara St, Calinan District, Davao City",7.1863566,125.4612755,"{""mon"":{""kind"":""closed""},""tue"":{""kind"":""open"",""open"":""19:00"",""close"":""03:00""},""wed"":{""kind"":""open"",""open"":""19:00"",""close"":""03:00""},""thu"":{""kind"":""open"",""open"":""19:00"",""close"":""03:00""},""fri"":{""kind"":""open"",""open"":""19:00"",""close"":""03:00""},""sat"":{""kind"":""open"",""open"":""05:00"",""close"":""03:00""},""sun"":{""kind"":""open"",""open"":""17:00"",""close"":""03:00""}}",0977 289 1461,,,,,,OPERATIONAL,Cafe|Cafe,,true,
ChIJXbHSMkvRlzMRaSvhSxx_8aE,Alon Coffee Shop,"290 Arandia St, Tunasan, Muntinlupa",14.3809244,121.05101409999999,"{""mon"":{""kind"":""open"",""open"":""17:00"",""close"":""00:00""},""tue"":{""kind"":""open"",""open"":""17:00"",""close"":""01:00""},""wed"":{""kind"":""open"",""open"":""17:00"",""close"":""01:00""},""thu"":{""kind"":""open"",""open"":""17:00"",""close"":""01:00""},""fri"":{""kind"":""open"",""open"":""17:00"",""close"":""01:00""},""sat"":{""kind"":""open"",""open"":""17:00"",""close"":""01:00""},""sun"":{""kind"":""open"",""open"":""17:00"",""close"":""00:00""}}",,,,,,,OPERATIONAL,Coffee shop|Coffee shop,https://www.facebook.com/Alon-Coffee-Shop-116569680186781/,true,
ChIJ4axdSQDJlzMRy3dhShooo0Q,Alongside Coffee,"22 San Roque St, Kapitolyo, Pasig",14.5709991,121.06326089999999,"{""mon"":{""kind"":""open"",""open"":""08:00"",""close"":""17:00""},""tue"":{""kind"":""open"",""open"":""08:00"",""close"":""17:00""},""wed"":{""kind"":""open"",""open"":""08:00"",""close"":""17:00""},""thu"":{""kind"":""open"",""open"":""08:00"",""close"":""17:00""},""fri"":{""kind"":""open"",""open"":""08:00"",""close"":""17:00""},""sat"":{""kind"":""open"",""open"":""08:00"",""close"":""17:00""},""sun"":{""kind"":""open"",""open"":""08:00"",""close"":""17:00""}}",,,,,,,OPERATIONAL,Coffee shop|Coffee shop,https://instagram.com/alongsidecoffeeph,true,
ChIJ6RxcShHRlzMRMVZxUdzZacE,Altitud Coffee Space,"Unit 4, Pilar Development Center, Pilar Village, Pilar Rd, Las Piñas",14.42663,121.012676,"{""mon"":{""kind"":""open"",""open"":""07:00"",""close"":""21:00""},""tue"":{""kind"":""open"",""open"":""07:00"",""close"":""21:00""},""wed"":{""kind"":""open"",""open"":""07:00"",""close"":""21:00""},""thu"":{""kind"":""open"",""open"":""07:00"",""close"":""21:00""},""fri"":{""kind"":""open"",""open"":""07:00"",""close"":""23:00""},""sat"":{""kind"":""open"",""open"":""07:00"",""close"":""23:00""},""sun"":{""kind"":""open"",""open"":""07:00"",""close"":""21:00""}}",0976 422 4155,,,,,,OPERATIONAL,Cafe|Cafe,https://instagram.com/altitudcoffeespace,true,
ChIJx0XCYgDJlzMRLbNimpfoE2E,Altitude Coffee,"29 W Capitol Dr, Philippines, Pasig",14.5723539,121.05999899999999,"{""mon"":{""kind"":""open"",""open"":""09:00"",""close"":""21:00""},""tue"":{""kind"":""open"",""open"":""09:00"",""close"":""21:00""},""wed"":{""kind"":""open"",""open"":""09:00"",""close"":""21:00""},""thu"":{""kind"":""open"",""open"":""09:00"",""close"":""21:00""},""fri"":{""kind"":""open"",""open"":""09:00"",""close"":""21:00""},""sat"":{""kind"":""open"",""open"":""09:00"",""close"":""21:00""},""sun"":{""kind"":""open"",""open"":""09:00"",""close"":""21:00""}}",,,,,,,OPERATIONAL,Coffee shop|Coffee shop,https://www.instagram.com/altitudecoffeeph,true,
ChIJSSl4cwBt-TIR3s9hYFVb84Q,Amaii Cafe,"F, Bo. Obrero 2, 18-B, 222 Door F, Iñigo St, Poblacion District, Davao City",7.085065999999999,125.6138409,"{""mon"":{""kind"":""closed""},""tue"":{""kind"":""open"",""open"":""12:00"",""close"":""20:00""},""wed"":{""kind"":""open"",""open"":""12:00"",""close"":""19:00""},""thu"":{""kind"":""open"",""open"":""12:00"",""close"":""20:00""},""fri"":{""kind"":""open"",""open"":""12:00"",""close"":""20:00""},""sat"":{""kind"":""closed""},""sun"":{""kind"":""closed""}}",0917 174 3666,,,,,,OPERATIONAL,Coffee shop|Coffee shop,https://www.instagram.com/amaii.cafe?igsh=MW9xM2h1MzBicjlrZA%3D%3D&utm_source=qr,true,
ChIJe11IWnuZqTMR2J590C2OTmY,Ambré Cakes and Coffee,"Building 9, Capitol Site, Unit 3 M. Velez St, Cebu City",10.317211799999999,123.88930739999999,"{""mon"":{""kind"":""open"",""open"":""08:00"",""close"":""21:00""},""tue"":{""kind"":""open"",""open"":""06:00"",""close"":""21:00""},""wed"":{""kind"":""open"",""open"":""08:00"",""close"":""21:00""},""thu"":{""kind"":""open"",""open"":""08:00"",""close"":""21:00""},""fri"":{""kind"":""open"",""open"":""06:00"",""close"":""22:00""},""sat"":{""kind"":""open"",""open"":""08:00"",""close"":""22:00""},""sun"":{""kind"":""open"",""open"":""08:00"",""close"":""21:00""}}",,,,,,,OPERATIONAL,Cafe|Cafe,,true,
ChIJgxUUrN7JlzMRa7qzr1priLI,Annex House,"5638 Don Pedro, Makati City",14.5650611,121.03212099999999,"{""mon"":{""kind"":""closed""},""tue"":{""kind"":""open"",""open"":""07:00"",""close"":""02:30""},""wed"":{""kind"":""open"",""open"":""07:00"",""close"":""02:30""},""thu"":{""kind"":""open"",""open"":""07:00"",""close"":""02:30""},""fri"":{""kind"":""open"",""open"":""07:00"",""close"":""02:30""},""sat"":{""kind"":""open"",""open"":""07:00"",""close"":""02:30""},""sun"":{""kind"":""open"",""open"":""07:00"",""close"":""02:30""}}",,,,,,,OPERATIONAL,Social club|Social club|Art studio|Bar|Bistro|Coffee shop|General store,http://annex-house.com/,true,
ChIJXY4DXQAX-TIRYPnrt5RMCFI,Antensity Brew,"P28, Sagrada Familia Village, Calinan, Davao City",7.188662399999999,125.4554441,,,,,,,,OPERATIONAL,Coffee shop|Coffee shop,,false,missing_hours
ChIJq8GYxy7RlzMR9CRaGo0w3JM,Anthology Coffee,"Madrigal Business Park, 1430 Industry St, New Alabang Village, Muntinlupa",14.4247222,121.0242512,"{""mon"":{""kind"":""open"",""open"":""07:00"",""close"":""19:00""},""tue"":{""kind"":""open"",""open"":""07:00"",""close"":""19:00""},""wed"":{""kind"":""open"",""open"":""07:00"",""close"":""19:00""},""thu"":{""kind"":""open"",""open"":""07:00"",""close"":""19:00""},""fri"":{""kind"":""open"",""open"":""07:00"",""close"":""19:00""},""sat"":{""kind"":""open"",""open"":""07:30"",""close"":""19:00""},""sun"":{""kind"":""open"",""open"":""07:30"",""close"":""19:00""}}",0908 362 5453,,,,,,OPERATIONAL,Cafe|Cafe|Coffee shop,http://www.instagram.com/anthologycoffeeph,true,
ChIJM3hCbXmZqTMRxPU4WW_91QU,Anthony’s Cafe,"Pres. Quezon St, Cebu City",10.3235916,123.91229489999999,"{""mon"":{""kind"":""open"",""open"":""07:00"",""close"":""22:00""},""tue"":{""kind"":""open"",""open"":""07:00"",""close"":""22:00""},""wed"":{""kind"":""open"",""open"":""07:00"",""close"":""22:00""},""thu"":{""kind"":""open"",""open"":""07:00"",""close"":""22:00""},""fri"":{""kind"":""open"",""open"":""07:00"",""close"":""22:00""},""sat"":{""kind"":""open"",""open"":""07:00"",""close"":""22:00""},""sun"":{""kind"":""open"",""open"":""07:00"",""close"":""22:00""}}",0920 576 7107,,,,available,,OPERATIONAL,Cafe|Cafe,,true,
ChIJPZVY3VGZqTMRHQ42kfakgwE,Anthony's Cafe Guadalupe,"Andres Abellana St, Cebu City",10.3182013,123.8876772,"{""mon"":{""kind"":""open"",""open"":""07:00"",""close"":""21:00""},""tue"":{""kind"":""open"",""open"":""07:00"",""close"":""21:00""},""wed"":{""kind"":""open"",""open"":""07:00"",""close"":""21:00""},""thu"":{""kind"":""open"",""open"":""07:00"",""close"":""21:00""},""fri"":{""kind"":""open"",""open"":""07:00"",""close"":""21:00""},""sat"":{""kind"":""open"",""open"":""07:00"",""close"":""21:00""},""sun"":{""kind"":""open"",""open"":""07:00"",""close"":""21:00""}}",0927 480 6071,,,,available,,OPERATIONAL,Coffee shop|Coffee shop,,true,
ChIJ69FjFFmfqTMR2TO04ECdYvk,ANYWHERE COFFEE,"Anywhere Coffee, Fernandez Compound, Banawa J. Fortich St, Cebu City",10.3126588,123.88263169999999,"{""mon"":{""kind"":""closed""},""tue"":{""kind"":""open"",""open"":""10:00"",""close"":""20:00""},""wed"":{""kind"":""open"",""open"":""10:00"",""close"":""20:00""},""thu"":{""kind"":""open"",""open"":""10:00"",""close"":""20:00""},""fri"":{""kind"":""open"",""open"":""10:00"",""close"":""20:00""},""sat"":{""kind"":""open"",""open"":""10:00"",""close"":""20:00""},""sun"":{""kind"":""open"",""open"":""10:00"",""close"":""20:00""}}",0977 238 5771,,,,,,OPERATIONAL,Coffee shop|Coffee shop,,true,
ChIJ_3HdTwC5lzMRFpoM4COE8BE,Aperitif Eastwood,"Eastwood Mall, Orchard Rd, Bagumbayan, Quezon City",14.6096116,121.07999,"{""mon"":{""kind"":""open"",""open"":""10:00"",""close"":""22:31""},""tue"":{""kind"":""open"",""open"":""10:00"",""close"":""22:31""},""wed"":{""kind"":""open"",""open"":""10:00"",""close"":""22:31""},""thu"":{""kind"":""open"",""open"":""10:00"",""close"":""22:31""},""fri"":{""kind"":""open"",""open"":""10:00"",""close"":""22:31""},""sat"":{""kind"":""open"",""open"":""10:00"",""close"":""22:31""},""sun"":{""kind"":""open"",""open"":""10:00"",""close"":""22:31""}}",,,,,,,OPERATIONAL,Coffee shop|Coffee shop,,true,
ChIJ181AOyFt-TIRODOiAlD7pGc,Apo Cafe,"Mabini St, Aurora Quezon St, Poblacion District, Davao City",7.066753299999999,125.61461399999999,"{""mon"":{""kind"":""open"",""open"":""08:00"",""close"":""02:00""},""tue"":{""kind"":""open"",""open"":""08:00"",""close"":""02:00""},""wed"":{""kind"":""open"",""open"":""08:00"",""close"":""02:00""},""thu"":{""kind"":""open"",""open"":""08:00"",""close"":""02:00""},""fri"":{""kind"":""open"",""open"":""08:00"",""close"":""02:00""},""sat"":{""kind"":""open"",""open"":""08:00"",""close"":""02:00""},""sun"":{""kind"":""open"",""open"":""08:00"",""close"":""02:00""}}",,,,,,,OPERATIONAL,Coffee shop|Coffee shop|Restaurant,,true,
ChIJ5Uruaj7LlzMR78cZYbwP6Y4,Apologue Coffee & Pastry,"934 Benavidez St, Binondo, Manila",14.603064999999999,120.97675799999999,"{""mon"":{""kind"":""open"",""open"":""09:00"",""close"":""23:00""},""tue"":{""kind"":""open"",""open"":""09:00"",""close"":""23:00""},""wed"":{""kind"":""open"",""open"":""09:00"",""close"":""23:00""},""thu"":{""kind"":""open"",""open"":""09:00"",""close"":""23:00""},""fri"":{""kind"":""open"",""open"":""09:00"",""close"":""23:00""},""sat"":{""kind"":""open"",""open"":""09:00"",""close"":""23:00""},""sun"":{""kind"":""open"",""open"":""09:00"",""close"":""23:00""}}",0906 088 3003,,,,,,OPERATIONAL,Coffee shop|Coffee shop,https://bit.ly/ApologueDelivery,true,
ChIJT84hhQbJlzMRRhxBnMxUEX8,Archduke Specialty Coffee • Kitchen,"King's Court Building 1, Chino Roces Ave, Legazpi St, Makati City",14.557428999999999,121.0133257,"{""mon"":{""kind"":""open"",""open"":""08:00"",""close"":""21:00""},""tue"":{""kind"":""open"",""open"":""08:00"",""close"":""21:00""},""wed"":{""kind"":""open"",""open"":""08:00"",""close"":""21:00""},""thu"":{""kind"":""open"",""open"":""08:00"",""close"":""21:00""},""fri"":{""kind"":""open"",""open"":""08:00"",""close"":""22:00""},""sat"":{""kind"":""open"",""open"":""08:00"",""close"":""21:00""},""sun"":{""kind"":""open"",""open"":""08:00"",""close"":""21:00""}}",0954 230 3581,,,,,,OPERATIONAL,Restaurant|Restaurant|Cafe|Coffee roastery|Coffee shop,http://www.archdukecoffee.com/,true,
ChIJvbqBRgDJlzMRZVtVejCIpqE,ARIAS GARDEN POBLACION,"5804 dona carmen, cor Jacobo, Makati City",14.564109,121.03142969999999,"{""mon"":{""kind"":""open"",""open"":""20:00"",""close"":""04:00""},""tue"":{""kind"":""open"",""open"":""20:00"",""close"":""04:00""},""wed"":{""kind"":""open"",""open"":""20:00"",""close"":""04:00""},""thu"":{""kind"":""open"",""open"":""20:00"",""close"":""04:00""},""fri"":{""kind"":""open"",""open"":""20:00"",""close"":""04:00""},""sat"":{""kind"":""open"",""open"":""20:00"",""close"":""04:00""},""sun"":{""kind"":""open"",""open"":""20:00"",""close"":""04:00""}}",,,,,,,OPERATIONAL,Restaurant|Restaurant|Club|Coffee shop,,true,
ChIJd6H5TgCfqTMRjnGSZzF4eUU,Artea Cafe Guadalupe,"1277 V Rama Ave, Cebu City",10.3241178,123.8835331,"{""mon"":{""kind"":""open"",""open"":""11:30"",""close"":""22:00""},""tue"":{""kind"":""open"",""open"":""11:30"",""close"":""22:00""},""wed"":{""kind"":""open"",""open"":""11:30"",""close"":""22:00""},""thu"":{""kind"":""open"",""open"":""11:30"",""close"":""22:00""},""fri"":{""kind"":""open"",""open"":""11:30"",""close"":""22:00""},""sat"":{""kind"":""open"",""open"":""11:30"",""close"":""22:00""},""sun"":{""kind"":""open"",""open"":""11:30"",""close"":""22:00""}}",0953 507 8914,,,,,,OPERATIONAL,Coffee shop|Coffee shop,https://www.facebook.com/arteacafe.co,true,
ChIJD07FFYxt-TIRRnF48ELf2yI,AtCurbside,"Paseo Uno Bldg, Ruby St, Poblacion District, Davao City",7.0816021,125.602054,"{""mon"":{""kind"":""open"",""open"":""07:00"",""close"":""20:00""},""tue"":{""kind"":""open"",""open"":""07:00"",""close"":""20:00""},""wed"":{""kind"":""open"",""open"":""07:00"",""close"":""20:00""},""thu"":{""kind"":""open"",""open"":""07:00"",""close"":""20:00""},""fri"":{""kind"":""open"",""open"":""07:00"",""close"":""20:00""},""sat"":{""kind"":""open"",""open"":""07:00"",""close"":""20:00""},""sun"":{""kind"":""open"",""open"":""08:00"",""close"":""20:00""}}",,,,,,,OPERATIONAL,Coffee shop|Coffee shop,http://www.atcurbside.com/,true,
ChIJpwZ1o-Bt-TIRotmtOCyH7II,AtCurbside North - Bajada,"Brgy Wildredo Aquino, Plainview Drive, J.P. Laurel Ave, Davao City",7.0965587999999995,125.62451539999999,"{""mon"":{""kind"":""open"",""open"":""07:00"",""close"":""20:00""},""tue"":{""kind"":""open"",""open"":""07:00"",""close"":""20:00""},""wed"":{""kind"":""open"",""open"":""07:00"",""close"":""20:00""},""thu"":{""kind"":""open"",""open"":""07:00"",""close"":""20:00""},""fri"":{""kind"":""open"",""open"":""07:00"",""close"":""20:00""},""sat"":{""kind"":""open"",""open"":""07:00"",""close"":""20:00""},""sun"":{""kind"":""open"",""open"":""08:00"",""close"":""20:00""}}",,,,,,,OPERATIONAL,Coffee shop|Coffee shop,http://www.atcurbside.com/,true,
ChIJLf2vYwCZqTMRsAxNpkfpWkA,Atelier Matcha,"V. Padriga St, Cebu City",10.3297447,123.9067245,"{""mon"":{""kind"":""open"",""open"":""11:00"",""close"":""23:00""},""tue"":{""kind"":""open"",""open"":""11:00"",""close"":""23:00""},""wed"":{""kind"":""open"",""open"":""11:00"",""close"":""23:00""},""thu"":{""kind"":""open"",""open"":""11:00"",""close"":""23:00""},""fri"":{""kind"":""open"",""open"":""11:00"",""close"":""23:00""},""sat"":{""kind"":""open"",""open"":""11:00"",""close"":""23:00""},""sun"":{""kind"":""open"",""open"":""11:00"",""close"":""23:00""}}",,,,,,,OPERATIONAL,Coffee shop|Coffee shop,https://ateliermatcha.com/en/collections/all-products,true,
ChIJh_z9LACZqTMRx2RLsaClcMA,Aye Cafe,"9W99+P4F, Talamban, Cebu City",10.3693058,123.91779269999999,"{""mon"":{""kind"":""all_day""},""tue"":{""kind"":""all_day""},""wed"":{""kind"":""all_day""},""thu"":{""kind"":""all_day""},""fri"":{""kind"":""all_day""},""sat"":{""kind"":""all_day""},""sun"":{""kind"":""all_day""}}",0995 895 5711,,,,,,OPERATIONAL,Coffee shop|Coffee shop,,true,
ChIJDUlb4pe5lzMRG1Lm72sMRec,B1t1 takeaway coffee global one Eastwood,"1k1 Ground floor, GlobalOne Center, Eastwood Ave, Bagumbayan, Quezon City",14.608594799999999,121.08160939999999,"{""mon"":{""kind"":""all_day""},""tue"":{""kind"":""all_day""},""wed"":{""kind"":""all_day""},""thu"":{""kind"":""all_day""},""fri"":{""kind"":""all_day""},""sat"":{""kind"":""all_day""},""sun"":{""kind"":""all_day""}}",,,,,,,OPERATIONAL,Coffee shop|Coffee shop,,true,
ChIJ5_Y2cgAX-TIRAIi6iPt55NI,Badge and Brew Cafe,"4986+2VM, Calinan District, Davao City",7.1657392,125.4732945,"{""mon"":{""kind"":""open"",""open"":""10:00"",""close"":""22:00""},""tue"":{""kind"":""open"",""open"":""10:00"",""close"":""22:00""},""wed"":{""kind"":""open"",""open"":""10:00"",""close"":""22:00""},""thu"":{""kind"":""open"",""open"":""10:00"",""close"":""22:00""},""fri"":{""kind"":""open"",""open"":""10:00"",""close"":""22:00""},""sat"":{""kind"":""open"",""open"":""10:00"",""close"":""22:00""},""sun"":{""kind"":""open"",""open"":""10:00"",""close"":""22:00""}}",,,,,,,OPERATIONAL,Coffee shop|Coffee shop,,true,
ChIJBSXQyjW3lzMRSbLGR-6iSSA,Barista Coffee Beans - Gateway Mall,"Level 2, Near Care Center Clinic and H&M, Gateway Mall, 1 Gen. Aguinaldo Ave, Cubao, Quezon City",14.6223599,121.0526838,"{""mon"":{""kind"":""open"",""open"":""10:00"",""close"":""21:00""},""tue"":{""kind"":""open"",""open"":""10:00"",""close"":""21:00""},""wed"":{""kind"":""open"",""open"":""10:00"",""close"":""21:00""},""thu"":{""kind"":""open"",""open"":""10:00"",""close"":""21:00""},""fri"":{""kind"":""open"",""open"":""10:00"",""close"":""22:00""},""sat"":{""kind"":""open"",""open"":""10:00"",""close"":""22:00""},""sun"":{""kind"":""open"",""open"":""10:00"",""close"":""22:00""}}",0926 690 8955,,,,,,OPERATIONAL,Coffee shop|Coffee shop,https://www.facebook.com/BaristaCoffeeGateway,true,
ChIJk4fxQsFt-TIR--4Q0-Yo7Yo,Barok Cafe & Resto,"3J74+WM5, Magallanes Street, Poblacion District, Davao City",7.064767799999999,125.6067379,"{""mon"":{""kind"":""all_day""},""tue"":{""kind"":""all_day""},""wed"":{""kind"":""all_day""},""thu"":{""kind"":""all_day""},""fri"":{""kind"":""all_day""},""sat"":{""kind"":""all_day""},""sun"":{""kind"":""all_day""}}",,,,,,,OPERATIONAL,Coffee shop|Coffee shop,,true,
ChIJVefbHwBt-TIRH6Q1xdGquyI,Barok Cafe and Resto,"Pryce Business Park, J.P. Laurel Ave, Poblacion District, Davao City",7.0835938,125.6111754,"{""mon"":{""kind"":""all_day""},""tue"":{""kind"":""all_day""},""wed"":{""kind"":""all_day""},""thu"":{""kind"":""all_day""},""fri"":{""kind"":""all_day""},""sat"":{""kind"":""all_day""},""sun"":{""kind"":""all_day""}}",0926 694 5724,,,,,,OPERATIONAL,Coffee shop|Coffee shop,https://www.facebook.com/share/1Xu1gg2zt8/?mibextid=wwXIfr,true,
ChIJg9b30e7RlzMRI8twG8tjVts,Bask. Coffee House,"69a Gloria Diaz Street, BF Resort Dr, Village, Las Piñas",14.4423689,120.986572,"{""mon"":{""kind"":""open"",""open"":""08:00"",""close"":""21:00""},""tue"":{""kind"":""open"",""open"":""08:00"",""close"":""21:00""},""wed"":{""kind"":""open"",""open"":""08:00"",""close"":""21:00""},""thu"":{""kind"":""open"",""open"":""08:00"",""close"":""21:00""},""fri"":{""kind"":""open"",""open"":""08:00"",""close"":""21:00""},""sat"":{""kind"":""open"",""open"":""08:00"",""close"":""21:00""},""sun"":{""kind"":""open"",""open"":""08:00"",""close"":""21:00""}}",,,,,,,OPERATIONAL,Coffee shop|Coffee shop,https://instagram.com/bask.coffeehouse,true,
ChIJXSRi0rbJlzMRAfKpTRy-0Eo,Be the Reason Cafe + Roastery,"Brickton Building, Multinational Ave, Moonwalk, Parañaque",14.4937457,121.00363399999999,"{""mon"":{""kind"":""open"",""open"":""09:30"",""close"":""22:00""},""tue"":{""kind"":""open"",""open"":""09:30"",""close"":""22:00""},""wed"":{""kind"":""open"",""open"":""09:30"",""close"":""22:00""},""thu"":{""kind"":""open"",""open"":""09:30"",""close"":""22:00""},""fri"":{""kind"":""open"",""open"":""09:30"",""close"":""22:00""},""sat"":{""kind"":""open"",""open"":""09:30"",""close"":""22:00""},""sun"":{""kind"":""open"",""open"":""09:30"",""close"":""22:00""}}",0929 174 1486,,,,,,OPERATIONAL,Coffee roastery|Coffee roastery|Coffee shop,,true,
ChIJzY8OZQDJlzMRZisXC1lIeXg,Bean Hustle Coffee House,"1949 San Pascual St, Malate, Manila",14.5724178,120.99256679999999,"{""mon"":{""kind"":""open"",""open"":""10:00"",""close"":""21:00""},""tue"":{""kind"":""open"",""open"":""10:00"",""close"":""21:00""},""wed"":{""kind"":""open"",""open"":""10:00"",""close"":""21:00""},""thu"":{""kind"":""open"",""open"":""10:00"",""close"":""21:00""},""fri"":{""kind"":""open"",""open"":""10:00"",""close"":""21:00""},""sat"":{""kind"":""open"",""open"":""13:00"",""close"":""21:00""},""sun"":{""kind"":""closed""}}",,,,,,,OPERATIONAL,Coffee shop|Coffee shop,,true,
ChIJU9MIgvNt-TIRhOheS1bJQvY,Bean Xpress Matina Branch,"near crossing, Diversion Road, Matina Pangi Rd, Talomo, Davao City",7.069767,125.5743864,"{""mon"":{""kind"":""open"",""open"":""08:00"",""close"":""00:00""},""tue"":{""kind"":""open"",""open"":""08:00"",""close"":""00:00""},""wed"":{""kind"":""open"",""open"":""08:00"",""close"":""00:00""},""thu"":{""kind"":""open"",""open"":""08:00"",""close"":""00:00""},""fri"":{""kind"":""open"",""open"":""08:00"",""close"":""01:00""},""sat"":{""kind"":""open"",""open"":""08:00"",""close"":""01:00""},""sun"":{""kind"":""open"",""open"":""08:00"",""close"":""00:00""}}",,,,,,,OPERATIONAL,Coffee shop|Coffee shop,,true,
ChIJW4X42HWbqTMR3jOPD0juVv8,Beaned Cafe - Cebu,"Sanciangko St, Cebu City",10.2970148,123.89466089999999,"{""mon"":{""kind"":""open"",""open"":""09:30"",""close"":""20:00""},""tue"":{""kind"":""open"",""open"":""09:30"",""close"":""20:00""},""wed"":{""kind"":""open"",""open"":""09:30"",""close"":""20:00""},""thu"":{""kind"":""open"",""open"":""09:30"",""close"":""20:00""},""fri"":{""kind"":""open"",""open"":""09:30"",""close"":""20:00""},""sat"":{""kind"":""open"",""open"":""09:30"",""close"":""20:00""},""sun"":{""kind"":""closed""}}",,,,,,,OPERATIONAL,Coffee shop|Coffee shop,,true,
ChIJPcxiMZS3lzMRKn7G0WIHKEA,Beans & Bones,"55a 17th Ave, Cubao, Quezon City",14.619792799999999,121.061003,"{""mon"":{""kind"":""open"",""open"":""13:00"",""close"":""02:00""},""tue"":{""kind"":""open"",""open"":""13:00"",""close"":""02:00""},""wed"":{""kind"":""open"",""open"":""13:00"",""close"":""02:00""},""thu"":{""kind"":""open"",""open"":""13:00"",""close"":""02:00""},""fri"":{""kind"":""open"",""open"":""13:00"",""close"":""02:00""},""sat"":{""kind"":""open"",""open"":""13:00"",""close"":""02:00""},""sun"":{""kind"":""open"",""open"":""13:00"",""close"":""02:00""}}",0917 327 2326,,,,,,OPERATIONAL,Coffee shop|Coffee shop|Restaurant,https://www.facebook.com/beansnbones55/,true,
ChIJZ0bw5gjLlzMRhytrlfDAJsc,Beanstro Coffee Shop,"Tytana Street, Binondo",14.600948899999999,120.97410579999999,"{""mon"":{""kind"":""open"",""open"":""09:00"",""close"":""23:00""},""tue"":{""kind"":""open"",""open"":""09:00"",""close"":""23:00""},""wed"":{""kind"":""open"",""open"":""09:00"",""close"":""23:00""},""thu"":{""kind"":""open"",""open"":""09:00"",""close"":""23:00""},""fri"":{""kind"":""open"",""open"":""09:00"",""close"":""23:00""},""sat"":{""kind"":""open"",""open"":""09:00"",""close"":""23:00""},""sun"":{""kind"":""open"",""open"":""09:00"",""close"":""23:00""}}",,,,,,,OPERATIONAL,Cafe|Cafe,,true,
ChIJuyEK1ptz-TIRA4T3FfAqykk,BEANXPRESS PRIME FELCRIS MATINA,"FELCRIS, Matina Crossing, Talomo, Davao City",7.0606978,125.5701429,"{""mon"":{""kind"":""open"",""open"":""07:30"",""close"":""01:00""},""tue"":{""kind"":""open"",""open"":""07:30"",""close"":""01:00""},""wed"":{""kind"":""open"",""open"":""07:30"",""close"":""01:00""},""thu"":{""kind"":""open"",""open"":""07:30"",""close"":""01:00""},""fri"":{""kind"":""open"",""open"":""07:30"",""close"":""01:00""},""sat"":{""kind"":""open"",""open"":""07:30"",""close"":""01:00""},""sun"":{""kind"":""open"",""open"":""07:30"",""close"":""01:00""}}",0995 502 6567,,,,,,OPERATIONAL,Cafe|Cafe|Breakfast restaurant|Restaurant,,true,
ChIJZYdGWQDRlzMRI-Oy1dPOjig,Bear's Cafe,"BF Resort Village, LOT 2 BLOCK 59A, COMSTANTINE ST, CORNER Abel Nosce, Las Piñas",14.4286827,120.9946555,"{""mon"":{""kind"":""closed""},""tue"":{""kind"":""open"",""open"":""10:00"",""close"":""21:00""},""wed"":{""kind"":""open"",""open"":""10:00"",""close"":""21:00""},""thu"":{""kind"":""open"",""open"":""10:00"",""close"":""21:00""},""fri"":{""kind"":""open"",""open"":""10:00"",""close"":""21:00""},""sat"":{""kind"":""open"",""open"":""10:00"",""close"":""21:00""},""sun"":{""kind"":""open"",""open"":""10:00"",""close"":""21:00""}}",,,,,,,OPERATIONAL,Coffee shop|Coffee shop,,true,
ChIJ0wtwHZmZqTMRSZ1z0r1FYhQ,Bee Cafe Cebu,"S Cabahug, Cebu City",10.319981799999999,123.9148166,"{""mon"":{""kind"":""open"",""open"":""07:00"",""close"":""22:00""},""tue"":{""kind"":""open"",""open"":""07:00"",""close"":""22:00""},""wed"":{""kind"":""open"",""open"":""07:00"",""close"":""22:00""},""thu"":{""kind"":""open"",""open"":""07:00"",""close"":""22:00""},""fri"":{""kind"":""open"",""open"":""07:00"",""close"":""22:00""},""sat"":{""kind"":""open"",""open"":""07:00"",""close"":""22:00""},""sun"":{""kind"":""open"",""open"":""07:00"",""close"":""22:00""}}",,,,,available,,OPERATIONAL,Brunch restaurant|Brunch restaurant,https://www.facebook.com/p/Bee-Cafe-Cebu-100093227060860/,true,
ChIJzSuDb6xt-TIR1QNQzonpijo,Beholden Coffee Experience - CM Recto,"C. M. Recto St, Poblacion District, Davao City",7.071661199999999,125.61160679999999,"{""mon"":{""kind"":""open"",""open"":""07:00"",""close"":""00:00""},""tue"":{""kind"":""open"",""open"":""07:00"",""close"":""00:00""},""wed"":{""kind"":""open"",""open"":""07:00"",""close"":""00:00""},""thu"":{""kind"":""open"",""open"":""07:00"",""close"":""00:00""},""fri"":{""kind"":""open"",""open"":""07:00"",""close"":""00:00""},""sat"":{""kind"":""open"",""open"":""07:00"",""close"":""00:00""},""sun"":{""kind"":""open"",""open"":""07:00"",""close"":""00:00""}}",0917 627 8193,,,,,,OPERATIONAL,Coffee shop|Coffee shop,https://www.facebook.com/share/1HRb27HU7N/,true,
ChIJl3LIBJDJlzMRMpJl34Sr9PI,Beselu Cafe,"7850 Makati Ave, Makati City",14.5651161,121.0297375,"{""mon"":{""kind"":""all_day""},""tue"":{""kind"":""all_day""},""wed"":{""kind"":""all_day""},""thu"":{""kind"":""all_day""},""fri"":{""kind"":""all_day""},""sat"":{""kind"":""all_day""},""sun"":{""kind"":""all_day""}}",0945 233 8792,,,,,,OPERATIONAL,Coffee shop|Coffee shop,,true,
ChIJVYwkLwBz-TIRIsNXR7WYeJE,Better Beans Co. - Coffee Roaster (New Location),"Unit 4, Trust Home Depot, Antastic Complex, Quimpo Blvd, Talomo, Davao City",7.053369399999999,125.5979174,"{""mon"":{""kind"":""open"",""open"":""09:00"",""close"":""18:00""},""tue"":{""kind"":""open"",""open"":""09:00"",""close"":""18:00""},""wed"":{""kind"":""open"",""open"":""09:00"",""close"":""18:00""},""thu"":{""kind"":""open"",""open"":""09:00"",""close"":""18:00""},""fri"":{""kind"":""open"",""open"":""09:00"",""close"":""18:00""},""sat"":{""kind"":""open"",""open"":""09:00"",""close"":""18:00""},""sun"":{""kind"":""open"",""open"":""09:00"",""close"":""18:00""}}",,,,,,,OPERATIONAL,Coffee shop|Coffee shop,https://facebook.com/betterbeansco,true,
ChIJn60mNjO3lzMRJK3KguywTg4,Better Half Cafe,"IV Upper Ground, MJAB Building, 220 Tomas Morato Ave, Sacred Heart, Diliman, Quezon City",14.6308013,121.0346745,"{""mon"":{""kind"":""open"",""open"":""10:00"",""close"":""23:00""},""tue"":{""kind"":""open"",""open"":""10:00"",""close"":""23:00""},""wed"":{""kind"":""open"",""open"":""10:00"",""close"":""23:00""},""thu"":{""kind"":""open"",""open"":""10:00"",""close"":""23:00""},""fri"":{""kind"":""open"",""open"":""10:00"",""close"":""00:00""},""sat"":{""kind"":""open"",""open"":""10:00"",""close"":""00:00""},""sun"":{""kind"":""open"",""open"":""10:00"",""close"":""23:00""}}",0927 444 9150,,,,,,OPERATIONAL,Cafe|Cafe,,true,
ChIJ9bx7u7LPlzMRKap91UICUyc,Bitter Momma Coffee Parañaque,"S&M Building, Extension, Better Living Subdivision, 187 Doña Soledad Ave, Parañaque",14.4879029,121.0240779,"{""mon"":{""kind"":""all_day""},""tue"":{""kind"":""all_day""},""wed"":{""kind"":""all_day""},""thu"":{""kind"":""all_day""},""fri"":{""kind"":""all_day""},""sat"":{""kind"":""all_day""},""sun"":{""kind"":""all_day""}}",0927 307 8826,,,,,,OPERATIONAL,Coffee shop|Coffee shop,https://www.facebook.com/bittermomma,true,
ChIJOS2TR6Zt-TIRUPXpQTcflKA,Black Scoop Cafe Matina,"Juna Subdivision, Camachilli St, corner Acacia, Matina, Davao City",7.0617111999999995,125.5968211,"{""mon"":{""kind"":""open"",""open"":""10:00"",""close"":""19:30""},""tue"":{""kind"":""open"",""open"":""10:00"",""close"":""19:30""},""wed"":{""kind"":""open"",""open"":""10:00"",""close"":""19:30""},""thu"":{""kind"":""open"",""open"":""10:00"",""close"":""19:30""},""fri"":{""kind"":""open"",""open"":""10:00"",""close"":""19:30""},""sat"":{""kind"":""open"",""open"":""10:00"",""close"":""19:30""},""sun"":{""kind"":""open"",""open"":""10:00"",""close"":""19:30""}}",,,,,,,OPERATIONAL,Cafe|Cafe,,true,
ChIJu5hVNS5t-TIRUamWmEK8du0,blank space coffee dvo,"3JM7+FXP, Loyola St, Poblacion District, Davao City",7.0837105,125.6149547,"{""mon"":{""kind"":""open"",""open"":""09:00"",""close"":""23:30""},""tue"":{""kind"":""open"",""open"":""09:00"",""close"":""23:30""},""wed"":{""kind"":""open"",""open"":""09:00"",""close"":""23:30""},""thu"":{""kind"":""open"",""open"":""09:00"",""close"":""23:30""},""fri"":{""kind"":""open"",""open"":""09:00"",""close"":""23:30""},""sat"":{""kind"":""open"",""open"":""09:00"",""close"":""23:30""},""sun"":{""kind"":""open"",""open"":""09:00"",""close"":""23:30""}}",,,,,,,OPERATIONAL,Coffee shop|Coffee shop,,true,
ChIJq9PUmlVt-TIRp3kLThRFdMY,Blk21 Cafe,"Blk 21, Lot 17, 3rd street, Guadalupe Village, 13 3rd, Lanang, Davao City",7.106094499999999,125.6398011,"{""mon"":{""kind"":""closed""},""tue"":{""kind"":""open"",""open"":""15:00"",""close"":""21:00""},""wed"":{""kind"":""open"",""open"":""15:00"",""close"":""21:00""},""thu"":{""kind"":""open"",""open"":""15:00"",""close"":""21:00""},""fri"":{""kind"":""open"",""open"":""15:00"",""close"":""21:00""},""sat"":{""kind"":""open"",""open"":""15:00"",""close"":""21:00""},""sun"":{""kind"":""open"",""open"":""12:00"",""close"":""21:00""}}",0966 694 4369,,,,,,OPERATIONAL,Soup restaurant|Soup restaurant|Coffee shop|Singaporean restaurant|Takoyaki restaurant,http://www.facebook.com/blk21cafedavao,true,
ChIJfaKPFivKlzMR_RXJcq5pmsk,blocleaf café,"1850 Del Pilar St, Malate, Manila",14.5704408,120.9837627,"{""mon"":{""kind"":""open"",""open"":""10:00"",""close"":""21:00""},""tue"":{""kind"":""open"",""open"":""10:00"",""close"":""21:00""},""wed"":{""kind"":""open"",""open"":""10:00"",""close"":""21:00""},""thu"":{""kind"":""open"",""open"":""10:00"",""close"":""21:00""},""fri"":{""kind"":""open"",""open"":""10:00"",""close"":""21:00""},""sat"":{""kind"":""open"",""open"":""10:00"",""close"":""21:00""},""sun"":{""kind"":""open"",""open"":""10:00"",""close"":""21:00""}}",,,,,,,OPERATIONAL,Cafe|Cafe|Coffee shop,http://facebook.com/blocleafcafe,true,
ChIJ24ySKWPJlzMR2gdx6OOQ3U0,Blue Lane Coffee Brixton,"Unit 105, Three Brixton building, 3 Brixton St, Pasig",14.572356599999999,121.05766089999999,"{""mon"":{""kind"":""all_day""},""tue"":{""kind"":""all_day""},""wed"":{""kind"":""all_day""},""thu"":{""kind"":""all_day""},""fri"":{""kind"":""all_day""},""sat"":{""kind"":""open"",""open"":""07:00"",""close"":""17:00""},""sun"":{""kind"":""open"",""open"":""07:00"",""close"":""17:00""}}",0954 996 7245,,,,,,OPERATIONAL,Coffee shop|Coffee shop,https://drive.google.com/drive/folders/1dZqI1jw8KN1oYzjh2PRthL5JCENJhGaF?usp=drive_link,true,
ChIJ0UIDiWkN-TIRO5sHWAdM4oo,Blugré Coffee,"3H7W+JM8, Matina Town Square Mc Arthur Hiway, Talomo, Davao City",7.064044,125.59668959999999,"{""mon"":{""kind"":""open"",""open"":""10:00"",""close"":""01:00""},""tue"":{""kind"":""open"",""open"":""10:00"",""close"":""01:00""},""wed"":{""kind"":""open"",""open"":""10:00"",""close"":""01:00""},""thu"":{""kind"":""open"",""open"":""10:00"",""close"":""01:00""},""fri"":{""kind"":""open"",""open"":""10:00"",""close"":""01:00""},""sat"":{""kind"":""open"",""open"":""10:00"",""close"":""01:00""},""sun"":{""kind"":""open"",""open"":""16:00"",""close"":""01:00""}}",,,,,,,OPERATIONAL,Coffee shop|Coffee shop,,true,
ChIJR5i4hrnLlzMRVoOWrAvzeB0,BLVCK CAFE SM by the Bay,"Seaside Blvd, Pasay City",14.535521,120.9790994,"{""mon"":{""kind"":""open"",""open"":""14:00"",""close"":""23:00""},""tue"":{""kind"":""open"",""open"":""14:00"",""close"":""23:00""},""wed"":{""kind"":""open"",""open"":""14:00"",""close"":""23:00""},""thu"":{""kind"":""open"",""open"":""14:00"",""close"":""23:00""},""fri"":{""kind"":""open"",""open"":""14:00"",""close"":""23:00""},""sat"":{""kind"":""open"",""open"":""14:00"",""close"":""23:00""},""sun"":{""kind"":""open"",""open"":""14:00"",""close"":""23:00""}}",,,,,,,OPERATIONAL,Coffee shop|Coffee shop,,true,
ChIJ882sMiKZqTMRTYuITBWCEYQ,Bo's Coffee,"Cebu City, 6000 Cebu",10.3294093,123.9052619,"{""mon"":{""kind"":""open"",""open"":""09:00"",""close"":""02:00""},""tue"":{""kind"":""open"",""open"":""09:00"",""close"":""02:00""},""wed"":{""kind"":""open"",""open"":""09:00"",""close"":""02:00""},""thu"":{""kind"":""open"",""open"":""09:00"",""close"":""02:00""},""fri"":{""kind"":""open"",""open"":""09:00"",""close"":""02:00""},""sat"":{""kind"":""open"",""open"":""09:00"",""close"":""02:00""},""sun"":{""kind"":""open"",""open"":""09:00"",""close"":""02:00""}}",,,,,available,,OPERATIONAL,Coffee shop|Coffee shop,https://www.boscoffee.com/,true,
ChIJk79N1kuZqTMRZtQLduHJr3A,Bo's Coffee,"Osmeña Blvd, Cebu City",10.314584799999999,123.891228,"{""mon"":{""kind"":""open"",""open"":""07:00"",""close"":""00:00""},""tue"":{""kind"":""open"",""open"":""07:00"",""close"":""00:00""},""wed"":{""kind"":""open"",""open"":""07:00"",""close"":""00:00""},""thu"":{""kind"":""open"",""open"":""07:00"",""close"":""00:00""},""fri"":{""kind"":""open"",""open"":""07:00"",""close"":""00:00""},""sat"":{""kind"":""open"",""open"":""07:00"",""close"":""00:00""},""sun"":{""kind"":""open"",""open"":""07:00"",""close"":""00:00""}}",,,,,available,,OPERATIONAL,Coffee shop|Coffee shop,https://www.boscoffee.com/,true,
ChIJWasdOACfqTMRiywfQvdIwM0,Bo's Coffee,"9VCC+67R, Busay, Cebu City",10.370645099999999,123.8705971,,,,,,available,,OPERATIONAL,Coffee shop|Coffee shop,,false,missing_hours
ChIJZdOAVlGZqTMRjqxrS-WzK58,Bo's Coffee,"B. Rodriguez St, Cebu City",10.308429799999999,123.889696,"{""mon"":{""kind"":""open"",""open"":""06:30"",""close"":""00:00""},""tue"":{""kind"":""open"",""open"":""06:30"",""close"":""00:00""},""wed"":{""kind"":""open"",""open"":""06:30"",""close"":""00:00""},""thu"":{""kind"":""open"",""open"":""06:30"",""close"":""00:00""},""fri"":{""kind"":""open"",""open"":""06:30"",""close"":""00:00""},""sat"":{""kind"":""open"",""open"":""06:30"",""close"":""00:00""},""sun"":{""kind"":""open"",""open"":""06:30"",""close"":""00:00""}}",0961 598 9477,,,,available,,OPERATIONAL,Coffee shop|Coffee shop,,true,
ChIJmWwpegDJlzMRWkOdavj3q2Q,Bo’s Coffee (Asian Development Bank),"H3P5+X4P, Bank Dr, Ortigas Center, Mandaluyong City",14.587401799999999,121.0578891,,,,,,,,OPERATIONAL,Coffee shop|Coffee shop,,false,missing_hours
ChIJby8JlJCYqTMRm-KxFzUQGXo,Bo's Coffee (Banilad Town Center),"124, Banilad Town Centre, North arcade, Cebu City",10.3413193,123.9124631,"{""mon"":{""kind"":""open"",""open"":""06:30"",""close"":""01:00""},""tue"":{""kind"":""open"",""open"":""06:30"",""close"":""01:00""},""wed"":{""kind"":""open"",""open"":""06:30"",""close"":""01:00""},""thu"":{""kind"":""open"",""open"":""06:30"",""close"":""01:00""},""fri"":{""kind"":""open"",""open"":""06:30"",""close"":""02:00""},""sat"":{""kind"":""open"",""open"":""06:30"",""close"":""02:00""},""sun"":{""kind"":""open"",""open"":""06:30"",""close"":""01:00""}}",,,,,available,,OPERATIONAL,Coffee shop|Coffee shop,https://www.boscoffee.com/,true,
ChIJa1PMgSaZqTMROqfQmZGR7Eo,Bo's Coffee (Casa Gorordo),"35 Eduardo Aboitiz St, Cebu City",10.300016,123.9049821,"{""mon"":{""kind"":""open"",""open"":""07:00"",""close"":""19:00""},""tue"":{""kind"":""open"",""open"":""07:00"",""close"":""19:00""},""wed"":{""kind"":""open"",""open"":""07:00"",""close"":""19:00""},""thu"":{""kind"":""open"",""open"":""07:00"",""close"":""19:00""},""fri"":{""kind"":""open"",""open"":""07:00"",""close"":""19:00""},""sat"":{""kind"":""open"",""open"":""07:00"",""close"":""19:00""},""sun"":{""kind"":""open"",""open"":""08:00"",""close"":""19:00""}}",,,,,available,,OPERATIONAL,Coffee shop|Coffee shop,,true,
ChIJRf6EDR24lzMRrtUT3UoNu3c,Bo's Coffee (Eastwood),"Eastwood Legrand Tower 3, Bagumbayan, Quezon City",14.6081753,121.08093149999999,"{""mon"":{""kind"":""open"",""open"":""06:30"",""close"":""03:00""},""tue"":{""kind"":""open"",""open"":""06:30"",""close"":""03:00""},""wed"":{""kind"":""open"",""open"":""06:30"",""close"":""03:00""},""thu"":{""kind"":""open"",""open"":""06:30"",""close"":""03:00""},""fri"":{""kind"":""open"",""open"":""06:30"",""close"":""03:00""},""sat"":{""kind"":""open"",""open"":""06:30"",""close"":""03:00""},""sun"":{""kind"":""open"",""open"":""08:00"",""close"":""00:00""}}",,,,,,,OPERATIONAL,Cafe|Cafe,https://www.boscoffee.com/,true,
ChIJj4NXuk-ZqTMRjhPLIrCcnRM,Bo's Coffee (Raintree),"Raintree Mall, 6000 528 F. Ramos St, Cebu City",10.309087,123.89514199999999,"{""mon"":{""kind"":""all_day""},""tue"":{""kind"":""all_day""},""wed"":{""kind"":""all_day""},""thu"":{""kind"":""all_day""},""fri"":{""kind"":""all_day""},""sat"":{""kind"":""all_day""},""sun"":{""kind"":""all_day""}}",,,,,available,,OPERATIONAL,Cafe|Cafe|Coffee shop,https://www.boscoffee.com/,true,
ChIJU_JWUc-fqTMRr3v5WT2Lc2M,Bo's Coffee Banawa,"R. Duterte St, Cebu City",10.3139451,123.88100879999999,"{""mon"":{""kind"":""open"",""open"":""07:00"",""close"":""23:00""},""tue"":{""kind"":""open"",""open"":""07:00"",""close"":""23:00""},""wed"":{""kind"":""open"",""open"":""07:00"",""close"":""23:00""},""thu"":{""kind"":""open"",""open"":""07:00"",""close"":""23:00""},""fri"":{""kind"":""open"",""open"":""07:00"",""close"":""23:00""},""sat"":{""kind"":""open"",""open"":""07:00"",""close"":""23:00""},""sun"":{""kind"":""open"",""open"":""07:00"",""close"":""23:00""}}",,,,,available,,OPERATIONAL,Coffee shop|Coffee shop,,true,
ChIJA9rfAQC3lzMRiU2ve3qqGfE,Bo's Coffee Bistro,"1st Floor, GH Mall, Ortigas Ave, San Juan City",14.6020331,121.0484345,,,,,,,,OPERATIONAL,Coffee shop|Coffee shop,,false,missing_hours
ChIJy9ZDc3yZqTMRb2ov1p2H2v8,Bo's Coffee Primo,"G/F, Ayala Center, Central Bloc, W Geonzon St, Cebu City",10.331044,123.90667029999999,"{""mon"":{""kind"":""open"",""open"":""07:00"",""close"":""00:00""},""tue"":{""kind"":""open"",""open"":""07:00"",""close"":""00:00""},""wed"":{""kind"":""open"",""open"":""07:00"",""close"":""00:00""},""thu"":{""kind"":""open"",""open"":""07:00"",""close"":""00:00""},""fri"":{""kind"":""open"",""open"":""07:00"",""close"":""00:00""},""sat"":{""kind"":""open"",""open"":""07:00"",""close"":""00:00""},""sun"":{""kind"":""open"",""open"":""07:00"",""close"":""00:00""}}",,,,,available,,OPERATIONAL,Coffee shop|Coffee shop|Coffee store,https://www.boscoffee.com/,true,
ChIJg-cDZ9XPlzMR4Rh66yEcmx0,Bold Bean Brew,"8B, Ext, 4B Doña Soledad Ave, Parañaque",14.487187299999999,121.0267574,"{""mon"":{""kind"":""open"",""open"":""12:00"",""close"":""22:00""},""tue"":{""kind"":""open"",""open"":""12:00"",""close"":""22:00""},""wed"":{""kind"":""open"",""open"":""12:00"",""close"":""22:00""},""thu"":{""kind"":""open"",""open"":""12:00"",""close"":""22:00""},""fri"":{""kind"":""open"",""open"":""12:00"",""close"":""00:00""},""sat"":{""kind"":""open"",""open"":""12:00"",""close"":""00:00""},""sun"":{""kind"":""open"",""open"":""12:00"",""close"":""22:00""}}",0976 052 1983,,,,,,OPERATIONAL,Coffee shop|Coffee shop,,true,
ChIJ3YiQrBbJlzMR_3plBxBP7ss,BREAK and BREW by: Kape Urban,"731 Sgt. Bumatay, Mandaluyong, Mandaluyong City",14.5749272,121.0343717,"{""mon"":{""kind"":""open"",""open"":""15:30"",""close"":""03:00""},""tue"":{""kind"":""open"",""open"":""15:30"",""close"":""03:00""},""wed"":{""kind"":""open"",""open"":""15:30"",""close"":""03:00""},""thu"":{""kind"":""open"",""open"":""15:30"",""close"":""03:00""},""fri"":{""kind"":""open"",""open"":""15:30"",""close"":""03:00""},""sat"":{""kind"":""open"",""open"":""15:30"",""close"":""03:00""},""sun"":{""kind"":""open"",""open"":""15:30"",""close"":""03:00""}}",,,,,,,OPERATIONAL,Coffee shop|Coffee shop|Pool hall|Restaurant,,true,
ChIJC2NvQEJt-TIRbcqG6JSbrFc,Breve Coffee & Matcha Davao,"49 Lacson Street, Brgy. Obrero, Obrero, Davao City",7.0877893,125.6153363,"{""mon"":{""kind"":""open"",""open"":""00:00"",""close"":""22:00""},""tue"":{""kind"":""open"",""open"":""12:00"",""close"":""22:00""},""wed"":{""kind"":""open"",""open"":""12:00"",""close"":""22:00""},""thu"":{""kind"":""open"",""open"":""12:00"",""close"":""22:00""},""fri"":{""kind"":""open"",""open"":""11:00"",""close"":""23:00""},""sat"":{""kind"":""open"",""open"":""11:00"",""close"":""23:00""},""sun"":{""kind"":""open"",""open"":""11:00"",""close"":""23:00""}}",0919 612 9087,,,,,,OPERATIONAL,Coffee shop|Coffee shop,https://www.facebook.com/p/Brev%C3%A9-Coffee-Matcha-Davao-61587768651181/,true,
ChIJb5-UPV2ZqTMRFa6hWQgEqf4,Brevk coffee,"233 Pres. Quirino St, Kasambagan, Cebu City",10.326308,123.9131007,,0977 271 2903,,,,,,OPERATIONAL,Coffee shop|Coffee shop,https://www.instagram.com/brevk.coffee,false,missing_hours
ChIJMYaxSDibqTMR6WazOVKvidY,BREVVY COFFEE,"Bldg. (across USJ-R QUAD, JEV Arcade, Colon St, Cebu City",10.295488299999999,123.8959859,"{""mon"":{""kind"":""open"",""open"":""10:00"",""close"":""20:30""},""tue"":{""kind"":""open"",""open"":""10:00"",""close"":""20:30""},""wed"":{""kind"":""open"",""open"":""10:00"",""close"":""20:30""},""thu"":{""kind"":""open"",""open"":""10:00"",""close"":""20:30""},""fri"":{""kind"":""open"",""open"":""10:00"",""close"":""20:30""},""sat"":{""kind"":""open"",""open"":""10:00"",""close"":""20:30""},""sun"":{""kind"":""open"",""open"":""11:30"",""close"":""18:30""}}",0916 560 6746,,,,,,OPERATIONAL,Cafe|Cafe,https://www.facebook.com/share/17JMCrFmPk/?mibextid=wwXIfr,true,
ChIJCVkDeFZt-TIRDLLJpUW8dIM,Brew and Cinnamon Cafe,"Door 1 Ramona Building , 1st Street, Guadalupe Ave, Lanang, Davao City",7.1031857,125.63897379999999,"{""mon"":{""kind"":""open"",""open"":""15:00"",""close"":""00:00""},""tue"":{""kind"":""open"",""open"":""12:00"",""close"":""00:00""},""wed"":{""kind"":""open"",""open"":""12:00"",""close"":""00:00""},""thu"":{""kind"":""open"",""open"":""12:00"",""close"":""00:00""},""fri"":{""kind"":""open"",""open"":""12:00"",""close"":""00:00""},""sat"":{""kind"":""open"",""open"":""12:00"",""close"":""00:00""},""sun"":{""kind"":""open"",""open"":""12:00"",""close"":""00:00""}}",0919 436 5858,,,,,,OPERATIONAL,Cafe|Cafe,,true,
ChIJw4GgCQC5lzMRXvaVU73-sM0,Brew Code Marikina,"50 Gen. B. G. Molina, Marikina",14.6568346,121.10674859999999,,,,,,,,OPERATIONAL,Coffee shop|Coffee shop,,false,missing_hours
ChIJEz4T8B7JlzMRCWkTkwk6PXs,Brew In The Queue,"5075 P Burgos St, Poblacion, Makati City",14.566374399999999,121.0311419,"{""mon"":{""kind"":""open"",""open"":""09:00"",""close"":""02:00""},""tue"":{""kind"":""open"",""open"":""09:00"",""close"":""02:00""},""wed"":{""kind"":""open"",""open"":""09:00"",""close"":""02:00""},""thu"":{""kind"":""open"",""open"":""09:00"",""close"":""02:00""},""fri"":{""kind"":""open"",""open"":""10:00"",""close"":""03:00""},""sat"":{""kind"":""open"",""open"":""10:00"",""close"":""03:00""},""sun"":{""kind"":""open"",""open"":""09:00"",""close"":""02:00""}}",0915 568 2207,,,,,,OPERATIONAL,Coffee shop|Coffee shop,https://www.facebook.com/BrewInTheQueue/,true,
ChIJEzfmdABt-TIRfJN4koPJADw,Brew Lane Café,"Cva Building, J.P. Laurel Ave, Poblacion District, Davao City",7.0753549,125.6127757,"{""mon"":{""kind"":""open"",""open"":""09:00"",""close"":""00:00""},""tue"":{""kind"":""open"",""open"":""09:00"",""close"":""00:00""},""wed"":{""kind"":""open"",""open"":""09:00"",""close"":""00:00""},""thu"":{""kind"":""open"",""open"":""09:00"",""close"":""00:00""},""fri"":{""kind"":""open"",""open"":""09:00"",""close"":""00:00""},""sat"":{""kind"":""open"",""open"":""09:00"",""close"":""00:00""},""sun"":{""kind"":""open"",""open"":""09:00"",""close"":""00:00""}}",0977 704 5323,,,,,,OPERATIONAL,Coffee shop|Coffee shop,,true,
ChIJV2MCh02ZqTMRGJc6tGPMoH4,"Brewed Delights - Mabolo, Cebu","Corner M.J. Cuenco Avenue and, Pope John Paul II Ave, Cebu City",10.314497,123.91490089999999,"{""mon"":{""kind"":""all_day""},""tue"":{""kind"":""all_day""},""wed"":{""kind"":""all_day""},""thu"":{""kind"":""all_day""},""fri"":{""kind"":""all_day""},""sat"":{""kind"":""all_day""},""sun"":{""kind"":""all_day""}}",0976 185 4960,available,,,,available,OPERATIONAL,Cafe|Cafe,https://utak.io/store/breweddelights_mabolo,true,
ChIJjfeAlGjJlzMRjpbrab4IeKY,Brewhas Coffee,"454C Boni Ave, Mandaluyong City",14.583440699999999,121.0280114,"{""mon"":{""kind"":""open"",""open"":""13:00"",""close"":""21:00""},""tue"":{""kind"":""open"",""open"":""13:00"",""close"":""21:00""},""wed"":{""kind"":""open"",""open"":""13:00"",""close"":""21:00""},""thu"":{""kind"":""open"",""open"":""13:00"",""close"":""21:00""},""fri"":{""kind"":""open"",""open"":""13:00"",""close"":""21:00""},""sat"":{""kind"":""open"",""open"":""13:00"",""close"":""21:00""},""sun"":{""kind"":""closed""}}",0917 147 6641,,,,,,OPERATIONAL,Coffee shop|Coffee shop|Cafe,https://brewhascoffeehouse.com/,true,
ChIJSRc1WwCZqTMRXWV_mMxqmPI,Brewlab Cafe,"Talamban, Cebu City, 6000 Cebu",10.3542296,123.91462589999999,"{""mon"":{""kind"":""open"",""open"":""07:00"",""close"":""23:00""},""tue"":{""kind"":""open"",""open"":""07:00"",""close"":""23:00""},""wed"":{""kind"":""open"",""open"":""07:00"",""close"":""23:00""},""thu"":{""kind"":""open"",""open"":""07:00"",""close"":""23:00""},""fri"":{""kind"":""open"",""open"":""07:00"",""close"":""23:00""},""sat"":{""kind"":""open"",""open"":""07:00"",""close"":""23:00""},""sun"":{""kind"":""open"",""open"":""07:00"",""close"":""23:00""}}",,,,,,,OPERATIONAL,Coffee shop|Coffee shop,https://www.facebook.com/profile.php?id=61575204525758&mibextid=wwXIfr&mibextid=wwXIfr,true,
ChIJ78HdPR-ZqTMRUzOWYPkLt1M,Brews&Crafts,"Gagfa Building, F. Cabahug St, Cebu City",10.3254327,123.9200061,"{""mon"":{""kind"":""all_day""},""tue"":{""kind"":""all_day""},""wed"":{""kind"":""all_day""},""thu"":{""kind"":""all_day""},""fri"":{""kind"":""all_day""},""sat"":{""kind"":""open"",""open"":""07:00"",""close"":""22:00""},""sun"":{""kind"":""closed""}}",,,,,available,,OPERATIONAL,Cafe|Cafe,http://www.brewscrafts.com/,true,
ChIJ3-JbdwBt-TIRL6bURalBlp8,BrewWay Coffee Co. - Durian Hotel,"3JQ6+84W Durian Hotel, Bajada, Davao City",7.0883563,125.61031369999999,"{""mon"":{""kind"":""open"",""open"":""20:00"",""close"":""03:00""},""tue"":{""kind"":""open"",""open"":""20:00"",""close"":""03:00""},""wed"":{""kind"":""open"",""open"":""20:00"",""close"":""03:00""},""thu"":{""kind"":""open"",""open"":""20:00"",""close"":""03:00""},""fri"":{""kind"":""open"",""open"":""20:00"",""close"":""03:00""},""sat"":{""kind"":""open"",""open"":""20:00"",""close"":""03:00""},""sun"":{""kind"":""open"",""open"":""20:00"",""close"":""03:00""}}",0924 381 9124,,,,,,OPERATIONAL,Coffee shop|Coffee shop,https://www.facebook.com/share/1SarLFucFq/?mibextid=wwXIfr,true,
ChIJ6xjYfq2ZqTMRjBMZbQxzhKw,Brick & Brew Cafe,"Gov. M. Cuenco Ave, Talamban, Cebu City",10.362928199999999,123.91527939999999,,0915 665 4081,available,,,available,,OPERATIONAL,Coffee store|Coffee store|Box lunch supplier|Cafe|Catering food and drink supplier|Caterer|Coffee shop|Dessert shop|Delivery Restaurant|Mobile caterer,https://www.facebook.com/Brickandbrewph/,false,missing_hours
ChIJSf2OyNPHlzMR08Cc-IzcEnc,BRM. CAFE - PASIG,"Brgy, 369 Dr. Sixto Antonio Ave., Maybunga, Pasig",14.5810222,121.08300419999999,"{""mon"":{""kind"":""all_day""},""tue"":{""kind"":""all_day""},""wed"":{""kind"":""all_day""},""thu"":{""kind"":""all_day""},""fri"":{""kind"":""all_day""},""sat"":{""kind"":""all_day""},""sun"":{""kind"":""all_day""}}",,,,,,,OPERATIONAL,Coffee shop|Coffee shop,https://www.facebook.com/BRMCOFFEE/,true,
ChIJDfsGRgDJlzMRwb5863pXlwg,Budhaus Cafe by Skincarebud,"Lel building, Makati City",14.5673333,121.0393185,"{""mon"":{""kind"":""open"",""open"":""07:00"",""close"":""02:00""},""tue"":{""kind"":""open"",""open"":""07:00"",""close"":""02:00""},""wed"":{""kind"":""open"",""open"":""07:00"",""close"":""02:00""},""thu"":{""kind"":""open"",""open"":""07:00"",""close"":""02:00""},""fri"":{""kind"":""open"",""open"":""07:00"",""close"":""02:00""},""sat"":{""kind"":""open"",""open"":""07:00"",""close"":""02:00""},""sun"":{""kind"":""open"",""open"":""07:00"",""close"":""02:00""}}",0956 358 1001,,,,,,OPERATIONAL,Coffee shop|Coffee shop,https://www.instagram.com/budhausclub/,true,
ChIJ0b_3sfS3lzMR_PMCp6hDdxs,BULAN Kitchen and Cafe,"100-A, 100 Sct. Dr. Lazcano St, Diliman, Quezon City",14.6306414,121.03367259999999,"{""mon"":{""kind"":""open"",""open"":""10:00"",""close"":""00:00""},""tue"":{""kind"":""open"",""open"":""10:00"",""close"":""00:00""},""wed"":{""kind"":""open"",""open"":""10:00"",""close"":""00:00""},""thu"":{""kind"":""open"",""open"":""10:00"",""close"":""00:00""},""fri"":{""kind"":""open"",""open"":""10:00"",""close"":""00:00""},""sat"":{""kind"":""open"",""open"":""10:00"",""close"":""00:00""},""sun"":{""kind"":""open"",""open"":""10:00"",""close"":""00:00""}}",0917 677 0607,,,,,,OPERATIONAL,Cafe|Cafe|Coffee shop|Restaurant,,true,
ChIJz7KO5Bu3lzMR21EjjoTn6zA,"But First, Coffee - NFT Araneta Cubao","24 General Roxas Ave, Cubao, Quezon City",14.6219959,121.0537986,"{""mon"":{""kind"":""open"",""open"":""07:00"",""close"":""22:00""},""tue"":{""kind"":""open"",""open"":""07:00"",""close"":""22:00""},""wed"":{""kind"":""open"",""open"":""07:00"",""close"":""22:00""},""thu"":{""kind"":""open"",""open"":""07:00"",""close"":""22:00""},""fri"":{""kind"":""open"",""open"":""07:00"",""close"":""22:00""},""sat"":{""kind"":""open"",""open"":""07:00"",""close"":""22:00""},""sun"":{""kind"":""open"",""open"":""07:00"",""close"":""22:00""}}",,,,,,,OPERATIONAL,Coffee shop|Coffee shop,,true,
ChIJB1WwNnjRlzMRCsc3KGRBBmM,"But First, Coffee (BFC) - Festival Mall Alabang","Alabang, Muntinlupa, 1780 Metro Manila",14.4160498,121.0417308,"{""mon"":{""kind"":""open"",""open"":""15:00"",""close"":""05:00""},""tue"":{""kind"":""open"",""open"":""15:00"",""close"":""05:00""},""wed"":{""kind"":""open"",""open"":""15:00"",""close"":""05:00""},""thu"":{""kind"":""open"",""open"":""15:00"",""close"":""05:00""},""fri"":{""kind"":""open"",""open"":""15:00"",""close"":""05:00""},""sat"":{""kind"":""open"",""open"":""15:00"",""close"":""05:00""},""sun"":{""kind"":""open"",""open"":""15:00"",""close"":""05:00""}}",0915 057 8667,,,,,,OPERATIONAL,Coffee shop|Coffee shop,,true,
ChIJiSzXGgCZqTMR5Qwm1jy_dIg,"But First, Coffee (BFC) - Jones","Unit 102, Coco Mall, Osmeña Blvd, Cebu City",10.3126927,123.89233139999999,,,,,,,,OPERATIONAL,Coffee shop|Coffee shop,,false,missing_hours
ChIJOz6KAwC3lzMRVMROEENfZQU,"But First, Coffee (BFC) - Katipunan","Unit CU-1 Ground Floor, Prince David Condominium, 305 Katipunan Ave, Loyola Heights, Quezon City",14.637651499999999,121.07415759999999,"{""mon"":{""kind"":""open"",""open"":""07:00"",""close"":""22:00""},""tue"":{""kind"":""open"",""open"":""07:00"",""close"":""22:00""},""wed"":{""kind"":""open"",""open"":""07:00"",""close"":""22:00""},""thu"":{""kind"":""open"",""open"":""07:00"",""close"":""22:00""},""fri"":{""kind"":""open"",""open"":""07:00"",""close"":""22:00""},""sat"":{""kind"":""open"",""open"":""07:00"",""close"":""22:00""},""sun"":{""kind"":""open"",""open"":""07:00"",""close"":""22:00""}}",,,,,,,OPERATIONAL,Coffee shop|Coffee shop,,true,
ChIJMfT9GMa5lzMRJ0KQ9WkHtzs,"But First, Coffee (BFC) - Marikina","One East Complex, 001 Gen. Ordoñez St, Marikina Heights (Concepcion), Marikina",14.6502229,121.1117469,"{""mon"":{""kind"":""open"",""open"":""07:00"",""close"":""21:30""},""tue"":{""kind"":""open"",""open"":""07:00"",""close"":""21:30""},""wed"":{""kind"":""open"",""open"":""07:00"",""close"":""21:30""},""thu"":{""kind"":""open"",""open"":""07:00"",""close"":""21:30""},""fri"":{""kind"":""open"",""open"":""07:00"",""close"":""21:30""},""sat"":{""kind"":""open"",""open"":""07:00"",""close"":""21:30""},""sun"":{""kind"":""open"",""open"":""07:00"",""close"":""21:30""}}",0966 213 9033,,,,,,OPERATIONAL,Coffee shop|Coffee shop,https://www.facebook.com/butfirstcoffeemarikina,true,
ChIJ4ebycgDJlzMREO_z0_Z5nE0,"But First, Coffee (BFC) - Ortigas Technopoint","Unit G-19, near Plunge Dive Club Ortigas, Technopoint Parking Bldg, 1 Doña Julia Vargas Ave, Ortigas Center, Pasig",14.585323599999999,121.0665573,"{""mon"":{""kind"":""open"",""open"":""08:00"",""close"":""00:00""},""tue"":{""kind"":""all_day""},""wed"":{""kind"":""all_day""},""thu"":{""kind"":""all_day""},""fri"":{""kind"":""all_day""},""sat"":{""kind"":""all_day""},""sun"":{""kind"":""open"",""open"":""00:00"",""close"":""09:30""}}",0956 213 1915,,,,,,OPERATIONAL,Coffee shop|Coffee shop,,true,
ChIJ_44pfQC3lzMRnyotsKC5az0,"But First, Coffee (BFC) - Spark Place Cubao","Unit 109, Spark Place, P. Tuazon, corner 10th Ave, Cubao, Quezon City",14.6178961,121.0566906,,0976 039 3321,,,,,,OPERATIONAL,Coffee shop|Coffee shop,,false,unsupported_hours
ChIJ3Y2HcgC3lzMR0Cq5OqAk9eY,Cà Phê Xanh - Tomas Morato,"84 Sct. Fernandez St, Diliman, Quezon City",14.632738,121.03433749999999,"{""mon"":{""kind"":""open"",""open"":""10:00"",""close"":""00:00""},""tue"":{""kind"":""open"",""open"":""10:00"",""close"":""00:00""},""wed"":{""kind"":""open"",""open"":""10:00"",""close"":""00:00""},""thu"":{""kind"":""open"",""open"":""10:00"",""close"":""00:00""},""fri"":{""kind"":""open"",""open"":""10:00"",""close"":""00:00""},""sat"":{""kind"":""open"",""open"":""10:00"",""close"":""00:00""},""sun"":{""kind"":""open"",""open"":""10:00"",""close"":""00:00""}}",,,,,,,OPERATIONAL,Coffee shop|Coffee shop,,true,
ChIJgcyoXsnJlzMRI56thZiF268,Cache Coffee & Cocktails,"206-A Parc Chateau Condominium Onyx Road, cor Sapphire Rd, San Antonio, Ortigas Center, Pasig",14.586406199999999,121.06295349999999,"{""mon"":{""kind"":""open"",""open"":""08:00"",""close"":""23:00""},""tue"":{""kind"":""open"",""open"":""08:00"",""close"":""23:00""},""wed"":{""kind"":""open"",""open"":""08:00"",""close"":""23:00""},""thu"":{""kind"":""open"",""open"":""08:00"",""close"":""23:00""},""fri"":{""kind"":""open"",""open"":""08:00"",""close"":""00:00""},""sat"":{""kind"":""open"",""open"":""08:00"",""close"":""00:00""},""sun"":{""kind"":""open"",""open"":""08:00"",""close"":""23:00""}}",0909 260 6654,,,,,,OPERATIONAL,Cafe|Cafe|Cocktail bar|Coffee shop|Restaurant,https://instagram.com/cachecoffeecocktails,true,
ChIJOwQSwfO3lzMRLnqzyCJ8P9Q,Caerus Specialty Coffee + Bistro,"26A Sct. Torillo St, Diliman, Quezon City",14.6318249,121.0370154,"{""mon"":{""kind"":""open"",""open"":""08:00"",""close"":""23:00""},""tue"":{""kind"":""open"",""open"":""08:00"",""close"":""23:00""},""wed"":{""kind"":""open"",""open"":""08:00"",""close"":""23:00""},""thu"":{""kind"":""open"",""open"":""08:00"",""close"":""23:00""},""fri"":{""kind"":""open"",""open"":""08:00"",""close"":""23:00""},""sat"":{""kind"":""open"",""open"":""08:00"",""close"":""23:00""},""sun"":{""kind"":""open"",""open"":""07:00"",""close"":""23:00""}}",0917 722 3787,,,,,,OPERATIONAL,Cafe|Cafe|Bistro|Restaurant,http://www.caeruscoffee.com/,true,
ChIJY0-9dYrJlzMRSKE6dP3MtMY,CAFE 32ND ST,"Menarco tower, 32nd St, Post Proper Northside, Taguig",14.5531253,121.0527611,"{""mon"":{""kind"":""open"",""open"":""07:00"",""close"":""01:00""},""tue"":{""kind"":""open"",""open"":""07:00"",""close"":""01:00""},""wed"":{""kind"":""open"",""open"":""07:00"",""close"":""01:00""},""thu"":{""kind"":""open"",""open"":""07:00"",""close"":""01:00""},""fri"":{""kind"":""open"",""open"":""07:00"",""close"":""02:00""},""sat"":{""kind"":""open"",""open"":""10:00"",""close"":""02:00""},""sun"":{""kind"":""open"",""open"":""10:00"",""close"":""00:00""}}",0956 996 7638,,,,,,OPERATIONAL,Coffee shop|Coffee shop,https://cafe32ndst.netlify.app/#top,true,
ChIJF42fdgDPlzMR1etUA-BSpdI,Cafe 408 BF Homes Paranaque,"Unit 1C, Chloe Center, 162 Aguirre Ave, Parañaque",14.4503784,121.01878549999999,"{""mon"":{""kind"":""open"",""open"":""11:00"",""close"":""23:00""},""tue"":{""kind"":""open"",""open"":""11:00"",""close"":""23:00""},""wed"":{""kind"":""open"",""open"":""10:00"",""close"":""01:00""},""thu"":{""kind"":""open"",""open"":""10:00"",""close"":""01:00""},""fri"":{""kind"":""open"",""open"":""10:00"",""close"":""01:00""},""sat"":{""kind"":""open"",""open"":""10:00"",""close"":""01:00""},""sun"":{""kind"":""open"",""open"":""10:00"",""close"":""01:00""}}",,,,,,,OPERATIONAL,Coffee shop|Coffee shop|Cafe|Restaurant,https://www.instagram.com/cafe408_,true,
ChIJSY_3YQC3lzMR1nrMOZwbqdU,Café 41 MNL,"176 Dr.Alejos, La Loma, Quezon City",14.6272527,120.99325909999999,"{""mon"":{""kind"":""open"",""open"":""07:00"",""close"":""02:00""},""tue"":{""kind"":""open"",""open"":""07:00"",""close"":""02:00""},""wed"":{""kind"":""open"",""open"":""07:00"",""close"":""02:00""},""thu"":{""kind"":""open"",""open"":""07:00"",""close"":""02:00""},""fri"":{""kind"":""open"",""open"":""07:00"",""close"":""02:00""},""sat"":{""kind"":""open"",""open"":""07:00"",""close"":""00:00""},""sun"":{""kind"":""open"",""open"":""16:00"",""close"":""00:00""}}",,,,,,,OPERATIONAL,Coffee shop|Coffee shop,https://www.facebook.com/Cafe41Manila,true,
ChIJxStLWnG3lzMRHmOyc8qzlN0,Cafe Amigos,"353 N. Domingo St., San Juan City",14.6108639,121.0312905,"{""mon"":{""kind"":""open"",""open"":""11:00"",""close"":""21:30""},""tue"":{""kind"":""open"",""open"":""11:00"",""close"":""21:30""},""wed"":{""kind"":""open"",""open"":""11:00"",""close"":""21:30""},""thu"":{""kind"":""open"",""open"":""11:00"",""close"":""21:30""},""fri"":{""kind"":""open"",""open"":""11:00"",""close"":""21:30""},""sat"":{""kind"":""open"",""open"":""11:00"",""close"":""21:30""},""sun"":{""kind"":""open"",""open"":""11:00"",""close"":""21:30""}}",,,,,,,OPERATIONAL,Coffee shop|Coffee shop,,true,
ChIJZZRKcwDJlzMRSHiGPMLPorQ,Café Antonio Luna,"15 Justice Ramon Jabson, Pasig",14.5592969,121.07624399999999,"{""mon"":{""kind"":""open"",""open"":""09:00"",""close"":""00:00""},""tue"":{""kind"":""open"",""open"":""09:00"",""close"":""00:00""},""wed"":{""kind"":""open"",""open"":""09:00"",""close"":""00:00""},""thu"":{""kind"":""open"",""open"":""09:00"",""close"":""00:00""},""fri"":{""kind"":""open"",""open"":""09:00"",""close"":""02:00""},""sat"":{""kind"":""open"",""open"":""09:00"",""close"":""02:00""},""sun"":{""kind"":""open"",""open"":""09:00"",""close"":""21:00""}}",,,,,,,OPERATIONAL,Coffee shop|Coffee shop,,true,
ChIJx7ZYPhDKlzMRrRvvqMRNa2s,Cafe Aquatica,"619 Norberto Ty St, Binondo, Manila",14.600434799999999,120.9744995,"{""mon"":{""kind"":""open"",""open"":""10:00"",""close"":""19:00""},""tue"":{""kind"":""open"",""open"":""10:00"",""close"":""19:00""},""wed"":{""kind"":""open"",""open"":""10:00"",""close"":""19:00""},""thu"":{""kind"":""open"",""open"":""10:00"",""close"":""19:00""},""fri"":{""kind"":""open"",""open"":""10:00"",""close"":""20:00""},""sat"":{""kind"":""open"",""open"":""10:00"",""close"":""20:00""},""sun"":{""kind"":""open"",""open"":""10:00"",""close"":""20:00""}}",,,,,,,OPERATIONAL,Restaurant|Restaurant|Cafe,,true,
ChIJGwrNHwDPlzMRU2W3hZpSLkc,Cafe Bada,"The Edge Bldg, CAA Rd, Las Piñas",14.454588999999999,120.993929,"{""mon"":{""kind"":""open"",""open"":""10:00"",""close"":""21:00""},""tue"":{""kind"":""open"",""open"":""10:00"",""close"":""21:00""},""wed"":{""kind"":""open"",""open"":""10:00"",""close"":""21:00""},""thu"":{""kind"":""open"",""open"":""10:00"",""close"":""21:00""},""fri"":{""kind"":""open"",""open"":""10:00"",""close"":""23:00""},""sat"":{""kind"":""open"",""open"":""10:00"",""close"":""23:00""},""sun"":{""kind"":""open"",""open"":""10:00"",""close"":""23:00""}}",0961 921 1534,,,,,,OPERATIONAL,Coffee shop|Coffee shop,https://www.facebook.com/CafeBadaPh,true,
ChIJRanyoZWZqTMRAmAxkOSqbio,Cafe Barrio House - Talamban,"La Citadella (Outside the Entrance, Kadauhan Road, Cebu City",10.3660166,123.9214878,"{""mon"":{""kind"":""open"",""open"":""09:00"",""close"":""00:00""},""tue"":{""kind"":""open"",""open"":""09:00"",""close"":""00:00""},""wed"":{""kind"":""open"",""open"":""09:00"",""close"":""00:00""},""thu"":{""kind"":""open"",""open"":""09:00"",""close"":""00:00""},""fri"":{""kind"":""open"",""open"":""09:00"",""close"":""00:00""},""sat"":{""kind"":""open"",""open"":""08:00"",""close"":""00:00""},""sun"":{""kind"":""open"",""open"":""08:00"",""close"":""00:00""}}",0998 901 8400,,,,available,,OPERATIONAL,Cafe|Cafe,https://facebook.com/CafeBarrioHouseTalamban,true,
ChIJXWKddEUN-TIRpWw4cPp9-Go,Cafe Basilico,"Crossing Bayabas, Toril, Davao City",7.0229801,125.4964433,"{""mon"":{""kind"":""open"",""open"":""11:00"",""close"":""22:00""},""tue"":{""kind"":""open"",""open"":""11:00"",""close"":""22:00""},""wed"":{""kind"":""open"",""open"":""11:00"",""close"":""22:00""},""thu"":{""kind"":""open"",""open"":""11:00"",""close"":""22:00""},""fri"":{""kind"":""open"",""open"":""11:00"",""close"":""22:00""},""sat"":{""kind"":""open"",""open"":""11:00"",""close"":""22:00""},""sun"":{""kind"":""open"",""open"":""11:00"",""close"":""22:00""}}",0960 267 0196,,,,,,OPERATIONAL,Coffee shop|Coffee shop,,true,
ChIJV1MVMuKbqTMRO6NMokiOiu4,Cafe de Colon,"J Luna Street Osmeña Boulivard, Mabolo, Cebu City",10.2947802,123.9013537,"{""mon"":{""kind"":""open"",""open"":""09:00"",""close"":""21:00""},""tue"":{""kind"":""open"",""open"":""09:00"",""close"":""21:00""},""wed"":{""kind"":""open"",""open"":""09:00"",""close"":""21:00""},""thu"":{""kind"":""open"",""open"":""09:00"",""close"":""21:00""},""fri"":{""kind"":""open"",""open"":""09:00"",""close"":""21:00""},""sat"":{""kind"":""open"",""open"":""09:00"",""close"":""21:00""},""sun"":{""kind"":""open"",""open"":""09:00"",""close"":""21:00""}}",,,,,,,OPERATIONAL,Coffee shop|Coffee shop,,true,
ChIJjWFKKgCxlzMR09L7ZQf5ujg,Cafe de Melle,"P2R8+85R, Kabatuhan, Barangay 168, Caloocan",14.7408483,121.01533699999999,"{""mon"":{""kind"":""open"",""open"":""09:00"",""close"":""00:00""},""tue"":{""kind"":""open"",""open"":""09:00"",""close"":""00:00""},""wed"":{""kind"":""open"",""open"":""09:00"",""close"":""00:00""},""thu"":{""kind"":""open"",""open"":""09:00"",""close"":""00:00""},""fri"":{""kind"":""open"",""open"":""09:00"",""close"":""00:00""},""sat"":{""kind"":""open"",""open"":""09:00"",""close"":""00:00""},""sun"":{""kind"":""open"",""open"":""09:00"",""close"":""00:00""}}",0968 187 4263,,,,,,OPERATIONAL,Coffee shop|Coffee shop,https://web.facebook.com/profile.php?id=61588216101905,true,
ChIJyWP7-irPlzMRi249NTjBZu0,Café de San Pablo,"San Pablo, Paranaque, Parañaque",14.4687036,121.0236391,"{""mon"":{""kind"":""open"",""open"":""08:00"",""close"":""23:30""},""tue"":{""kind"":""open"",""open"":""08:00"",""close"":""23:30""},""wed"":{""kind"":""open"",""open"":""08:00"",""close"":""23:30""},""thu"":{""kind"":""open"",""open"":""08:00"",""close"":""23:30""},""fri"":{""kind"":""open"",""open"":""08:00"",""close"":""23:30""},""sat"":{""kind"":""open"",""open"":""08:00"",""close"":""22:30""},""sun"":{""kind"":""open"",""open"":""08:00"",""close"":""23:30""}}",,,,,,,OPERATIONAL,Coffee shop|Coffee shop,,true,
ChIJR4LRfTlt-TIR0pUDKZzs5uc,Café de Vivré,"3rd Floor Expansion Wing, Abreeza Mall, J.P. Laurel Ave, Poblacion District, Davao City",7.0915677,125.6106212,"{""mon"":{""kind"":""open"",""open"":""10:00"",""close"":""21:00""},""tue"":{""kind"":""open"",""open"":""10:00"",""close"":""21:00""},""wed"":{""kind"":""open"",""open"":""10:00"",""close"":""21:00""},""thu"":{""kind"":""open"",""open"":""10:00"",""close"":""21:00""},""fri"":{""kind"":""open"",""open"":""10:00"",""close"":""21:00""},""sat"":{""kind"":""open"",""open"":""10:00"",""close"":""21:00""},""sun"":{""kind"":""open"",""open"":""10:00"",""close"":""21:00""}}",0954 472 3339,,,,,,OPERATIONAL,Coffee shop|Coffee shop|Coffee roastery,http://www.maisoncroife.com/,true,
ChIJ5zlCrnRt-TIRLtU6AtseLtI,Cafe Demitasse,"727 F. Torres St, Poblacion District, Davao City",7.0772834,125.6052335,"{""mon"":{""kind"":""open"",""open"":""08:00"",""close"":""22:00""},""tue"":{""kind"":""open"",""open"":""08:00"",""close"":""22:00""},""wed"":{""kind"":""open"",""open"":""08:00"",""close"":""22:00""},""thu"":{""kind"":""open"",""open"":""08:00"",""close"":""22:00""},""fri"":{""kind"":""open"",""open"":""08:00"",""close"":""00:00""},""sat"":{""kind"":""open"",""open"":""08:00"",""close"":""00:00""},""sun"":{""kind"":""open"",""open"":""08:00"",""close"":""22:00""}}",,,,,,,OPERATIONAL,Restaurant|Restaurant|Cafe|Cake shop|Coffee store|Function room facility,https://www.cafedemitasse.ph/,true,
ChIJ-5CxcgDRlzMRDHotinxZbe8,Café Forty Six,"46 Camino Real Rd, Las Piñas",14.4171088,121.0076009,"{""mon"":{""kind"":""closed""},""tue"":{""kind"":""open"",""open"":""08:00"",""close"":""22:00""},""wed"":{""kind"":""open"",""open"":""08:00"",""close"":""22:00""},""thu"":{""kind"":""open"",""open"":""08:00"",""close"":""22:00""},""fri"":{""kind"":""open"",""open"":""08:00"",""close"":""22:00""},""sat"":{""kind"":""open"",""open"":""08:00"",""close"":""22:00""},""sun"":{""kind"":""open"",""open"":""08:00"",""close"":""22:00""}}",,,,,,,OPERATIONAL,Coffee shop|Coffee shop,,true,
ChIJQejGNZFt-TIR8HAxJp2ZMJw,Cafe Gervacios - Pastry and Coffee in Davao City,"Ground Floor, State Investment Bldg, C. M. Recto St, Poblacion District, Davao City",7.068707,125.61104209999999,"{""mon"":{""kind"":""open"",""open"":""09:00"",""close"":""22:00""},""tue"":{""kind"":""closed""},""wed"":{""kind"":""open"",""open"":""09:00"",""close"":""22:00""},""thu"":{""kind"":""open"",""open"":""09:00"",""close"":""22:00""},""fri"":{""kind"":""open"",""open"":""09:00"",""close"":""23:00""},""sat"":{""kind"":""open"",""open"":""09:00"",""close"":""23:00""},""sun"":{""kind"":""open"",""open"":""07:00"",""close"":""22:00""}}",,,,,,,OPERATIONAL,Cafe|Cafe|Restaurant,https://www.facebook.com/cafegervacios?mibextid=ZbWKwL,true,
ChIJRfiOGZmZqTMRholNTMLou7g,Cafe Hayati - Kasambagan,"Villa Aurora, 71 Congressman Noel St, Cebu City",10.3239159,123.91321819999999,"{""mon"":{""kind"":""open"",""open"":""11:00"",""close"":""02:00""},""tue"":{""kind"":""open"",""open"":""11:00"",""close"":""02:00""},""wed"":{""kind"":""open"",""open"":""11:00"",""close"":""02:00""},""thu"":{""kind"":""open"",""open"":""11:00"",""close"":""02:00""},""fri"":{""kind"":""open"",""open"":""11:00"",""close"":""02:00""},""sat"":{""kind"":""open"",""open"":""11:00"",""close"":""02:00""},""sun"":{""kind"":""open"",""open"":""11:00"",""close"":""02:00""}}",0962 170 4459,,,,,,OPERATIONAL,Halal restaurant|Halal restaurant|Coffee shop,https://www.facebook.com/cafe.hayati2023?mibextid=ZbWKwL,true,
ChIJu3labq23lzMRK1EfC5Fvfwk,Cafe I'm Here,"68 Tomas Morato Ave, Diliman, Quezon City",14.6345496,121.035646,"{""mon"":{""kind"":""open"",""open"":""11:00"",""close"":""03:00""},""tue"":{""kind"":""open"",""open"":""11:00"",""close"":""03:00""},""wed"":{""kind"":""open"",""open"":""11:00"",""close"":""03:00""},""thu"":{""kind"":""open"",""open"":""11:00"",""close"":""03:00""},""fri"":{""kind"":""open"",""open"":""11:00"",""close"":""03:00""},""sat"":{""kind"":""open"",""open"":""11:00"",""close"":""03:00""},""sun"":{""kind"":""open"",""open"":""11:00"",""close"":""03:00""}}",,,,,,,OPERATIONAL,Cafe|Cafe,https://www.facebook.com/cafeiamhere,true,
ChIJDTXhEpnLlzMRc_73RCm9ICc,Café Jo,"1718 Bocobo St, Malate, Manila",14.572408,120.98575389999999,"{""mon"":{""kind"":""all_day""},""tue"":{""kind"":""all_day""},""wed"":{""kind"":""all_day""},""thu"":{""kind"":""all_day""},""fri"":{""kind"":""all_day""},""sat"":{""kind"":""all_day""},""sun"":{""kind"":""all_day""}}",0916 211 3426,,,,,,OPERATIONAL,Cafe|Cafe,,true,
ChIJsfAqzAlz-TIRowzmZCJnlXo,Cafe Lounge - Ecoland Branch,"Ecoland Dr, Talomo, Davao City",7.0465531,125.5933987,"{""mon"":{""kind"":""open"",""open"":""07:00"",""close"":""19:00""},""tue"":{""kind"":""open"",""open"":""07:00"",""close"":""19:00""},""wed"":{""kind"":""open"",""open"":""07:00"",""close"":""19:00""},""thu"":{""kind"":""open"",""open"":""07:00"",""close"":""19:00""},""fri"":{""kind"":""open"",""open"":""07:00"",""close"":""19:00""},""sat"":{""kind"":""open"",""open"":""07:00"",""close"":""19:00""},""sun"":{""kind"":""open"",""open"":""07:00"",""close"":""19:00""}}",0916 604 1086,,,,,,OPERATIONAL,Coffee shop|Coffee shop,https://www.facebook.com/Cafeloungeco,true,
ChIJDb32ERDKlzMRe_QtiLZ5dR8,Café Mezzanine,"650 Ongpin St, Binondo, Manila",14.600367199999999,120.97555559999999,"{""mon"":{""kind"":""open"",""open"":""09:00"",""close"":""21:00""},""tue"":{""kind"":""open"",""open"":""09:00"",""close"":""21:00""},""wed"":{""kind"":""open"",""open"":""09:00"",""close"":""21:00""},""thu"":{""kind"":""open"",""open"":""09:00"",""close"":""21:00""},""fri"":{""kind"":""open"",""open"":""09:00"",""close"":""21:00""},""sat"":{""kind"":""open"",""open"":""09:00"",""close"":""21:00""},""sun"":{""kind"":""open"",""open"":""09:00"",""close"":""21:00""}}",,,,,,,OPERATIONAL,Cafe|Cafe|Breakfast restaurant,http://www.cafemezzanine.com/,true,
ChIJtZDp-9-ZqTMR1QLs8bZorY8,Cafe Moni,"Acacia Street, Green Valley Subdivision, Cebu City",10.323532799999999,123.8915686,"{""mon"":{""kind"":""open"",""open"":""11:00"",""close"":""21:00""},""tue"":{""kind"":""open"",""open"":""11:00"",""close"":""21:00""},""wed"":{""kind"":""open"",""open"":""11:00"",""close"":""21:00""},""thu"":{""kind"":""open"",""open"":""11:00"",""close"":""21:00""},""fri"":{""kind"":""open"",""open"":""11:00"",""close"":""22:00""},""sat"":{""kind"":""open"",""open"":""11:00"",""close"":""22:00""},""sun"":{""kind"":""open"",""open"":""11:00"",""close"":""22:00""}}",0908 416 2115,,,,available,,OPERATIONAL,Coffee shop|Coffee shop,,true,
ChIJp5L8L_dt-TIRpwXEu1d1uUc,Café Prelaya by The Joaquins’ Cheesecakes,"Sputnik St, Poblacion District, Davao City",7.0810403,125.60763519999999,"{""mon"":{""kind"":""open"",""open"":""08:00"",""close"":""23:00""},""tue"":{""kind"":""open"",""open"":""08:00"",""close"":""23:00""},""wed"":{""kind"":""open"",""open"":""08:00"",""close"":""23:00""},""thu"":{""kind"":""open"",""open"":""08:00"",""close"":""23:00""},""fri"":{""kind"":""open"",""open"":""08:00"",""close"":""23:00""},""sat"":{""kind"":""open"",""open"":""08:00"",""close"":""23:00""},""sun"":{""kind"":""open"",""open"":""08:00"",""close"":""23:00""}}",,,,,,,OPERATIONAL,Coffee shop|Coffee shop,,true,
ChIJgR96N-ht-TIR-i2q4qDz6Yk,Café Racer Coffee - Lanang,"Lanang, Davao City, 8000 Davao del Sur",7.1012873,125.63246129999999,"{""mon"":{""kind"":""open"",""open"":""10:00"",""close"":""02:00""},""tue"":{""kind"":""open"",""open"":""10:00"",""close"":""02:00""},""wed"":{""kind"":""open"",""open"":""10:00"",""close"":""02:00""},""thu"":{""kind"":""open"",""open"":""10:00"",""close"":""02:00""},""fri"":{""kind"":""open"",""open"":""10:00"",""close"":""02:00""},""sat"":{""kind"":""open"",""open"":""10:00"",""close"":""02:00""},""sun"":{""kind"":""open"",""open"":""10:00"",""close"":""02:00""}}",0920 294 9668,,,,,,OPERATIONAL,Coffee shop|Coffee shop,,true,
ChIJXflr3a65lzMRoIoFzwnlsow,Cafe Rajah,"102 Raha Soliman, Marikina",14.6629024,121.1148791,"{""mon"":{""kind"":""open"",""open"":""17:00"",""close"":""02:00""},""tue"":{""kind"":""open"",""open"":""17:00"",""close"":""02:00""},""wed"":{""kind"":""open"",""open"":""17:00"",""close"":""02:00""},""thu"":{""kind"":""open"",""open"":""17:00"",""close"":""02:00""},""fri"":{""kind"":""open"",""open"":""17:00"",""close"":""02:00""},""sat"":{""kind"":""open"",""open"":""17:00"",""close"":""02:00""},""sun"":{""kind"":""open"",""open"":""16:00"",""close"":""01:00""}}",,,,,,,OPERATIONAL,Coffee shop|Coffee shop,,true,
ChIJTYL2cwDJlzMRW9kPXjF3KVg,Café Reserve,"H3P7+G4J, Sapphire Rd, San Antonio, Ortigas Center, Pasig",14.586339299999999,121.0627706,,,,,,,,OPERATIONAL,Coffee shop|Coffee shop,,false,missing_hours
ChIJ5U_MQTXLlzMR8nQBTRC1axk,Cafe Roo Malate - Premium Rooftop Cafe,"465 Remedios St, Malate, Manila",14.5696154,120.9844608,"{""mon"":{""kind"":""open"",""open"":""15:00"",""close"":""05:00""},""tue"":{""kind"":""open"",""open"":""15:00"",""close"":""05:00""},""wed"":{""kind"":""open"",""open"":""15:00"",""close"":""05:00""},""thu"":{""kind"":""open"",""open"":""15:00"",""close"":""05:00""},""fri"":{""kind"":""open"",""open"":""15:00"",""close"":""05:00""},""sat"":{""kind"":""open"",""open"":""15:00"",""close"":""05:00""},""sun"":{""kind"":""open"",""open"":""15:00"",""close"":""05:00""}}",0917 700 1456,,,,,,OPERATIONAL,Cafe|Cafe|Bar|Restaurant,https://www.facebook.com/caferooph,true,
ChIJ-R531TG3lzMR_Ji3ggmZGPA,Cafe Roo QC,"232 Tomas Morato Ave, Scout Borromeo St, South Triangle, Diliman, Quezon City",14.637094399999999,121.0360013,"{""mon"":{""kind"":""open"",""open"":""11:00"",""close"":""04:00""},""tue"":{""kind"":""open"",""open"":""11:00"",""close"":""04:00""},""wed"":{""kind"":""open"",""open"":""11:00"",""close"":""04:00""},""thu"":{""kind"":""open"",""open"":""11:00"",""close"":""04:00""},""fri"":{""kind"":""open"",""open"":""11:00"",""close"":""04:00""},""sat"":{""kind"":""open"",""open"":""11:00"",""close"":""04:00""},""sun"":{""kind"":""open"",""open"":""11:00"",""close"":""04:00""}}",0917 102 5180,,,,,,OPERATIONAL,Cafe|Cafe|Bar|Restaurant,https://www.instagram.com/caferooqc/,true,
ChIJr1SVVgDLlzMRLMhUvzQg0-k,Cafe Runway,"Store 3, Ground, located, at, SplendorPlace, 1833 Bocobo St, Malate, Manila",14.571606699999998,120.98597749999999,"{""mon"":{""kind"":""all_day""},""tue"":{""kind"":""all_day""},""wed"":{""kind"":""all_day""},""thu"":{""kind"":""all_day""},""fri"":{""kind"":""all_day""},""sat"":{""kind"":""all_day""},""sun"":{""kind"":""all_day""}}",0975 669 1913,,,,,,OPERATIONAL,Coffee shop|Coffee shop,,true,
ChIJA1EnkzuZqTMRe7Xs1MLCvzU,Cafe Selva,"Building, 777, Trieste, Gov. M. Cuenco Ave, Cebu City",10.3647428,123.9140607,"{""mon"":{""kind"":""open"",""open"":""07:00"",""close"":""22:00""},""tue"":{""kind"":""open"",""open"":""07:00"",""close"":""22:00""},""wed"":{""kind"":""open"",""open"":""07:00"",""close"":""22:00""},""thu"":{""kind"":""open"",""open"":""07:00"",""close"":""22:00""},""fri"":{""kind"":""open"",""open"":""07:00"",""close"":""22:00""},""sat"":{""kind"":""open"",""open"":""07:00"",""close"":""22:00""},""sun"":{""kind"":""closed""}}",,,,,available,,OPERATIONAL,Cafe|Cafe,,true,
ChIJP5iAhKvRlzMRTpaIYqvWX3I,Cafè Singko,"Unit L, MJ Square Building, BF Resort Village, BF Resort Dr, Las Piñas",14.442247499999999,120.9920085,"{""mon"":{""kind"":""open"",""open"":""09:00"",""close"":""21:00""},""tue"":{""kind"":""open"",""open"":""09:00"",""close"":""21:00""},""wed"":{""kind"":""open"",""open"":""09:00"",""close"":""21:00""},""thu"":{""kind"":""open"",""open"":""09:00"",""close"":""21:00""},""fri"":{""kind"":""open"",""open"":""09:00"",""close"":""22:00""},""sat"":{""kind"":""open"",""open"":""09:00"",""close"":""22:00""},""sun"":{""kind"":""open"",""open"":""09:00"",""close"":""22:00""}}",0920 982 3206,,,,,,OPERATIONAL,Coffee shop|Coffee shop,,true,
ChIJ0QnZHzaZqTMRUNXIQmrejbw,Cafe Talk Library,"Escario Building, 731 N Escario St, Cebu City",10.3169638,123.89256839999999,"{""mon"":{""kind"":""open"",""open"":""07:30"",""close"":""22:00""},""tue"":{""kind"":""open"",""open"":""07:30"",""close"":""22:00""},""wed"":{""kind"":""open"",""open"":""07:30"",""close"":""22:00""},""thu"":{""kind"":""open"",""open"":""07:30"",""close"":""22:00""},""fri"":{""kind"":""open"",""open"":""07:30"",""close"":""22:00""},""sat"":{""kind"":""open"",""open"":""07:30"",""close"":""23:00""},""sun"":{""kind"":""open"",""open"":""07:30"",""close"":""23:00""}}",,,,,,available,OPERATIONAL,Coffee shop|Coffee shop|Breakfast restaurant,https://www.facebook.com/cafetalklibrary/,true,
ChIJfyUcKWC1lzMRIz_F4hpjuFU,Cafe Uno España,"1241 Navarra St, Sampaloc, Manila",14.6115306,120.9866945,,,,,,,,OPERATIONAL,Coffee shop|Coffee shop,,false,missing_hours
ChIJO1CASwAN-TIRQxJlhfJXELs,CAFE!N COFFEE KIOSK,"2G92+C3P, Rasay St, Toril, Davao City",7.0185686,125.5002461,"{""mon"":{""kind"":""open"",""open"":""09:00"",""close"":""22:00""},""tue"":{""kind"":""open"",""open"":""09:00"",""close"":""22:00""},""wed"":{""kind"":""open"",""open"":""09:00"",""close"":""22:00""},""thu"":{""kind"":""open"",""open"":""09:00"",""close"":""22:00""},""fri"":{""kind"":""open"",""open"":""09:00"",""close"":""22:00""},""sat"":{""kind"":""open"",""open"":""09:00"",""close"":""22:00""},""sun"":{""kind"":""open"",""open"":""09:00"",""close"":""22:00""}}",,,,,,,OPERATIONAL,Coffee shop|Coffee shop,,true,
ChIJm-Q-fgCZqTMRr3TTjzqUdcQ,Cafe.Brindle,"18 Sanson Rd, Cebu City",10.3315801,123.8964592,"{""mon"":{""kind"":""open"",""open"":""07:00"",""close"":""20:00""},""tue"":{""kind"":""open"",""open"":""07:00"",""close"":""10:00""},""wed"":{""kind"":""open"",""open"":""07:00"",""close"":""20:00""},""thu"":{""kind"":""open"",""open"":""07:00"",""close"":""20:00""},""fri"":{""kind"":""open"",""open"":""07:00"",""close"":""22:00""},""sat"":{""kind"":""open"",""open"":""07:00"",""close"":""22:00""},""sun"":{""kind"":""open"",""open"":""07:00"",""close"":""22:00""}}",,available,,,,,OPERATIONAL,Coffee shop|Coffee shop|Breakfast restaurant|Cafe,,true,
ChIJj8LxNT7RlzMRzd-5y_nvB3s,Caffe Milan De Alabang,"2nd floor, 62a Ilaya, Alabang, Muntinlupa",14.4177892,121.05013799999999,"{""mon"":{""kind"":""open"",""open"":""09:00"",""close"":""00:00""},""tue"":{""kind"":""open"",""open"":""09:00"",""close"":""00:00""},""wed"":{""kind"":""open"",""open"":""09:00"",""close"":""00:00""},""thu"":{""kind"":""open"",""open"":""09:00"",""close"":""00:00""},""fri"":{""kind"":""open"",""open"":""09:00"",""close"":""00:00""},""sat"":{""kind"":""open"",""open"":""09:00"",""close"":""00:00""},""sun"":{""kind"":""open"",""open"":""09:00"",""close"":""00:00""}}",0968 852 7328,,,,,,OPERATIONAL,Cafe|Cafe,https://www.facebook.com/profile.php?id=61561269116410,true,
ChIJf1zT7rzJlzMRyzg839WFx_w,Caffe Pocofino (BGC),"BGC Corporate Center 2 30th Street, Corner 5th Ave, Post Proper Northside, Taguig",14.5524446,121.04873889999999,"{""mon"":{""kind"":""all_day""},""tue"":{""kind"":""all_day""},""wed"":{""kind"":""all_day""},""thu"":{""kind"":""all_day""},""fri"":{""kind"":""all_day""},""sat"":{""kind"":""all_day""},""sun"":{""kind"":""all_day""}}",0919 070 3000,,,,,,OPERATIONAL,Coffee shop|Coffee shop,https://pocofino.com/,true,
ChIJRxkVHQC3lzMRMJLwu2gvbnw,Caffe Pocofino (Gateway Mall),"Gateway Tower5f regus, General Roxas Ave, Cubao, Quezon City",14.622193399999999,121.05326509999999,"{""mon"":{""kind"":""all_day""},""tue"":{""kind"":""all_day""},""wed"":{""kind"":""all_day""},""thu"":{""kind"":""all_day""},""fri"":{""kind"":""all_day""},""sat"":{""kind"":""all_day""},""sun"":{""kind"":""all_day""}}",,,,,,,OPERATIONAL,Coffee shop|Coffee shop,https://pocofino.com/,true,
ChIJwXZVf5_PlzMRukSCrNug-T8,Caffeinistry,"Infront of Probright laundry shop, 46, Buli, Muntinlupa",14.4428371,121.0505539,"{""mon"":{""kind"":""open"",""open"":""13:00"",""close"":""23:00""},""tue"":{""kind"":""open"",""open"":""13:00"",""close"":""23:00""},""wed"":{""kind"":""open"",""open"":""13:00"",""close"":""23:00""},""thu"":{""kind"":""open"",""open"":""13:00"",""close"":""23:00""},""fri"":{""kind"":""open"",""open"":""13:00"",""close"":""00:00""},""sat"":{""kind"":""open"",""open"":""13:00"",""close"":""00:00""},""sun"":{""kind"":""open"",""open"":""13:00"",""close"":""23:00""}}",0927 025 1665,,,,,,OPERATIONAL,Coffee shop|Coffee shop|Cafe|Coffee stand|Coffee store|Event venue,https://www.facebook.com/caffeinistry,true,
ChIJ9beJUgBz-TIRHzT_lmwtmac,Calibrated Coffee House Matina,"Mercury & Apollo Street, GSIS Heights, Corner Matina Pangi Rd, Talomo, Davao City",7.060725199999999,125.57745609999999,"{""mon"":{""kind"":""open"",""open"":""08:00"",""close"":""20:00""},""tue"":{""kind"":""open"",""open"":""08:00"",""close"":""20:00""},""wed"":{""kind"":""open"",""open"":""08:00"",""close"":""20:00""},""thu"":{""kind"":""open"",""open"":""08:00"",""close"":""20:00""},""fri"":{""kind"":""open"",""open"":""08:00"",""close"":""20:00""},""sat"":{""kind"":""open"",""open"":""08:00"",""close"":""20:00""},""sun"":{""kind"":""open"",""open"":""08:00"",""close"":""20:00""}}",,,,,,,OPERATIONAL,Coffee shop|Coffee shop,,true,
ChIJl8FVq2i1lzMRAea32N4zNHI,"Calle Cafe by Don Gabriel UST, Dapitan","1343 Dapitan St, Sampaloc, Manila",14.6111276,120.98757459999999,"{""mon"":{""kind"":""open"",""open"":""06:00"",""close"":""02:00""},""tue"":{""kind"":""open"",""open"":""06:00"",""close"":""02:00""},""wed"":{""kind"":""open"",""open"":""06:00"",""close"":""02:00""},""thu"":{""kind"":""open"",""open"":""06:00"",""close"":""02:00""},""fri"":{""kind"":""open"",""open"":""06:00"",""close"":""02:00""},""sat"":{""kind"":""open"",""open"":""06:00"",""close"":""02:00""},""sun"":{""kind"":""open"",""open"":""06:00"",""close"":""02:00""}}",,,,,,,OPERATIONAL,Coffee shop|Coffee shop,,true,
ChIJ4d4QGka5lzMRNJOsqIpQk4o,Camph Cafe,"blk 2, Brgy Tumana, 19 Farmers 2, Marikina",14.654196599999999,121.1003061,"{""mon"":{""kind"":""open"",""open"":""17:00"",""close"":""23:00""},""tue"":{""kind"":""open"",""open"":""17:00"",""close"":""23:00""},""wed"":{""kind"":""open"",""open"":""17:00"",""close"":""23:00""},""thu"":{""kind"":""open"",""open"":""17:00"",""close"":""23:00""},""fri"":{""kind"":""open"",""open"":""17:00"",""close"":""23:00""},""sat"":{""kind"":""open"",""open"":""17:00"",""close"":""23:00""},""sun"":{""kind"":""open"",""open"":""17:00"",""close"":""23:00""}}",0991 799 5721,,,,,,OPERATIONAL,Coffee shop|Coffee shop,,true,
ChIJkdLbZwDLlzMRYmVfm51E1Qk,Candid Coffee Robinsons Place Manila,"3rd floor, Wing, Robinsons Place, Pedro Gil St, Ermita, Manila",14.575837499999999,120.98393879999999,,0916 430 2818,,,,,,OPERATIONAL,Coffee shop|Coffee shop,,false,missing_hours
ChIJyaATEwDJlzMRxiEZrDCnqbw,CAP Cafe,"6140 Levi B. Mariano Ave, Taguig",14.5318686,121.0681886,"{""mon"":{""kind"":""open"",""open"":""15:00"",""close"":""02:30""},""tue"":{""kind"":""open"",""open"":""15:00"",""close"":""02:30""},""wed"":{""kind"":""open"",""open"":""15:00"",""close"":""02:30""},""thu"":{""kind"":""open"",""open"":""15:00"",""close"":""02:30""},""fri"":{""kind"":""open"",""open"":""15:00"",""close"":""02:30""},""sat"":{""kind"":""open"",""open"":""15:00"",""close"":""02:30""},""sun"":{""kind"":""open"",""open"":""15:00"",""close"":""02:30""}}",0956 279 4169,,,,,,OPERATIONAL,Coffee shop|Coffee shop,https://www.facebook.com/capcafe.taguig/,true,
ChIJHxtBv4e3lzMR31XS-RXqRzI,Cappo Coffee Lab & Roastery,"23 Panay Ave, Paligsahan, Diliman, Quezon City",14.6321306,121.02003049999999,"{""mon"":{""kind"":""open"",""open"":""09:00"",""close"":""19:00""},""tue"":{""kind"":""open"",""open"":""09:00"",""close"":""19:00""},""wed"":{""kind"":""open"",""open"":""09:00"",""close"":""19:00""},""thu"":{""kind"":""open"",""open"":""09:00"",""close"":""19:00""},""fri"":{""kind"":""open"",""open"":""09:00"",""close"":""19:00""},""sat"":{""kind"":""open"",""open"":""09:00"",""close"":""19:00""},""sun"":{""kind"":""open"",""open"":""09:00"",""close"":""19:00""}}",0966 236 5883,,,,,,OPERATIONAL,Coffee shop|Coffee shop|Cafe|Coffee roastery|Coffee wholesaler,https://cappo.coffee/,true,
ChIJua7saUeZqTMRQL7zbZtGE2E,Capu Coffee - Cebu,"Advent Business Center, Acacia St, Cebu City",10.3207975,123.89976829999999,"{""mon"":{""kind"":""open"",""open"":""08:00"",""close"":""21:00""},""tue"":{""kind"":""open"",""open"":""08:00"",""close"":""21:00""},""wed"":{""kind"":""open"",""open"":""08:00"",""close"":""21:00""},""thu"":{""kind"":""open"",""open"":""08:00"",""close"":""21:00""},""fri"":{""kind"":""open"",""open"":""08:00"",""close"":""21:00""},""sat"":{""kind"":""open"",""open"":""08:00"",""close"":""21:00""},""sun"":{""kind"":""open"",""open"":""08:00"",""close"":""21:00""}}",0962 720 1010,,,,available,,OPERATIONAL,Coffee shop|Coffee shop|Cafe,https://www.facebook.com/capucoffee.ph,true,
ChIJ1Voa43W3lzMRPY9YgD3YsQo,Cara Cafe,"99 Xavierville Ave, Quezon City",14.6342424,121.0730931,"{""mon"":{""kind"":""open"",""open"":""09:00"",""close"":""01:00""},""tue"":{""kind"":""open"",""open"":""09:00"",""close"":""01:00""},""wed"":{""kind"":""open"",""open"":""09:00"",""close"":""01:00""},""thu"":{""kind"":""open"",""open"":""09:00"",""close"":""01:00""},""fri"":{""kind"":""open"",""open"":""10:00"",""close"":""01:00""},""sat"":{""kind"":""open"",""open"":""10:00"",""close"":""01:00""},""sun"":{""kind"":""open"",""open"":""10:00"",""close"":""01:00""}}",,,,,,,OPERATIONAL,Coffee shop|Coffee shop,,true,
ChIJayCeEgCbqTMRDIQBd2yj9cw,Carbon Cafe,"7WR2+PJQ, Quezon Blvd, Cebu City",10.2917581,123.901803,"{""mon"":{""kind"":""open"",""open"":""08:30"",""close"":""21:00""},""tue"":{""kind"":""open"",""open"":""08:30"",""close"":""21:00""},""wed"":{""kind"":""open"",""open"":""08:30"",""close"":""21:00""},""thu"":{""kind"":""open"",""open"":""08:30"",""close"":""21:00""},""fri"":{""kind"":""open"",""open"":""08:00"",""close"":""22:00""},""sat"":{""kind"":""open"",""open"":""08:00"",""close"":""22:00""},""sun"":{""kind"":""open"",""open"":""08:00"",""close"":""22:00""}}",,,,,,,OPERATIONAL,Coffee shop|Coffee shop,,true,
ChIJzZ2yPAAX-TIR5j56atzGtys,Carly’s Kitchen,"598W+4VX, Calinan - Carmen Rd, Davao City",7.165836,125.3968019,,,,,,,,OPERATIONAL,Coffee shop|Coffee shop,,false,missing_hours
ChIJ7ZyI85CYqTMRHjKbWnjNDR4,Celso's Crib Cafe,"26 Alfonso A. Arcilla, Cebu City",10.3705903,123.9250651,"{""mon"":{""kind"":""open"",""open"":""07:30"",""close"":""22:00""},""tue"":{""kind"":""open"",""open"":""07:30"",""close"":""22:00""},""wed"":{""kind"":""open"",""open"":""07:30"",""close"":""22:00""},""thu"":{""kind"":""open"",""open"":""07:30"",""close"":""22:00""},""fri"":{""kind"":""open"",""open"":""07:30"",""close"":""22:00""},""sat"":{""kind"":""open"",""open"":""07:30"",""close"":""22:00""},""sun"":{""kind"":""open"",""open"":""07:30"",""close"":""22:00""}}",0945 711 5854,,,,available,,OPERATIONAL,Cafe|Cafe|Restaurant,,true,
ChIJe7Aq7fa3lzMRTEAb4CSzTLU,Cether Specialty Coffee + Bistro,"THE BUILDING, 146 D. Tuazon, Santa Mesa Heights, Quezon City",14.6292615,121.0001116,"{""mon"":{""kind"":""open"",""open"":""09:00"",""close"":""23:00""},""tue"":{""kind"":""open"",""open"":""09:00"",""close"":""23:00""},""wed"":{""kind"":""open"",""open"":""09:00"",""close"":""23:00""},""thu"":{""kind"":""open"",""open"":""09:00"",""close"":""23:00""},""fri"":{""kind"":""open"",""open"":""09:00"",""close"":""00:00""},""sat"":{""kind"":""open"",""open"":""09:00"",""close"":""00:00""},""sun"":{""kind"":""open"",""open"":""09:00"",""close"":""23:00""}}",0920 819 1959,,,,,,OPERATIONAL,Coffee shop|Coffee shop|Bistro|Cafe,,true,
ChIJac_fPADJlzMRiHE5A5GaeJU,Cha Cafe,"2118 Leon Guinto St, Malate, Manila",14.5702822,120.99276289999999,,,,,,,,OPERATIONAL,Coffee shop|Coffee shop,,false,missing_hours
ChIJnb2jxXW3lzMRtjQO4sAfiI4,Chapter Coffee Roastery & Cafe,"143 Maginhawa, Diliman, Quezon City",14.641961199999999,121.06144909999999,"{""mon"":{""kind"":""open"",""open"":""09:00"",""close"":""23:00""},""tue"":{""kind"":""open"",""open"":""09:00"",""close"":""23:00""},""wed"":{""kind"":""open"",""open"":""09:00"",""close"":""23:00""},""thu"":{""kind"":""open"",""open"":""09:00"",""close"":""23:00""},""fri"":{""kind"":""open"",""open"":""09:00"",""close"":""00:00""},""sat"":{""kind"":""open"",""open"":""08:00"",""close"":""00:00""},""sun"":{""kind"":""open"",""open"":""08:00"",""close"":""00:00""}}",0936 951 0350,,,,,,OPERATIONAL,Coffee roastery|Coffee roastery|Coffee shop|Restaurant,,true,
ChIJc-RNow63lzMRm3bH-bkakQk,Chapter Coffee Roastery and Cafe Manila,"1226 B V Concepcion St, Sampaloc, Manila",14.6123383,120.9882205,"{""mon"":{""kind"":""open"",""open"":""07:00"",""close"":""21:00""},""tue"":{""kind"":""open"",""open"":""07:00"",""close"":""21:00""},""wed"":{""kind"":""open"",""open"":""07:00"",""close"":""21:00""},""thu"":{""kind"":""open"",""open"":""07:00"",""close"":""21:00""},""fri"":{""kind"":""open"",""open"":""07:00"",""close"":""21:00""},""sat"":{""kind"":""open"",""open"":""07:00"",""close"":""21:00""},""sun"":{""kind"":""open"",""open"":""07:00"",""close"":""21:00""}}",0906 208 6639,,,,,,OPERATIONAL,Cafe|Cafe,http://www.chaptercoffee.shop/,true,
ChIJkUa1ROLJlzMRvRyi_Cvyp7Q,Chapter Coffee San Juan,"365 P. Guevarra Street, Corner Maude, San Juan City",14.593893099999999,121.0369305,"{""mon"":{""kind"":""open"",""open"":""08:00"",""close"":""21:00""},""tue"":{""kind"":""open"",""open"":""08:00"",""close"":""21:00""},""wed"":{""kind"":""open"",""open"":""08:00"",""close"":""21:00""},""thu"":{""kind"":""open"",""open"":""08:00"",""close"":""21:00""},""fri"":{""kind"":""open"",""open"":""08:00"",""close"":""21:00""},""sat"":{""kind"":""open"",""open"":""08:00"",""close"":""22:00""},""sun"":{""kind"":""open"",""open"":""08:00"",""close"":""22:00""}}",0917 155 8971,,,,,,OPERATIONAL,Coffee shop|Coffee shop|Cafe|Coffee roastery,https://www.facebook.com/chaptercoffeeph,true,
ChIJqV2O20ls-TIRvpP9knXriGw,Chatime - SM Lanang Davao,"Upper Ground Floor, SM Lanang Premier, San Antonio, Davao City",7.098942,125.6310439,"{""mon"":{""kind"":""open"",""open"":""10:00"",""close"":""21:00""},""tue"":{""kind"":""open"",""open"":""10:00"",""close"":""21:00""},""wed"":{""kind"":""open"",""open"":""10:00"",""close"":""21:00""},""thu"":{""kind"":""open"",""open"":""10:00"",""close"":""21:00""},""fri"":{""kind"":""open"",""open"":""10:00"",""close"":""21:00""},""sat"":{""kind"":""open"",""open"":""10:00"",""close"":""21:00""},""sun"":{""kind"":""open"",""open"":""10:00"",""close"":""21:00""}}",,,,,,,OPERATIONAL,Cafe|Cafe,https://chatime.com.ph/locations/,true,
ChIJpX2EKQBr-TIRD-_hEv1htLw,Ciudad Kopi,"58 Rafflesia St, Buhangin, Davao City",7.1463871999999995,125.6049446,"{""mon"":{""kind"":""closed""},""tue"":{""kind"":""open"",""open"":""13:00"",""close"":""02:30""},""wed"":{""kind"":""open"",""open"":""13:00"",""close"":""02:00""},""thu"":{""kind"":""open"",""open"":""13:00"",""close"":""02:00""},""fri"":{""kind"":""open"",""open"":""13:00"",""close"":""02:00""},""sat"":{""kind"":""open"",""open"":""13:00"",""close"":""02:00""},""sun"":{""kind"":""open"",""open"":""16:00"",""close"":""00:00""}}",,,,,,,OPERATIONAL,Coffee shop|Coffee shop,,true,
ChIJYV8XSHQN-TIRuM9lbt8znIg,Clutch Cafe,"Purok Kalayaan, Sampaguita St, Toril, Davao City",7.0351405,125.5103551,"{""mon"":{""kind"":""open"",""open"":""15:30"",""close"":""02:00""},""tue"":{""kind"":""open"",""open"":""15:30"",""close"":""02:00""},""wed"":{""kind"":""open"",""open"":""15:30"",""close"":""02:00""},""thu"":{""kind"":""open"",""open"":""15:30"",""close"":""02:00""},""fri"":{""kind"":""open"",""open"":""15:30"",""close"":""02:00""},""sat"":{""kind"":""open"",""open"":""15:30"",""close"":""02:00""},""sun"":{""kind"":""open"",""open"":""15:30"",""close"":""02:00""}}",0952 476 2259,,,,,,OPERATIONAL,Coffee shop|Coffee shop,,true,
ChIJVbskbe-3lzMRC2FQo2PHjpg,Coastal Grounds Coffee Quezon City,"8, Cor Judge Jimenez St, Cubao, Quezon City",14.6251202,121.0399612,"{""mon"":{""kind"":""open"",""open"":""08:00"",""close"":""18:00""},""tue"":{""kind"":""open"",""open"":""08:00"",""close"":""18:00""},""wed"":{""kind"":""open"",""open"":""08:00"",""close"":""18:00""},""thu"":{""kind"":""open"",""open"":""08:00"",""close"":""18:00""},""fri"":{""kind"":""open"",""open"":""08:00"",""close"":""18:00""},""sat"":{""kind"":""open"",""open"":""08:00"",""close"":""18:00""},""sun"":{""kind"":""closed""}}",0956 054 4537,,,,,,OPERATIONAL,Coffee shop|Coffee shop,https://www.coastalgrounds.coffee/,true,
ChIJY-O-JgC3lzMRoFsAFlut-z0,COF Katipunan,"279 Katipunan Ave, Quezon City",14.6342229,121.0740398,"{""mon"":{""kind"":""open"",""open"":""11:00"",""close"":""21:00""},""tue"":{""kind"":""open"",""open"":""11:00"",""close"":""21:00""},""wed"":{""kind"":""open"",""open"":""11:00"",""close"":""21:00""},""thu"":{""kind"":""open"",""open"":""11:00"",""close"":""21:00""},""fri"":{""kind"":""open"",""open"":""11:00"",""close"":""21:00""},""sat"":{""kind"":""open"",""open"":""11:00"",""close"":""21:00""},""sun"":{""kind"":""open"",""open"":""11:00"",""close"":""21:00""}}",0977 338 4920,,,,,,OPERATIONAL,Coffee shop|Coffee shop,https://web.facebook.com/TheCOFPH,true,
ChIJ_SioFgC3lzMR_4-Xj2FkqjA,Coffee + Co UST,"1151 Dos Castillas St, Sampaloc, Manila",14.61313,120.9905514,"{""mon"":{""kind"":""open"",""open"":""13:00"",""close"":""03:00""},""tue"":{""kind"":""open"",""open"":""13:00"",""close"":""03:00""},""wed"":{""kind"":""open"",""open"":""13:00"",""close"":""03:00""},""thu"":{""kind"":""open"",""open"":""13:00"",""close"":""03:00""},""fri"":{""kind"":""open"",""open"":""13:00"",""close"":""03:00""},""sat"":{""kind"":""open"",""open"":""13:00"",""close"":""03:00""},""sun"":{""kind"":""open"",""open"":""13:00"",""close"":""03:00""}}",,,,,,,OPERATIONAL,Coffee shop|Coffee shop,,true,
ChIJuekvCdHRlzMRpt-7B9PTlNw,Coffee + Design Rabbit Hole,"Lot 26 Block 47 Abel Nosce Street, BF Resort Dr, Village, Las Piñas",14.431519,120.9942475,"{""mon"":{""kind"":""open"",""open"":""11:30"",""close"":""21:00""},""tue"":{""kind"":""open"",""open"":""11:30"",""close"":""21:00""},""wed"":{""kind"":""open"",""open"":""11:30"",""close"":""21:00""},""thu"":{""kind"":""open"",""open"":""11:30"",""close"":""21:00""},""fri"":{""kind"":""open"",""open"":""11:30"",""close"":""21:00""},""sat"":{""kind"":""open"",""open"":""09:00"",""close"":""22:00""},""sun"":{""kind"":""open"",""open"":""09:00"",""close"":""21:00""}}",,,,,,,OPERATIONAL,Coffee shop|Coffee shop,https://www.instagram.com/rabbitholecoffeeph/,true,
ChIJdd6LbwCZqTMRRx2zsdYLFP4,COFFEE BEAR,"Cebu City, 6000 Cebu",10.3294436,123.90664869999999,"{""mon"":{""kind"":""all_day""},""tue"":{""kind"":""all_day""},""wed"":{""kind"":""all_day""},""thu"":{""kind"":""all_day""},""fri"":{""kind"":""all_day""},""sat"":{""kind"":""all_day""},""sun"":{""kind"":""all_day""}}",,,,,available,,OPERATIONAL,Coffee store|Coffee store,,true,
ChIJz928m2_JlzMRajIwrDtVd8A,COFFEE BLANC,"The Portal Greenfield District, Sto. Cristo, Mandaluyong City",14.579112799999999,121.05359469999999,"{""mon"":{""kind"":""open"",""open"":""08:00"",""close"":""00:00""},""tue"":{""kind"":""open"",""open"":""08:00"",""close"":""00:00""},""wed"":{""kind"":""open"",""open"":""08:00"",""close"":""00:00""},""thu"":{""kind"":""open"",""open"":""08:00"",""close"":""00:00""},""fri"":{""kind"":""open"",""open"":""08:00"",""close"":""02:00""},""sat"":{""kind"":""open"",""open"":""08:00"",""close"":""02:00""},""sun"":{""kind"":""open"",""open"":""09:00"",""close"":""02:00""}}",0917 136 2986,,,,,,OPERATIONAL,Coffee shop|Coffee shop,https://instagram.com/coffeeblancph?igshid=NTc4MTIwNjQ2YQ==,true,
ChIJj4yK7W63lzMR1cFEzAINHqM,COFFEE CATS,"190 Tomas Morato, cor Scout Gandia, Sacred Heart, Diliman, Quezon City",14.631463,121.03475999999999,"{""mon"":{""kind"":""open"",""open"":""10:00"",""close"":""21:00""},""tue"":{""kind"":""open"",""open"":""10:00"",""close"":""21:00""},""wed"":{""kind"":""closed""},""thu"":{""kind"":""open"",""open"":""10:00"",""close"":""21:00""},""fri"":{""kind"":""open"",""open"":""10:00"",""close"":""21:00""},""sat"":{""kind"":""open"",""open"":""10:00"",""close"":""21:00""},""sun"":{""kind"":""open"",""open"":""11:00"",""close"":""17:00""}}",,,,,,,OPERATIONAL,Coffee shop|Coffee shop,,true,
ChIJPWbQaz7JlzMRRM5c0oh3UC8,Coffee Chapters - Burgos Pasay,"No. 2369 Padre Burgos St, Pasay City",14.5482508,121.00051549999999,"{""mon"":{""kind"":""all_day""},""tue"":{""kind"":""all_day""},""wed"":{""kind"":""all_day""},""thu"":{""kind"":""all_day""},""fri"":{""kind"":""all_day""},""sat"":{""kind"":""all_day""},""sun"":{""kind"":""all_day""}}",0956 234 3143,,,,,,OPERATIONAL,Coffee shop|Coffee shop,https://coffeechaptersph.com/,true,
ChIJK-ZzYgzLlzMRbq8zOaM7UX4,Coffee Chapters - Taft Ave. ( in front of Arellano Law School ),"G/F 1748, Diokno Bldg, F, 1306 Taft Ave, Pasay City",14.559823499999998,120.9959677,"{""mon"":{""kind"":""open"",""open"":""08:00"",""close"":""03:00""},""tue"":{""kind"":""open"",""open"":""08:00"",""close"":""03:00""},""wed"":{""kind"":""open"",""open"":""08:00"",""close"":""03:00""},""thu"":{""kind"":""open"",""open"":""08:00"",""close"":""03:00""},""fri"":{""kind"":""open"",""open"":""08:00"",""close"":""03:00""},""sat"":{""kind"":""open"",""open"":""08:00"",""close"":""03:00""},""sun"":{""kind"":""open"",""open"":""08:00"",""close"":""03:00""}}",0956 234 3143,,,,,,OPERATIONAL,Coffee shop|Coffee shop,,true,
ChIJLxy1AQBt-TIRR-e799gxYmY,Coffee Co - Buhangin,"4J37+5J8, KM 5 Buhangin, Buhangin, Davao City",7.102904499999999,125.61408669999999,"{""mon"":{""kind"":""open"",""open"":""07:00"",""close"":""22:00""},""tue"":{""kind"":""open"",""open"":""07:00"",""close"":""22:00""},""wed"":{""kind"":""open"",""open"":""07:00"",""close"":""22:00""},""thu"":{""kind"":""open"",""open"":""07:00"",""close"":""22:00""},""fri"":{""kind"":""open"",""open"":""07:00"",""close"":""22:00""},""sat"":{""kind"":""open"",""open"":""07:00"",""close"":""22:00""},""sun"":{""kind"":""open"",""open"":""07:00"",""close"":""22:00""}}",,,,,,,OPERATIONAL,Coffee shop|Coffee shop,https://kaoonta.com/listings/coffee-co-buhangin/,true,
ChIJD_ALHQCZqTMR3UdzLOoR1rY,Coffee Factory 88th Avenue,"Unit C113, 88th Avenue Gov. M. Cuenco Ave, Cebu City",10.3279674,123.909268,"{""mon"":{""kind"":""open"",""open"":""08:00"",""close"":""01:00""},""tue"":{""kind"":""open"",""open"":""08:00"",""close"":""01:00""},""wed"":{""kind"":""open"",""open"":""08:00"",""close"":""01:00""},""thu"":{""kind"":""open"",""open"":""08:00"",""close"":""01:00""},""fri"":{""kind"":""open"",""open"":""08:00"",""close"":""01:00""},""sat"":{""kind"":""open"",""open"":""08:00"",""close"":""01:00""},""sun"":{""kind"":""open"",""open"":""08:00"",""close"":""01:00""}}",0995 293 5592,,,,available,,OPERATIONAL,Coffee shop|Coffee shop,,true,
ChIJhZq-BuaYqTMR-tWAJtoB-mE,Coffee Factory Main,"20 A. S. Fortuna St, Cebu City",10.3431876,123.91375459999999,"{""mon"":{""kind"":""all_day""},""tue"":{""kind"":""all_day""},""wed"":{""kind"":""all_day""},""thu"":{""kind"":""all_day""},""fri"":{""kind"":""all_day""},""sat"":{""kind"":""all_day""},""sun"":{""kind"":""all_day""}}",0966 801 1234,available,,,available,,OPERATIONAL,Cafe|Cafe,https://www.facebook.com/CoffeeFactorymain,true,
ChIJ0b75EDaZqTMR-pJQA6WTKmQ,Coffee First - Meridian Kasambagan,"The Meridian by Avenir Bldg, Golam Dr, Kasambagan, Cebu City",10.3241588,123.9098829,"{""mon"":{""kind"":""open"",""open"":""06:00"",""close"":""21:00""},""tue"":{""kind"":""open"",""open"":""06:00"",""close"":""21:00""},""wed"":{""kind"":""open"",""open"":""06:00"",""close"":""21:00""},""thu"":{""kind"":""open"",""open"":""06:00"",""close"":""21:00""},""fri"":{""kind"":""open"",""open"":""06:00"",""close"":""21:00""},""sat"":{""kind"":""open"",""open"":""06:00"",""close"":""21:00""},""sun"":{""kind"":""open"",""open"":""08:00"",""close"":""17:00""}}",0927 621 7496,,,,,,OPERATIONAL,Coffee shop|Coffee shop,https://coffeefirst.ph/locations/the-meridian-kasambagan,true,
ChIJ5eCPr-aZqTMRYYfOQb6qSF8,Coffee First - Pelaez,"Pelaez St, Cebu City",10.2992697,123.8980742,"{""mon"":{""kind"":""open"",""open"":""07:00"",""close"":""21:00""},""tue"":{""kind"":""open"",""open"":""07:00"",""close"":""21:00""},""wed"":{""kind"":""open"",""open"":""07:00"",""close"":""21:00""},""thu"":{""kind"":""open"",""open"":""07:00"",""close"":""21:00""},""fri"":{""kind"":""open"",""open"":""07:00"",""close"":""21:00""},""sat"":{""kind"":""open"",""open"":""07:00"",""close"":""22:00""},""sun"":{""kind"":""closed""}}",,,,,,,OPERATIONAL,Coffee shop|Coffee shop,https://coffeefirst.ph/locations/pelaez,true,
ChIJNWFXodSZqTMRblFhoUuHsdE,Coffee First - Skyrise 1,"Skyrise 1 IT Park, I. Villa St, Cebu City",10.3318234,123.90687299999999,"{""mon"":{""kind"":""all_day""},""tue"":{""kind"":""all_day""},""wed"":{""kind"":""all_day""},""thu"":{""kind"":""all_day""},""fri"":{""kind"":""all_day""},""sat"":{""kind"":""all_day""},""sun"":{""kind"":""all_day""}}",0960 559 6927,,,,,,OPERATIONAL,Coffee shop|Coffee shop,https://www.coffeefirst.ph/,true,
ChIJXeRl7DiZqTMRsLXdk-KCC84,Coffee First - Skyrise 4A,"Skyrise 4A, V. Padriga St, Lahug, Cebu City",10.330173,123.90643229999999,"{""mon"":{""kind"":""all_day""},""tue"":{""kind"":""all_day""},""wed"":{""kind"":""all_day""},""thu"":{""kind"":""all_day""},""fri"":{""kind"":""all_day""},""sat"":{""kind"":""all_day""},""sun"":{""kind"":""all_day""}}",0960 559 6927,,,,,,OPERATIONAL,Coffee shop|Coffee shop,https://coffeefirst.ph/locations/skyrise-1,true,
ChIJUamc_QaZqTMRHYsRr9WPyI0,Coffee First - Sugbo Sentro IT Park,"Salinas Dr, Cebu City",10.3275113,123.90548059999999,"{""mon"":{""kind"":""all_day""},""tue"":{""kind"":""all_day""},""wed"":{""kind"":""all_day""},""thu"":{""kind"":""all_day""},""fri"":{""kind"":""all_day""},""sat"":{""kind"":""all_day""},""sun"":{""kind"":""all_day""}}",0960 686 9049,,,,available,,OPERATIONAL,Coffee shop|Coffee shop,https://coffeefirst.ph/locations/i1-it-park,true,
ChIJC2ccjb1y-TIRneVrOp7i9Go,Coffee For Peace at One Oasis,"Unit 6105, One Oasis, Eco W Dr, Talomo, Davao City",7.0466378999999995,125.5890082,"{""mon"":{""kind"":""open"",""open"":""09:00"",""close"":""21:00""},""tue"":{""kind"":""open"",""open"":""09:00"",""close"":""21:00""},""wed"":{""kind"":""open"",""open"":""09:00"",""close"":""21:00""},""thu"":{""kind"":""open"",""open"":""09:00"",""close"":""21:00""},""fri"":{""kind"":""open"",""open"":""09:00"",""close"":""21:00""},""sat"":{""kind"":""open"",""open"":""09:00"",""close"":""21:00""},""sun"":{""kind"":""closed""}}",0970 174 0877,,,,,,OPERATIONAL,Coffee shop|Coffee shop|Cafe,http://www.coffeeforpeace.com/,true,
ChIJfUUrKady-TIRC3qxXMy_ZRQ,Coffee For Peace Kiosk,"Abreeza Mall, J.P. Laurel Ave, Poblacion District, Davao City",7.0911903999999994,125.61129899999999,"{""mon"":{""kind"":""open"",""open"":""10:00"",""close"":""22:00""},""tue"":{""kind"":""open"",""open"":""10:00"",""close"":""22:00""},""wed"":{""kind"":""open"",""open"":""10:00"",""close"":""22:00""},""thu"":{""kind"":""open"",""open"":""10:00"",""close"":""22:00""},""fri"":{""kind"":""open"",""open"":""10:00"",""close"":""22:00""},""sat"":{""kind"":""open"",""open"":""10:00"",""close"":""22:00""},""sun"":{""kind"":""open"",""open"":""10:00"",""close"":""22:00""}}",,,,,,,OPERATIONAL,Coffee shop|Coffee shop|Cafe,http://www.coffeeforpeace.com/,true,
ChIJ96brjKdt-TIR4p9ZoW3bkmo,Coffee Fragrance (커피 향기),"Vincent Heights, Matthewsway Dr, Lanang, Davao City",7.1121437,125.631812,"{""mon"":{""kind"":""open"",""open"":""09:00"",""close"":""22:00""},""tue"":{""kind"":""open"",""open"":""09:00"",""close"":""22:00""},""wed"":{""kind"":""open"",""open"":""09:00"",""close"":""22:00""},""thu"":{""kind"":""open"",""open"":""09:00"",""close"":""22:00""},""fri"":{""kind"":""open"",""open"":""09:00"",""close"":""22:00""},""sat"":{""kind"":""open"",""open"":""09:00"",""close"":""22:00""},""sun"":{""kind"":""open"",""open"":""12:00"",""close"":""22:00""}}",0991 499 5814,,,,,,OPERATIONAL,Coffee shop|Coffee shop,,true,
ChIJITrzUdfHlzMRZJbOf8jL2pk,"Coffee Geney- Countryside, Pasig","Lot 5, Brgy, Block 1 Countryside Ave, Sta. Lucia, Pasig",14.5887937,121.10135009999999,,,,,,,,OPERATIONAL,Coffee shop|Coffee shop,,false,missing_hours
ChIJsRBKUADTlzMRpOqAu9kfW5U,Coffee Gusto BFRV,"Blk 3, BF Resort Village, Lot 9-A Gloria Diaz, Las Piñas",14.441329099999999,120.9812599,"{""mon"":{""kind"":""open"",""open"":""11:00"",""close"":""00:00""},""tue"":{""kind"":""open"",""open"":""11:00"",""close"":""00:00""},""wed"":{""kind"":""open"",""open"":""11:00"",""close"":""00:00""},""thu"":{""kind"":""open"",""open"":""11:00"",""close"":""00:00""},""fri"":{""kind"":""open"",""open"":""11:00"",""close"":""00:00""},""sat"":{""kind"":""open"",""open"":""11:00"",""close"":""00:00""},""sun"":{""kind"":""open"",""open"":""11:00"",""close"":""00:00""}}",0915 491 0337,,,,,,OPERATIONAL,Cafe|Cafe|Coffee shop,http://fb.me/coffeegustobfrv,true,
ChIJkaubN0Rt-TIR8EI-cx9W3aY,Coffee Hub,"General Luna St, Poblacion District, Davao City",7.0713921,125.60544589999999,"{""mon"":{""kind"":""all_day""},""tue"":{""kind"":""all_day""},""wed"":{""kind"":""all_day""},""thu"":{""kind"":""all_day""},""fri"":{""kind"":""all_day""},""sat"":{""kind"":""all_day""},""sun"":{""kind"":""all_day""}}",,,,,,,OPERATIONAL,Coffee shop|Coffee shop,,true,
ChIJfYh0O9PJlzMR2OFRy1eSfoM,Coffee Industry Kapitolyo,"28 E Capitol Dr, Kapitolyo, Pasig",14.570434899999999,121.06060959999999,"{""mon"":{""kind"":""open"",""open"":""09:00"",""close"":""18:00""},""tue"":{""kind"":""open"",""open"":""09:00"",""close"":""18:00""},""wed"":{""kind"":""open"",""open"":""09:00"",""close"":""18:00""},""thu"":{""kind"":""open"",""open"":""09:00"",""close"":""18:00""},""fri"":{""kind"":""open"",""open"":""09:00"",""close"":""18:00""},""sat"":{""kind"":""open"",""open"":""09:00"",""close"":""18:00""},""sun"":{""kind"":""closed""}}",0920 543 6351,,,,,,OPERATIONAL,Coffee shop|Coffee shop,,true,
ChIJ302SIABt-TIR2H1iTnVuZQ4,Coffee Maybe Davao,"3J87+F58, Artiaga St, Poblacion District, Davao City",7.0660516,125.61307099999999,"{""mon"":{""kind"":""open"",""open"":""11:00"",""close"":""22:00""},""tue"":{""kind"":""open"",""open"":""11:00"",""close"":""22:00""},""wed"":{""kind"":""open"",""open"":""11:00"",""close"":""22:00""},""thu"":{""kind"":""open"",""open"":""11:00"",""close"":""22:00""},""fri"":{""kind"":""open"",""open"":""11:00"",""close"":""22:00""},""sat"":{""kind"":""open"",""open"":""11:00"",""close"":""22:00""},""sun"":{""kind"":""open"",""open"":""11:00"",""close"":""22:00""}}",0936 463 8009,,,,,,OPERATIONAL,Coffee shop|Coffee shop,https://www.facebook.com/profile.php?id=61569408440591&mibextid=wwXIfr&mibextid=wwXIfr,true,
ChIJNwTowhTJlzMRPZ5PjSc3Bpc,Coffee Nomads PH,"516 Katarungan, Plainview, Mandaluyong City",14.5740597,121.0329156,"{""mon"":{""kind"":""open"",""open"":""09:00"",""close"":""23:00""},""tue"":{""kind"":""open"",""open"":""09:00"",""close"":""23:00""},""wed"":{""kind"":""open"",""open"":""09:00"",""close"":""23:00""},""thu"":{""kind"":""open"",""open"":""09:00"",""close"":""23:00""},""fri"":{""kind"":""open"",""open"":""09:00"",""close"":""23:00""},""sat"":{""kind"":""open"",""open"":""09:00"",""close"":""22:00""},""sun"":{""kind"":""open"",""open"":""09:00"",""close"":""22:00""}}",0966 771 6332,,,,,,OPERATIONAL,Coffee shop|Coffee shop,,true,
ChIJ23XsyOyZqTMRmqkP_7hagIw,COFFEE SPOT - MANGO CEBU,"One General Maxilom Ave, Cebu City",10.3101459,123.89652439999999,"{""mon"":{""kind"":""open"",""open"":""08:00"",""close"":""02:00""},""tue"":{""kind"":""open"",""open"":""08:00"",""close"":""02:00""},""wed"":{""kind"":""open"",""open"":""08:00"",""close"":""02:00""},""thu"":{""kind"":""open"",""open"":""08:00"",""close"":""02:00""},""fri"":{""kind"":""open"",""open"":""08:00"",""close"":""02:00""},""sat"":{""kind"":""open"",""open"":""08:00"",""close"":""02:00""},""sun"":{""kind"":""open"",""open"":""10:00"",""close"":""02:00""}}",0915 043 8339,,,,available,,OPERATIONAL,Coffee shop|Coffee shop,,true,
ChIJC4ktPwC3lzMRM8zZYv6f2AM,Coffee Spot White Plains Katipunan Ave.,"Cbc Bldg, Katipunan Ave, Quezon City",14.611615599999999,121.07054289999999,"{""mon"":{""kind"":""open"",""open"":""07:00"",""close"":""04:00""},""tue"":{""kind"":""open"",""open"":""07:00"",""close"":""04:00""},""wed"":{""kind"":""open"",""open"":""07:00"",""close"":""04:00""},""thu"":{""kind"":""open"",""open"":""07:00"",""close"":""04:00""},""fri"":{""kind"":""open"",""open"":""07:00"",""close"":""04:00""},""sat"":{""kind"":""open"",""open"":""07:00"",""close"":""04:00""},""sun"":{""kind"":""open"",""open"":""07:00"",""close"":""04:00""}}",0956 276 5903,,,,,,OPERATIONAL,Coffee shop|Coffee shop,https://coffeespot.ph/,true,
ChIJId_sDs7RlzMRlz25800Q4T4,Coffee Syndicate,"Filinvest Corporate City, C29M+PV7, G/F Commercenter Alabang, Commerce Ave, cor Filinvest Ave, Alabang, Muntinlupa",14.4190781,121.0345339,"{""mon"":{""kind"":""open"",""open"":""07:00"",""close"":""22:00""},""tue"":{""kind"":""open"",""open"":""07:00"",""close"":""22:00""},""wed"":{""kind"":""open"",""open"":""07:00"",""close"":""22:00""},""thu"":{""kind"":""open"",""open"":""07:00"",""close"":""22:00""},""fri"":{""kind"":""open"",""open"":""07:00"",""close"":""22:00""},""sat"":{""kind"":""open"",""open"":""07:00"",""close"":""22:00""},""sun"":{""kind"":""open"",""open"":""07:00"",""close"":""22:00""}}",,,,,,,OPERATIONAL,Bar|Bar,,true,
ChIJtR0diUqZqTMRDs2sbOX8JMI,CoffeeBay,"8WH4+M84, HM Tower, Abad St, Cebu City",10.329136199999999,123.90582099999999,"{""mon"":{""kind"":""all_day""},""tue"":{""kind"":""all_day""},""wed"":{""kind"":""all_day""},""thu"":{""kind"":""all_day""},""fri"":{""kind"":""all_day""},""sat"":{""kind"":""all_day""},""sun"":{""kind"":""all_day""}}",,,,,available,,OPERATIONAL,Coffee shop|Coffee shop,http://www.coffee-bay.co.kr/extension/brand.php,true,
ChIJ6TqdEQBt-TIRhHYDuprZxLE,Coffeebox | SM Lanang,"3JXJ+6C, Davao City",7.0980703,125.6309732,,,,,,,,OPERATIONAL,Coffee shop|Coffee shop,,false,missing_hours
ChIJo8xHBbe7lzMR43in8xlji90,Coffeetate,"174, 1889 Villonco, Quezon City",14.697480599999999,121.08385159999999,"{""mon"":{""kind"":""open"",""open"":""10:00"",""close"":""00:00""},""tue"":{""kind"":""open"",""open"":""10:00"",""close"":""00:00""},""wed"":{""kind"":""open"",""open"":""10:00"",""close"":""00:00""},""thu"":{""kind"":""open"",""open"":""10:00"",""close"":""00:00""},""fri"":{""kind"":""open"",""open"":""10:00"",""close"":""00:00""},""sat"":{""kind"":""open"",""open"":""10:00"",""close"":""00:00""},""sun"":{""kind"":""open"",""open"":""10:00"",""close"":""00:00""}}",0960 206 3267,,,,,,OPERATIONAL,Coffee shop|Coffee shop,https://www.facebook.com/Coffeetate2023,true,
ChIJ2YlRaACZqTMR2QS5g_LvAiY,Coffi & Carbs,"8V8P+JM3, M. Velez St, Cebu City",10.3165108,123.8866838,"{""mon"":{""kind"":""open"",""open"":""07:00"",""close"":""23:00""},""tue"":{""kind"":""open"",""open"":""07:00"",""close"":""23:00""},""wed"":{""kind"":""open"",""open"":""07:00"",""close"":""23:00""},""thu"":{""kind"":""open"",""open"":""07:00"",""close"":""23:00""},""fri"":{""kind"":""open"",""open"":""07:00"",""close"":""23:00""},""sat"":{""kind"":""open"",""open"":""07:00"",""close"":""23:00""},""sun"":{""kind"":""open"",""open"":""07:00"",""close"":""23:00""}}",0929 530 8379,,,,,,OPERATIONAL,Coffee shop|Coffee shop,,true,
ChIJ87dn3mLJlzMR6XbqoHEEucg,COLAB Cafe,"Unit 202-203, The Vantage at Kapitolyo West Capitol Drive, corner United St, Kapitolyo, Pasig",14.5727747,121.0599744,"{""mon"":{""kind"":""open"",""open"":""08:00"",""close"":""20:00""},""tue"":{""kind"":""open"",""open"":""08:00"",""close"":""20:00""},""wed"":{""kind"":""open"",""open"":""08:00"",""close"":""20:00""},""thu"":{""kind"":""open"",""open"":""08:00"",""close"":""20:00""},""fri"":{""kind"":""open"",""open"":""08:00"",""close"":""20:00""},""sat"":{""kind"":""open"",""open"":""08:00"",""close"":""21:00""},""sun"":{""kind"":""closed""}}",,,,,,,OPERATIONAL,Cafe|Cafe,,true,
ChIJTWOxz1LJlzMRpKtGKYwUisI,Cole&Co. Studio Cafe,"304 V. Cruz, Little Baguio, San Juan City",14.598505399999999,121.0379052,"{""mon"":{""kind"":""open"",""open"":""08:00"",""close"":""21:00""},""tue"":{""kind"":""open"",""open"":""08:00"",""close"":""21:00""},""wed"":{""kind"":""open"",""open"":""08:00"",""close"":""21:00""},""thu"":{""kind"":""open"",""open"":""08:00"",""close"":""23:00""},""fri"":{""kind"":""open"",""open"":""08:00"",""close"":""23:00""},""sat"":{""kind"":""open"",""open"":""08:00"",""close"":""23:00""},""sun"":{""kind"":""open"",""open"":""08:00"",""close"":""21:00""}}",0966 963 9583,,,,,,OPERATIONAL,Cafe|Cafe,,true,
ChIJnZVygfq3lzMRPC1Si8hkXgA,Common Folk Coffee Bar,"79 Katipunan Ave, Quezon City",14.605891699999999,121.0704878,"{""mon"":{""kind"":""open"",""open"":""07:00"",""close"":""21:00""},""tue"":{""kind"":""open"",""open"":""07:00"",""close"":""21:00""},""wed"":{""kind"":""open"",""open"":""07:00"",""close"":""21:00""},""thu"":{""kind"":""open"",""open"":""07:00"",""close"":""21:00""},""fri"":{""kind"":""open"",""open"":""07:00"",""close"":""21:00""},""sat"":{""kind"":""open"",""open"":""07:00"",""close"":""21:00""},""sun"":{""kind"":""open"",""open"":""07:00"",""close"":""21:00""}}",,,,,,,OPERATIONAL,Cafe|Cafe,https://www.spot.ph/eatdrink/the-latest-eat-drink/68983/common-folk-white-plains-quezon-city-a1554-20170117-lfrm,true,
ChIJf606aQDJlzMRMEuXW4yIR2g,Common Man Coffee Roasters - BGC,"28th St, Taguig",14.5485673,121.05094509999999,"{""mon"":{""kind"":""open"",""open"":""07:00"",""close"":""22:00""},""tue"":{""kind"":""open"",""open"":""07:00"",""close"":""22:00""},""wed"":{""kind"":""open"",""open"":""07:00"",""close"":""22:00""},""thu"":{""kind"":""open"",""open"":""07:00"",""close"":""22:00""},""fri"":{""kind"":""open"",""open"":""07:00"",""close"":""22:00""},""sat"":{""kind"":""open"",""open"":""07:00"",""close"":""22:00""},""sun"":{""kind"":""open"",""open"":""07:00"",""close"":""22:00""}}",,,,,,,OPERATIONAL,Cafe|Cafe,,true,
ChIJHQ3QPziZqTMR1CCqBDU00Ys,Commonly Uncommon Coffee,"Crossroads Mall, Cebu City",10.3282752,123.9095402,"{""mon"":{""kind"":""open"",""open"":""08:00"",""close"":""21:00""},""tue"":{""kind"":""open"",""open"":""08:00"",""close"":""21:00""},""wed"":{""kind"":""open"",""open"":""08:00"",""close"":""21:00""},""thu"":{""kind"":""open"",""open"":""08:00"",""close"":""21:00""},""fri"":{""kind"":""open"",""open"":""08:00"",""close"":""22:00""},""sat"":{""kind"":""open"",""open"":""08:00"",""close"":""22:00""},""sun"":{""kind"":""open"",""open"":""08:00"",""close"":""22:00""}}",0927 529 8236,,,,available,,OPERATIONAL,Coffee shop|Coffee shop,,true,
ChIJxWZpGQfJlzMREA005xh_KTk,Commune Café + Bar + Roastery,"36 Polaris, Poblacion, Makati City",14.562694899999999,121.0300319,"{""mon"":{""kind"":""open"",""open"":""08:00"",""close"":""00:00""},""tue"":{""kind"":""open"",""open"":""08:00"",""close"":""00:00""},""wed"":{""kind"":""open"",""open"":""08:00"",""close"":""00:00""},""thu"":{""kind"":""open"",""open"":""08:00"",""close"":""00:00""},""fri"":{""kind"":""open"",""open"":""08:00"",""close"":""01:00""},""sat"":{""kind"":""open"",""open"":""08:00"",""close"":""01:00""},""sun"":{""kind"":""open"",""open"":""08:00"",""close"":""00:00""}}",0919 859 5848,,,,,,OPERATIONAL,Coffee shop|Coffee shop|Bar|Coffee roastery|Restaurant,http://www.commune.ph/,true,
ChIJpSrRfwC3lzMRX71vUIL3cGI,Cộng Cà Phê - Gateway Mall 2,"Level 2, Gateway Mall 2, General Araneta, Cubao, Quezon City",14.619444999999999,121.053648,"{""mon"":{""kind"":""open"",""open"":""10:00"",""close"":""21:00""},""tue"":{""kind"":""open"",""open"":""10:00"",""close"":""21:00""},""wed"":{""kind"":""open"",""open"":""10:00"",""close"":""21:00""},""thu"":{""kind"":""open"",""open"":""10:00"",""close"":""21:00""},""fri"":{""kind"":""open"",""open"":""10:00"",""close"":""22:00""},""sat"":{""kind"":""open"",""open"":""10:00"",""close"":""22:00""},""sun"":{""kind"":""open"",""open"":""10:00"",""close"":""21:00""}}",0906 575 4626,,,,,,OPERATIONAL,Coffee shop|Coffee shop,https://www.facebook.com/profile.php?id=61567854074514,true,
ChIJVawzegDLlzMRLPpbd1b5oVs,Cộng Cà Phê - Lucky Chinatown Mall,"Lucky Chinatown Mall, Lachambre St, Binondo, Manila",14.603368999999999,120.97334079999999,"{""mon"":{""kind"":""open"",""open"":""10:00"",""close"":""21:00""},""tue"":{""kind"":""open"",""open"":""10:00"",""close"":""21:00""},""wed"":{""kind"":""open"",""open"":""10:00"",""close"":""21:00""},""thu"":{""kind"":""open"",""open"":""10:00"",""close"":""21:00""},""fri"":{""kind"":""open"",""open"":""10:00"",""close"":""21:00""},""sat"":{""kind"":""open"",""open"":""10:00"",""close"":""21:00""},""sun"":{""kind"":""open"",""open"":""10:00"",""close"":""21:00""}}",,,,,,,OPERATIONAL,Coffee shop|Coffee shop,,true,
ChIJP638aViZqTMR5vQ5zpMlWJo,Cong Cafe,"78 Sanciangko St, Cebu City",10.29833,123.8987724,"{""mon"":{""kind"":""open"",""open"":""10:00"",""close"":""00:00""},""tue"":{""kind"":""open"",""open"":""10:00"",""close"":""00:00""},""wed"":{""kind"":""open"",""open"":""10:00"",""close"":""00:00""},""thu"":{""kind"":""open"",""open"":""10:00"",""close"":""00:00""},""fri"":{""kind"":""open"",""open"":""10:00"",""close"":""00:00""},""sat"":{""kind"":""open"",""open"":""10:00"",""close"":""00:00""},""sun"":{""kind"":""open"",""open"":""10:00"",""close"":""00:00""}}",,available,,,,available,OPERATIONAL,Cafe|Cafe,https://www.facebook.com/congcafe.cebu/,true,
ChIJB1_UMgzJlzMRoJ4jl4f4NBY,Cooper's Coffee Haus - CW Ortigas Home Depot,"Doña Julia Vargas Ave, San Antonio, Pasig",14.5850754,121.0658953,"{""mon"":{""kind"":""open"",""open"":""09:00"",""close"":""22:00""},""tue"":{""kind"":""open"",""open"":""09:00"",""close"":""22:00""},""wed"":{""kind"":""open"",""open"":""09:00"",""close"":""22:00""},""thu"":{""kind"":""open"",""open"":""09:00"",""close"":""22:00""},""fri"":{""kind"":""open"",""open"":""09:00"",""close"":""22:00""},""sat"":{""kind"":""open"",""open"":""09:00"",""close"":""22:00""},""sun"":{""kind"":""open"",""open"":""09:00"",""close"":""22:00""}}",0917 107 6611,,,,,,OPERATIONAL,Coffee shop|Coffee shop|Breakfast restaurant|Cafe,https://www.instagram.com/cooperscoffeehaus/?hl=en,true,
ChIJqdY16RC3lzMR7cUpNLuB2aY,"Cooper's Coffee Haus - EDSA, Mandaluyong City","233 Epifanio de los Santos Ave, Barrio Mapuntod, 233 Epifanio de los Santos Ave, Wack-wack Greenhills, Barrio Mapuntod, Mandaluyong City",14.5996255,121.0593363,"{""mon"":{""kind"":""open"",""open"":""07:00"",""close"":""20:00""},""tue"":{""kind"":""open"",""open"":""07:00"",""close"":""20:00""},""wed"":{""kind"":""open"",""open"":""07:00"",""close"":""20:00""},""thu"":{""kind"":""open"",""open"":""07:00"",""close"":""20:00""},""fri"":{""kind"":""open"",""open"":""07:00"",""close"":""20:00""},""sat"":{""kind"":""open"",""open"":""07:00"",""close"":""20:00""},""sun"":{""kind"":""open"",""open"":""07:00"",""close"":""20:00""}}",0954 198 7687,,,,,,OPERATIONAL,Coffee shop|Coffee shop|Breakfast restaurant|Cafe,https://www.instagram.com/cooperscoffeehaus/?hl=en,true,
ChIJM7Q8bAS3lzMRZdwVjlVPFJg,Cooper's Coffee Haus - GH Mall Greenhills,"2F, GH Mall, Greenhills Shopping Center, San Juan City",14.6015295,121.05152489999999,"{""mon"":{""kind"":""open"",""open"":""10:00"",""close"":""22:00""},""tue"":{""kind"":""open"",""open"":""10:00"",""close"":""22:00""},""wed"":{""kind"":""open"",""open"":""10:00"",""close"":""22:00""},""thu"":{""kind"":""open"",""open"":""10:00"",""close"":""22:00""},""fri"":{""kind"":""open"",""open"":""10:00"",""close"":""22:00""},""sat"":{""kind"":""open"",""open"":""10:00"",""close"":""22:00""},""sun"":{""kind"":""open"",""open"":""10:00"",""close"":""22:00""}}",0969 079 4739,,,,,,OPERATIONAL,Coffee shop|Coffee shop,https://www.instagram.com/cooperscoffeehaus/?hl=en,true,
ChIJ65RFT-rJlzMRdRras0p7eL4,Cooper's Coffee Haus - High Street South,"GF, High Street South, Corporate Plaza, 26th street, 11th Ave, Taguig",14.5478654,121.0520643,"{""mon"":{""kind"":""open"",""open"":""07:00"",""close"":""22:00""},""tue"":{""kind"":""open"",""open"":""07:00"",""close"":""22:00""},""wed"":{""kind"":""open"",""open"":""07:00"",""close"":""22:00""},""thu"":{""kind"":""open"",""open"":""07:00"",""close"":""22:00""},""fri"":{""kind"":""open"",""open"":""07:00"",""close"":""23:00""},""sat"":{""kind"":""open"",""open"":""07:00"",""close"":""23:00""},""sun"":{""kind"":""open"",""open"":""07:00"",""close"":""22:00""}}",0969 271 3319,,,,,,OPERATIONAL,Coffee shop|Coffee shop,https://www.instagram.com/cooperscoffeehaus/?hl=en,true,
ChIJmT4iLwDRlzMRMBSnABT7dMI,"Cooper's Coffee Haus - Westgate, Alabang","Westgate Center, Muntinlupa",14.421624099999999,121.03399429999999,"{""mon"":{""kind"":""open"",""open"":""07:30"",""close"":""22:00""},""tue"":{""kind"":""open"",""open"":""07:30"",""close"":""22:00""},""wed"":{""kind"":""open"",""open"":""07:30"",""close"":""22:00""},""thu"":{""kind"":""open"",""open"":""07:30"",""close"":""22:00""},""fri"":{""kind"":""open"",""open"":""07:30"",""close"":""22:00""},""sat"":{""kind"":""open"",""open"":""07:30"",""close"":""22:00""},""sun"":{""kind"":""open"",""open"":""07:30"",""close"":""22:00""}}",0962 256 1262,,,,,,OPERATIONAL,Coffee shop|Coffee shop|Breakfast restaurant|Cafe,https://www.instagram.com/cooperscoffeehaus/?hl=en,true,
ChIJaYSwBwC3lzMRCvoWPDma0V4,Corner26,"26 Maalalahanin, Diliman, Quezon City",14.643294,121.0577627,"{""mon"":{""kind"":""open"",""open"":""10:00"",""close"":""22:00""},""tue"":{""kind"":""open"",""open"":""10:00"",""close"":""22:00""},""wed"":{""kind"":""open"",""open"":""10:00"",""close"":""22:00""},""thu"":{""kind"":""open"",""open"":""10:00"",""close"":""22:00""},""fri"":{""kind"":""open"",""open"":""10:00"",""close"":""22:00""},""sat"":{""kind"":""open"",""open"":""10:00"",""close"":""22:00""},""sun"":{""kind"":""open"",""open"":""10:00"",""close"":""22:00""}}",,,,,,,OPERATIONAL,Art cafe|Art cafe,,true,
ChIJHXCh8bFt-TIRzhIdXJKMaJY,Cornerhub Cafe,"Block 20, Lot 2 Iñigo St, Bo. Obrero, Davao City",7.0844909,125.61313899999999,,0926 581 2640,,,,,,OPERATIONAL,Cafe|Cafe,https://www.facebook.com/cornerhub.cafe/,false,missing_hours
ChIJx3ncePrJlzMRvMeO1uecurQ,Cotti Coffee - WCC,"UPPER GROUND FLOOR, Hills, Worldwide Corporate Center, Shaw Blvd, Mandaluyong City",14.5827028,121.0514446,"{""mon"":{""kind"":""open"",""open"":""07:00"",""close"":""00:00""},""tue"":{""kind"":""all_day""},""wed"":{""kind"":""all_day""},""thu"":{""kind"":""all_day""},""fri"":{""kind"":""all_day""},""sat"":{""kind"":""open"",""open"":""06:00"",""close"":""21:00""},""sun"":{""kind"":""closed""}}",0976 038 7011,,,,,,OPERATIONAL,Coffee shop|Coffee shop,https://www.facebook.com/cotticoffeeayalamnlbay/,true,
ChIJEbtthQHJlzMR6xwYUDyAU1E,Couch Club Kapitolyo,"76 San Rafael St, Kapitolyo, Pasig",14.5739132,121.0612889,"{""mon"":{""kind"":""closed""},""tue"":{""kind"":""open"",""open"":""11:00"",""close"":""19:00""},""wed"":{""kind"":""open"",""open"":""11:00"",""close"":""19:00""},""thu"":{""kind"":""open"",""open"":""11:00"",""close"":""19:00""},""fri"":{""kind"":""open"",""open"":""11:00"",""close"":""20:00""},""sat"":{""kind"":""open"",""open"":""11:00"",""close"":""20:00""},""sun"":{""kind"":""open"",""open"":""11:00"",""close"":""20:00""}}",,,,,,,OPERATIONAL,Coffee shop|Coffee shop|Bar|Club,https://www.instagram.com/couchclubkapitolyo/,true,
ChIJsT6FaqPIlzMRFESC58DqE5Y,Cove Cafe,"160 Levi B. Mariano Ave, Taguig",14.531564999999999,121.06923479999999,"{""mon"":{""kind"":""open"",""open"":""10:00"",""close"":""02:00""},""tue"":{""kind"":""open"",""open"":""10:00"",""close"":""02:00""},""wed"":{""kind"":""open"",""open"":""10:00"",""close"":""02:00""},""thu"":{""kind"":""open"",""open"":""10:00"",""close"":""02:00""},""fri"":{""kind"":""open"",""open"":""10:00"",""close"":""02:00""},""sat"":{""kind"":""open"",""open"":""10:00"",""close"":""02:00""},""sun"":{""kind"":""open"",""open"":""10:00"",""close"":""02:00""}}",,,,,,,OPERATIONAL,Coffee shop|Coffee shop|Cafe,,true,
ChIJs9TSo1KZqTMRbKTUAOrrUXs,Cozy Cup - Lahug Branch,"Salinas Dr, Cebu City",10.329792999999999,123.90104749999999,"{""mon"":{""kind"":""all_day""},""tue"":{""kind"":""all_day""},""wed"":{""kind"":""all_day""},""thu"":{""kind"":""all_day""},""fri"":{""kind"":""all_day""},""sat"":{""kind"":""all_day""},""sun"":{""kind"":""all_day""}}",0912 624 9791,,,,,,OPERATIONAL,Coffee shop|Coffee shop,,true,
ChIJsbUgelIT-TIRlemIT8MAv60,Craft Coffee,"San Francisco St, Barangay Mintal, Davao City",7.0914443,125.5028526,"{""mon"":{""kind"":""open"",""open"":""08:00"",""close"":""22:00""},""tue"":{""kind"":""open"",""open"":""08:00"",""close"":""22:00""},""wed"":{""kind"":""open"",""open"":""08:00"",""close"":""22:00""},""thu"":{""kind"":""open"",""open"":""08:00"",""close"":""22:00""},""fri"":{""kind"":""open"",""open"":""08:00"",""close"":""22:00""},""sat"":{""kind"":""open"",""open"":""08:00"",""close"":""22:00""},""sun"":{""kind"":""open"",""open"":""08:00"",""close"":""22:00""}}",0933 818 8309,,,,,,OPERATIONAL,Coffee shop|Coffee shop|Distribution service,https://www.facebook.com/craftcoffeedavao/,true,
ChIJeVYUdnFt-TIRkWs7Oz7QQJk,Craft Coffee & Roastery,"Ground floor Dacudao 888 Bldg. Vinson, Cor Dacudao Ave, Poblacion District, Davao City",7.0869665,125.62108749999999,"{""mon"":{""kind"":""open"",""open"":""07:00"",""close"":""22:00""},""tue"":{""kind"":""open"",""open"":""07:00"",""close"":""22:00""},""wed"":{""kind"":""open"",""open"":""07:00"",""close"":""22:00""},""thu"":{""kind"":""open"",""open"":""07:00"",""close"":""22:00""},""fri"":{""kind"":""open"",""open"":""07:00"",""close"":""22:00""},""sat"":{""kind"":""open"",""open"":""07:00"",""close"":""22:00""},""sun"":{""kind"":""open"",""open"":""07:00"",""close"":""22:00""}}",0917 777 5192,,,,,,OPERATIONAL,Cafe|Cafe,,true,
ChIJK5ZEv8yZqTMRsxyjhEs1Hpw,Crosswalk Bakery + Cafe,"Don Jose Avila st, Corner Juana Osmeña St, Capitol Site, Cebu City",10.315533199999999,123.89377739999999,"{""mon"":{""kind"":""open"",""open"":""10:00"",""close"":""21:00""},""tue"":{""kind"":""open"",""open"":""10:00"",""close"":""21:00""},""wed"":{""kind"":""open"",""open"":""10:00"",""close"":""21:00""},""thu"":{""kind"":""open"",""open"":""10:00"",""close"":""21:00""},""fri"":{""kind"":""open"",""open"":""10:00"",""close"":""21:00""},""sat"":{""kind"":""open"",""open"":""10:00"",""close"":""21:00""},""sun"":{""kind"":""closed""}}",0917 163 5167,available,,,available,,OPERATIONAL,Cafe|Cafe,,true,
ChIJuXgoEQC5lzMRZPqmroBW0P4,Cue Five Billiards & Cafe - Marikina,"881 J. P. Rizal St, Marikina",14.6547748,121.10314059999999,"{""mon"":{""kind"":""open"",""open"":""10:00"",""close"":""02:00""},""tue"":{""kind"":""open"",""open"":""10:00"",""close"":""02:00""},""wed"":{""kind"":""open"",""open"":""10:00"",""close"":""02:00""},""thu"":{""kind"":""open"",""open"":""10:00"",""close"":""02:00""},""fri"":{""kind"":""open"",""open"":""10:00"",""close"":""04:00""},""sat"":{""kind"":""open"",""open"":""10:00"",""close"":""04:00""},""sun"":{""kind"":""open"",""open"":""10:00"",""close"":""02:00""}}",0992 126 1848,,,,,,OPERATIONAL,Coffee shop|Coffee shop,https://www.facebook.com/CueFiveBilliardsCafe,true,
ChIJcdNcWwC1lzMRy3vUOzbCN8A,Cuppers Coffee,"bldg 2nd, floor, 135 Samson Square, Dagohoy St, Caloocan",14.6572631,120.98160759999999,"{""mon"":{""kind"":""open"",""open"":""10:00"",""close"":""00:00""},""tue"":{""kind"":""open"",""open"":""10:00"",""close"":""00:00""},""wed"":{""kind"":""open"",""open"":""10:00"",""close"":""00:00""},""thu"":{""kind"":""open"",""open"":""10:00"",""close"":""00:00""},""fri"":{""kind"":""open"",""open"":""10:00"",""close"":""00:00""},""sat"":{""kind"":""open"",""open"":""10:00"",""close"":""00:00""},""sun"":{""kind"":""open"",""open"":""10:00"",""close"":""00:00""}}",,,,,,,OPERATIONAL,Coffee shop|Coffee shop,,true,
ChIJIQ634O6ZqTMRDhAT62ctlOI,Current Coffee Roasters,"Gov. M. Cuenco Ave, Cebu City",10.3479941,123.9129225,"{""mon"":{""kind"":""open"",""open"":""09:00"",""close"":""17:00""},""tue"":{""kind"":""open"",""open"":""09:00"",""close"":""17:00""},""wed"":{""kind"":""open"",""open"":""09:00"",""close"":""17:00""},""thu"":{""kind"":""open"",""open"":""09:00"",""close"":""17:00""},""fri"":{""kind"":""open"",""open"":""09:00"",""close"":""17:00""},""sat"":{""kind"":""open"",""open"":""09:00"",""close"":""17:00""},""sun"":{""kind"":""open"",""open"":""09:00"",""close"":""17:00""}}",0917 875 3174,,,,,,OPERATIONAL,Coffee roastery|Coffee roastery,http://instagram.com/currentcoffeeroasters,true,
ChIJDXhmRIxrXUgR6pojOeLaT50,Curve Coffee Collaborators,"The Place Building, National Highway, Tunasan, Muntinlupa",14.373895699999998,121.0479768,"{""mon"":{""kind"":""open"",""open"":""09:00"",""close"":""21:00""},""tue"":{""kind"":""open"",""open"":""09:00"",""close"":""21:00""},""wed"":{""kind"":""open"",""open"":""09:00"",""close"":""21:00""},""thu"":{""kind"":""open"",""open"":""09:00"",""close"":""21:00""},""fri"":{""kind"":""open"",""open"":""09:00"",""close"":""21:00""},""sat"":{""kind"":""open"",""open"":""09:00"",""close"":""21:00""},""sun"":{""kind"":""open"",""open"":""09:00"",""close"":""21:00""}}",0917 106 7355,,,,,,OPERATIONAL,Coffee roastery|Coffee roastery|Cafe,https://curve.coffee/,true,
ChIJt9q5NELIlzMRbpWjj4VBXTI,D' Cup Coffee Republic,"Pioneer Centre Pioneer St. Cor. United and, Brixton St, Kapitolyo, Pasig",14.573877099999999,121.05727449999999,"{""mon"":{""kind"":""open"",""open"":""15:00"",""close"":""03:00""},""tue"":{""kind"":""open"",""open"":""15:00"",""close"":""03:00""},""wed"":{""kind"":""closed""},""thu"":{""kind"":""open"",""open"":""15:00"",""close"":""03:00""},""fri"":{""kind"":""open"",""open"":""15:00"",""close"":""03:00""},""sat"":{""kind"":""open"",""open"":""15:00"",""close"":""03:00""},""sun"":{""kind"":""open"",""open"":""15:00"",""close"":""03:00""}}",0939 919 2235,,,,,,OPERATIONAL,Cafe|Cafe,https://dcupcoffeerepublic.cafe/,true,
ChIJl7_zBwBt-TIR6DazFXjA8Aw,Daily Brew Coffee Co.,"Door A, Bo. Obrero, Lim Building, Lacson Street, Corner Cervantes St, Poblacion District, Davao City",7.0871381,125.61478869999999,"{""mon"":{""kind"":""open"",""open"":""08:00"",""close"":""02:00""},""tue"":{""kind"":""open"",""open"":""08:00"",""close"":""02:00""},""wed"":{""kind"":""open"",""open"":""08:00"",""close"":""02:00""},""thu"":{""kind"":""open"",""open"":""08:00"",""close"":""02:00""},""fri"":{""kind"":""open"",""open"":""08:00"",""close"":""03:00""},""sat"":{""kind"":""open"",""open"":""08:00"",""close"":""03:00""},""sun"":{""kind"":""open"",""open"":""08:00"",""close"":""03:00""}}",0956 754 8075,,,,,,OPERATIONAL,Coffee shop|Coffee shop,https://www.instagram.com/dailybrew.coffeedvo?igsh=OWY2dW9jZWJjZ3U1&utm_source=qr,true,
ChIJk6OBXuSZqTMRXdAZGx6A7Hs,Daily by Bo’s Coffee (Verve Point),"Gov. M. Cuenco Ave, Sitio Nasipit Road, Talamban, Cebu City",10.3507315,123.9138914,"{""mon"":{""kind"":""open"",""open"":""09:00"",""close"":""22:00""},""tue"":{""kind"":""open"",""open"":""09:00"",""close"":""22:00""},""wed"":{""kind"":""open"",""open"":""09:00"",""close"":""22:00""},""thu"":{""kind"":""open"",""open"":""09:00"",""close"":""22:00""},""fri"":{""kind"":""open"",""open"":""09:00"",""close"":""22:00""},""sat"":{""kind"":""open"",""open"":""09:00"",""close"":""22:00""},""sun"":{""kind"":""open"",""open"":""09:00"",""close"":""22:00""}}",,,,,,,OPERATIONAL,Coffee shop|Coffee shop,,true,
ChIJm_wTXMCZqTMRsJK0kGJNQt8,Daily by Bo's Coffee (Visayas Medical Center),"Visayas Community, Medical Center Mixed-Use Bldg, Osmeña Blvd, Cebu City",10.306687499999999,123.89456249999999,"{""mon"":{""kind"":""open"",""open"":""07:00"",""close"":""20:00""},""tue"":{""kind"":""open"",""open"":""07:00"",""close"":""20:00""},""wed"":{""kind"":""open"",""open"":""07:00"",""close"":""20:00""},""thu"":{""kind"":""open"",""open"":""07:00"",""close"":""20:00""},""fri"":{""kind"":""open"",""open"":""07:00"",""close"":""20:00""},""sat"":{""kind"":""open"",""open"":""07:00"",""close"":""20:00""},""sun"":{""kind"":""open"",""open"":""07:00"",""close"":""20:00""}}",,,,,available,,OPERATIONAL,Coffee shop|Coffee shop,,true,
ChIJ6_XmfQBr-TIRvpDiv_MB6Q4,Daily Croissant,"5H2X+2G6, Cabantian Road, Buhangin, Davao City",7.1500281999999995,125.5987334,,,,,,,,OPERATIONAL,Coffee shop|Coffee shop,,false,missing_hours
ChIJD0l2bADJlzMRttmJsicWz_E,Daily Sips Coffee Shop,"H2JH+9PV, Mandaluyong City",14.5811622,121.0290941,"{""mon"":{""kind"":""open"",""open"":""09:00"",""close"":""02:00""},""tue"":{""kind"":""open"",""open"":""09:00"",""close"":""02:00""},""wed"":{""kind"":""open"",""open"":""09:00"",""close"":""02:00""},""thu"":{""kind"":""open"",""open"":""09:00"",""close"":""02:00""},""fri"":{""kind"":""open"",""open"":""09:00"",""close"":""02:00""},""sat"":{""kind"":""open"",""open"":""09:00"",""close"":""02:00""},""sun"":{""kind"":""open"",""open"":""09:00"",""close"":""02:00""}}",0998 969 2815,,,,,,OPERATIONAL,Coffee shop|Coffee shop,,true,
ChIJp6lpXABt-TIRaVTNDgrkww8,Daleachious Cafe - Buhangin Branch,"Buhangin-Lapanday Rd, Buhangin, Davao City",7.1019673,125.6146177,"{""mon"":{""kind"":""all_day""},""tue"":{""kind"":""all_day""},""wed"":{""kind"":""all_day""},""thu"":{""kind"":""all_day""},""fri"":{""kind"":""all_day""},""sat"":{""kind"":""all_day""},""sun"":{""kind"":""all_day""}}",,,,,,,OPERATIONAL,Coffee shop|Coffee shop,http://www.facebook.com/daleachiouscafe,true,
ChIJz_VdaABt-TIRENThDEBeGxM,Daleachious Cafe - Davao Airport Road,"4JHP+7M4, Cyclone St, Buhangin, Davao City",7.1281474,125.63670499999999,"{""mon"":{""kind"":""all_day""},""tue"":{""kind"":""all_day""},""wed"":{""kind"":""all_day""},""thu"":{""kind"":""all_day""},""fri"":{""kind"":""all_day""},""sat"":{""kind"":""all_day""},""sun"":{""kind"":""all_day""}}",,,,,,,OPERATIONAL,Coffee shop|Coffee shop,http://www.daleachious.com/,true,
ChIJMefqbO1z-TIRne_HWekXYQk,Daleachious Cafe - Ecoland Branch,"Ecoland Dr, Talomo, Davao City",7.0503580999999995,125.5854222,"{""mon"":{""kind"":""all_day""},""tue"":{""kind"":""all_day""},""wed"":{""kind"":""all_day""},""thu"":{""kind"":""all_day""},""fri"":{""kind"":""all_day""},""sat"":{""kind"":""all_day""},""sun"":{""kind"":""all_day""}}",,,,,,,OPERATIONAL,Cafe|Cafe,https://www.facebook.com/daleachiouscafe,true,
ChIJGdQCpS5t-TIRNqkYZruP9Ug,Daleachious Cafe - Lanang Branch,"Sky Garden, SM Premier, Lanang, Davao City",7.0999946,125.6311855,"{""mon"":{""kind"":""all_day""},""tue"":{""kind"":""all_day""},""wed"":{""kind"":""all_day""},""thu"":{""kind"":""all_day""},""fri"":{""kind"":""all_day""},""sat"":{""kind"":""all_day""},""sun"":{""kind"":""all_day""}}",,,,,,,OPERATIONAL,Coffee shop|Coffee shop,,true,
ChIJc9218zds-TIR8pIkw1iH7jM,Damosa Gateway,"IT Building 2, Damosa IT Park Mamay Rd, Lanang, Davao City",7.1018805,125.6326675,"{""mon"":{""kind"":""all_day""},""tue"":{""kind"":""all_day""},""wed"":{""kind"":""all_day""},""thu"":{""kind"":""all_day""},""fri"":{""kind"":""all_day""},""sat"":{""kind"":""all_day""},""sun"":{""kind"":""all_day""}}",,,,,,,OPERATIONAL,Restaurant|Restaurant,,true,
ChIJe6SdBIRt-TIR-4zaykLAQKA,Darkk Coffee Co.,"91-73, 374-A, 374a Teodoro Palma Gil St, Obrero, Davao City",7.0845085999999995,125.617435,"{""mon"":{""kind"":""open"",""open"":""10:00"",""close"":""19:00""},""tue"":{""kind"":""open"",""open"":""10:00"",""close"":""19:00""},""wed"":{""kind"":""open"",""open"":""10:00"",""close"":""19:00""},""thu"":{""kind"":""open"",""open"":""10:00"",""close"":""19:00""},""fri"":{""kind"":""open"",""open"":""07:00"",""close"":""21:00""},""sat"":{""kind"":""open"",""open"":""07:00"",""close"":""21:00""},""sun"":{""kind"":""open"",""open"":""07:00"",""close"":""21:00""}}",0961 812 1546,,,,,,OPERATIONAL,Coffee shop|Coffee shop,,true,
ChIJze-4OAAN-TIRR01KUEDVxU0,DAWN BREW,"2FJV+XXC, Toril, Davao City",7.0324393999999995,125.4948938,"{""mon"":{""kind"":""open"",""open"":""14:00"",""close"":""01:00""},""tue"":{""kind"":""open"",""open"":""14:00"",""close"":""01:00""},""wed"":{""kind"":""open"",""open"":""14:00"",""close"":""01:00""},""thu"":{""kind"":""open"",""open"":""14:00"",""close"":""01:00""},""fri"":{""kind"":""open"",""open"":""14:00"",""close"":""01:00""},""sat"":{""kind"":""open"",""open"":""14:00"",""close"":""01:00""},""sun"":{""kind"":""open"",""open"":""14:00"",""close"":""01:00""}}",,,,,,,OPERATIONAL,Coffee shop|Coffee shop,,true,
ChIJ25UHo0uZqTMR1xQBTeSUzRA,DCC Cafe Talamban,"9W97+5R2, Talamban Rd, Cebu City",10.3678794,123.91453,"{""mon"":{""kind"":""open"",""open"":""07:00"",""close"":""00:00""},""tue"":{""kind"":""open"",""open"":""07:00"",""close"":""00:00""},""wed"":{""kind"":""open"",""open"":""07:00"",""close"":""00:00""},""thu"":{""kind"":""open"",""open"":""07:00"",""close"":""00:00""},""fri"":{""kind"":""open"",""open"":""07:00"",""close"":""00:00""},""sat"":{""kind"":""open"",""open"":""07:00"",""close"":""00:00""},""sun"":{""kind"":""open"",""open"":""07:00"",""close"":""00:00""}}",,,,,,,OPERATIONAL,Coffee shop|Coffee shop,,true,
ChIJj6Oa3OOZqTMRB_J_Q_WdGis,De Laure Coffee,"Market Square Foood Park, Salinas Dr, Cebu City",10.3269276,123.90566949999999,"{""mon"":{""kind"":""open"",""open"":""15:00"",""close"":""05:00""},""tue"":{""kind"":""open"",""open"":""15:00"",""close"":""05:00""},""wed"":{""kind"":""open"",""open"":""15:00"",""close"":""05:00""},""thu"":{""kind"":""open"",""open"":""15:00"",""close"":""05:00""},""fri"":{""kind"":""open"",""open"":""15:00"",""close"":""05:00""},""sat"":{""kind"":""open"",""open"":""15:00"",""close"":""05:00""},""sun"":{""kind"":""open"",""open"":""15:00"",""close"":""05:00""}}",0992 624 3488,,,,,,OPERATIONAL,Coffee shop|Coffee shop,,true,
ChIJxYKPgE63lzMREX4yuFTTTaQ,De'Ja Brew,"118 Matahimik Street, Diliman, Quezon City",14.6452768,121.0545623,"{""mon"":{""kind"":""open"",""open"":""07:00"",""close"":""02:00""},""tue"":{""kind"":""open"",""open"":""07:00"",""close"":""02:00""},""wed"":{""kind"":""open"",""open"":""07:00"",""close"":""02:00""},""thu"":{""kind"":""open"",""open"":""07:00"",""close"":""02:00""},""fri"":{""kind"":""open"",""open"":""07:00"",""close"":""02:00""},""sat"":{""kind"":""open"",""open"":""07:00"",""close"":""02:00""},""sun"":{""kind"":""open"",""open"":""07:00"",""close"":""02:00""}}",,,,,,,OPERATIONAL,Coffee shop|Coffee shop,,true,
ChIJ94U0AQBt-TIRdJLfCcdIt1A,Dear Cocoa,"Damosa Business Center, Alfonso Angliongto Sr, Buhangin, Davao City",7.1033607,125.6335785,"{""mon"":{""kind"":""open"",""open"":""11:00"",""close"":""23:00""},""tue"":{""kind"":""open"",""open"":""11:00"",""close"":""23:00""},""wed"":{""kind"":""open"",""open"":""11:00"",""close"":""23:00""},""thu"":{""kind"":""open"",""open"":""11:00"",""close"":""23:00""},""fri"":{""kind"":""open"",""open"":""11:00"",""close"":""23:00""},""sat"":{""kind"":""open"",""open"":""11:00"",""close"":""23:00""},""sun"":{""kind"":""open"",""open"":""11:00"",""close"":""23:00""}}",,,,,,,OPERATIONAL,Coffee shop|Coffee shop,,true,
ChIJl_PsIwBt-TIRFSd3iVxJRPo,"Dear Coffee, - Obrero","3JM9+XHG, Nicasio Torres St, Poblacion District, Davao City",7.084926899999999,125.61894509999999,,,,,,,,OPERATIONAL,Coffee shop|Coffee shop,,false,missing_hours
ChIJMx5nBAC3lzMRKXJDhgh_f7w,Dear Darling Cafe,"175 Katipunan Ave, Project 4, Quezon City",14.615625099999999,121.0702077,"{""mon"":{""kind"":""open"",""open"":""07:00"",""close"":""00:00""},""tue"":{""kind"":""open"",""open"":""07:00"",""close"":""00:00""},""wed"":{""kind"":""open"",""open"":""07:00"",""close"":""00:00""},""thu"":{""kind"":""open"",""open"":""07:00"",""close"":""00:00""},""fri"":{""kind"":""open"",""open"":""07:00"",""close"":""01:00""},""sat"":{""kind"":""open"",""open"":""07:00"",""close"":""01:00""},""sun"":{""kind"":""open"",""open"":""07:00"",""close"":""00:00""}}",0967 304 8440,,,,,,OPERATIONAL,Cafe|Cafe,,true,
ChIJKbwBogHRlzMRE2Ii4ch79oM,Deuces Coffee,"Industry and, Paz Madrigal Plaza, Finance St, New Alabang Village, Muntinlupa",14.4264656,121.02558739999999,"{""mon"":{""kind"":""open"",""open"":""07:00"",""close"":""18:00""},""tue"":{""kind"":""open"",""open"":""07:00"",""close"":""18:00""},""wed"":{""kind"":""open"",""open"":""07:00"",""close"":""18:00""},""thu"":{""kind"":""open"",""open"":""07:00"",""close"":""18:00""},""fri"":{""kind"":""open"",""open"":""07:00"",""close"":""18:00""},""sat"":{""kind"":""open"",""open"":""09:00"",""close"":""19:00""},""sun"":{""kind"":""open"",""open"":""09:00"",""close"":""19:00""}}",0917 126 7520,,,,,,OPERATIONAL,Coffee shop|Coffee shop,https://www.instagram.com/deuces.co,true,
ChIJXSX9nOfJlzMROp9caAARfCQ,Dinalan Coffee,"856 Julio Nakpil, Malate, Manila",14.5738636,120.9900407,"{""mon"":{""kind"":""open"",""open"":""09:00"",""close"":""00:00""},""tue"":{""kind"":""open"",""open"":""09:00"",""close"":""00:00""},""wed"":{""kind"":""open"",""open"":""09:00"",""close"":""00:00""},""thu"":{""kind"":""open"",""open"":""09:00"",""close"":""00:00""},""fri"":{""kind"":""open"",""open"":""09:00"",""close"":""00:00""},""sat"":{""kind"":""open"",""open"":""12:00"",""close"":""00:00""},""sun"":{""kind"":""closed""}}",,,,,,,OPERATIONAL,Coffee shop|Coffee shop,,true,
ChIJUcBxIADJlzMRRxwzB7YVc7E,District Coffee,"Zone 8, 192, 67 Antonio Arnaiz Ave, Pasay City",14.5500416,121.0056214,"{""mon"":{""kind"":""open"",""open"":""10:00"",""close"":""02:00""},""tue"":{""kind"":""open"",""open"":""10:00"",""close"":""02:00""},""wed"":{""kind"":""open"",""open"":""10:00"",""close"":""02:00""},""thu"":{""kind"":""open"",""open"":""10:00"",""close"":""02:00""},""fri"":{""kind"":""open"",""open"":""10:00"",""close"":""02:00""},""sat"":{""kind"":""open"",""open"":""10:00"",""close"":""02:00""},""sun"":{""kind"":""open"",""open"":""10:00"",""close"":""02:00""}}",,,,,,,OPERATIONAL,Coffee shop|Coffee shop,,true,
ChIJidQPxQ-5lzMRmGw96utlV2M,Do Güd Cafe,"9 E. Rodriguez St, Corner Lakandula, Marikina",14.659674299999999,121.1107825,"{""mon"":{""kind"":""open"",""open"":""13:00"",""close"":""23:00""},""tue"":{""kind"":""open"",""open"":""13:00"",""close"":""23:00""},""wed"":{""kind"":""closed""},""thu"":{""kind"":""open"",""open"":""13:00"",""close"":""23:00""},""fri"":{""kind"":""open"",""open"":""13:00"",""close"":""23:00""},""sat"":{""kind"":""open"",""open"":""13:00"",""close"":""23:00""},""sun"":{""kind"":""open"",""open"":""13:00"",""close"":""23:00""}}",0917 316 2122,,,,,,OPERATIONAL,Cafe|Cafe,,true,
ChIJuzWsPQCbqTMR_97tHWaORe0,Don Lemon Metro Colon,"7VWX+C54, Cebu City",10.296000399999999,123.89795939999999,"{""mon"":{""kind"":""all_day""},""tue"":{""kind"":""all_day""},""wed"":{""kind"":""all_day""},""thu"":{""kind"":""all_day""},""fri"":{""kind"":""all_day""},""sat"":{""kind"":""all_day""},""sun"":{""kind"":""all_day""}}",,,,,,,OPERATIONAL,Coffee shop|Coffee shop,,true,
ChIJ6Rr6azmZqTMRXXHnRd_P14c,Dosage Coffee,"Lot 1-D-3-A Gov. M. Cuenco Ave, Banilad, Cebu City",10.34568,123.9123504,"{""mon"":{""kind"":""open"",""open"":""07:00"",""close"":""22:00""},""tue"":{""kind"":""open"",""open"":""07:00"",""close"":""22:00""},""wed"":{""kind"":""open"",""open"":""07:00"",""close"":""22:00""},""thu"":{""kind"":""open"",""open"":""07:00"",""close"":""22:00""},""fri"":{""kind"":""open"",""open"":""07:00"",""close"":""22:00""},""sat"":{""kind"":""open"",""open"":""07:00"",""close"":""22:00""},""sun"":{""kind"":""open"",""open"":""07:00"",""close"":""22:00""}}",0998 557 3673,available,,,available,,OPERATIONAL,Coffee shop|Coffee shop,http://www.instagram.com/dosageandco?igsh=ajNjd2U2dzcxYjNv&utm_source=qr,true,
ChIJBUAKG2y5lzMR62q9fazAjQk,Dot Coffee | Eastwood City,"Ground Floor, 1800 Building, Eastwood Ave, Quezon City",14.6092198,121.0796505,"{""mon"":{""kind"":""open"",""open"":""07:00"",""close"":""23:30""},""tue"":{""kind"":""open"",""open"":""07:00"",""close"":""00:00""},""wed"":{""kind"":""open"",""open"":""07:00"",""close"":""00:00""},""thu"":{""kind"":""open"",""open"":""07:00"",""close"":""00:00""},""fri"":{""kind"":""open"",""open"":""07:00"",""close"":""00:00""},""sat"":{""kind"":""open"",""open"":""07:00"",""close"":""22:00""},""sun"":{""kind"":""open"",""open"":""07:00"",""close"":""22:00""}}",,,,,,,OPERATIONAL,Coffee shop|Coffee shop,,true,
ChIJO08TLk3LlzMRYVz26msf-0o,Dot Coffee | Lucky Chinatown Mall,"Lucky Chinatown Mall, G/F Reina Regente St, Binondo, Manila",14.603368999999999,120.97334079999999,"{""mon"":{""kind"":""open"",""open"":""08:00"",""close"":""21:00""},""tue"":{""kind"":""open"",""open"":""08:00"",""close"":""21:00""},""wed"":{""kind"":""open"",""open"":""08:00"",""close"":""21:00""},""thu"":{""kind"":""open"",""open"":""08:00"",""close"":""21:00""},""fri"":{""kind"":""open"",""open"":""08:00"",""close"":""21:00""},""sat"":{""kind"":""open"",""open"":""08:00"",""close"":""21:00""},""sun"":{""kind"":""open"",""open"":""08:00"",""close"":""21:00""}}",0945 827 8700,,,,,,OPERATIONAL,Coffee shop|Coffee shop,,true,
ChIJOeEsF3-ZqTMRw4-mkIuCnCY,Dr. Coffee - Cebu Main,"2nd Floor, Jaeja Building, Osmeña Boulevard, cor J. Llorente St, Cebu City",10.311670399999999,123.8927289,"{""mon"":{""kind"":""open"",""open"":""07:00"",""close"":""01:00""},""tue"":{""kind"":""open"",""open"":""07:00"",""close"":""01:00""},""wed"":{""kind"":""open"",""open"":""07:00"",""close"":""01:00""},""thu"":{""kind"":""open"",""open"":""07:00"",""close"":""01:00""},""fri"":{""kind"":""open"",""open"":""07:00"",""close"":""01:00""},""sat"":{""kind"":""open"",""open"":""07:00"",""close"":""01:00""},""sun"":{""kind"":""open"",""open"":""07:00"",""close"":""01:00""}}",0917 705 7770,,,,available,,OPERATIONAL,Coffee shop|Coffee shop,https://drcoffeewebsite.carrd.co/,true,
ChIJAUxZKQpt-TIRHa_tHB3qLDs,Draft Coffee,"Buhangin-Lapanday Rd, Buhangin, Davao City",7.1042703,125.61398299999999,"{""mon"":{""kind"":""open"",""open"":""20:00"",""close"":""03:00""},""tue"":{""kind"":""open"",""open"":""20:00"",""close"":""03:00""},""wed"":{""kind"":""open"",""open"":""20:00"",""close"":""03:00""},""thu"":{""kind"":""open"",""open"":""20:00"",""close"":""03:00""},""fri"":{""kind"":""open"",""open"":""20:00"",""close"":""03:00""},""sat"":{""kind"":""open"",""open"":""20:00"",""close"":""03:00""},""sun"":{""kind"":""open"",""open"":""15:00"",""close"":""03:00""}}",0947 190 1506,,,,,,OPERATIONAL,Coffee shop|Coffee shop,,true,
ChIJnR9rZXK3lzMRdWdxfnADEac,Draft Coffee by Lew's - N. Domingo,"26 N. Domingo St., Valencia, Quezon City",14.6114897,121.0348947,"{""mon"":{""kind"":""all_day""},""tue"":{""kind"":""all_day""},""wed"":{""kind"":""all_day""},""thu"":{""kind"":""all_day""},""fri"":{""kind"":""all_day""},""sat"":{""kind"":""all_day""},""sun"":{""kind"":""all_day""}}",0977 374 9982,,,,,,OPERATIONAL,Coffee shop|Coffee shop,https://draft-coffee.pickup.ph/,true,
ChIJRf-ZXQC3lzMRSioNsVfD4LY,Draft Coffee by Lew's GG8,"J25X+J32, West Crame, San Juan City",14.609024199999999,121.04765169999999,,,,,,,,OPERATIONAL,Coffee shop|Coffee shop,,false,missing_hours
ChIJ2RZ1JgC3lzMRf8VmU2pR_78,Draft Coffee by Lew's San Juan,"3rd Floor, Gh Mall, Greenhills, San Juan City",14.602026799999999,121.04865679999999,,,,,,,,OPERATIONAL,Coffee shop|Coffee shop,,false,missing_hours
ChIJNwKtMZaZqTMR1ah_jrkvdDw,dragonfly café. – Bonifacio District,"G/floor, Bonifacio District, F. Cabahug St, Cebu City",10.3269369,123.9179011,"{""mon"":{""kind"":""open"",""open"":""10:00"",""close"":""21:00""},""tue"":{""kind"":""open"",""open"":""10:00"",""close"":""21:00""},""wed"":{""kind"":""open"",""open"":""10:00"",""close"":""21:00""},""thu"":{""kind"":""open"",""open"":""10:00"",""close"":""21:00""},""fri"":{""kind"":""open"",""open"":""08:00"",""close"":""22:00""},""sat"":{""kind"":""open"",""open"":""08:00"",""close"":""22:00""},""sun"":{""kind"":""open"",""open"":""08:00"",""close"":""22:00""}}",,,,,available,,OPERATIONAL,Coffee shop|Coffee shop,https://www.instagram.com/dragonflycebu,true,
ChIJOSynXQ1r-TIRP4fIdUA1svA,Dreamers Coffee @ 37,"Lot 19, PonteStreet Foodpark, Block 2 Ponte Verde Dr, Communal, Buhangin, Davao City",7.1340052,125.6421967,"{""mon"":{""kind"":""open"",""open"":""10:00"",""close"":""01:00""},""tue"":{""kind"":""open"",""open"":""10:00"",""close"":""01:00""},""wed"":{""kind"":""open"",""open"":""10:00"",""close"":""01:00""},""thu"":{""kind"":""open"",""open"":""10:00"",""close"":""01:00""},""fri"":{""kind"":""open"",""open"":""10:00"",""close"":""01:00""},""sat"":{""kind"":""open"",""open"":""10:00"",""close"":""01:00""},""sun"":{""kind"":""open"",""open"":""10:00"",""close"":""01:00""}}",0956 620 3353,,,,,,OPERATIONAL,Coffee shop|Coffee shop,,true,
ChIJvzWdLj9t-TIRabzk7GD_5nM,DreamNest Play Cafe,"Azuela High Street, Lanang, Davao City",7.101228,125.6449825,"{""mon"":{""kind"":""open"",""open"":""11:00"",""close"":""21:00""},""tue"":{""kind"":""open"",""open"":""11:00"",""close"":""21:00""},""wed"":{""kind"":""open"",""open"":""11:00"",""close"":""21:00""},""thu"":{""kind"":""open"",""open"":""11:00"",""close"":""21:00""},""fri"":{""kind"":""open"",""open"":""11:00"",""close"":""21:00""},""sat"":{""kind"":""open"",""open"":""11:00"",""close"":""21:00""},""sun"":{""kind"":""open"",""open"":""11:00"",""close"":""21:00""}}",0917 550 5919,,,,,,OPERATIONAL,Coffee shop|Coffee shop,https://dreamnestplaycafe.com/,true,
ChIJ0WI_PuiYqTMR5nj52agGfJY,Drip And Draft,"Streetscape, Paseo Saturnino, Cebu City",10.3455797,123.90928199999999,"{""mon"":{""kind"":""open"",""open"":""07:00"",""close"":""00:00""},""tue"":{""kind"":""open"",""open"":""07:00"",""close"":""00:00""},""wed"":{""kind"":""open"",""open"":""07:00"",""close"":""00:00""},""thu"":{""kind"":""open"",""open"":""07:00"",""close"":""00:00""},""fri"":{""kind"":""open"",""open"":""07:00"",""close"":""02:00""},""sat"":{""kind"":""open"",""open"":""07:00"",""close"":""02:00""},""sun"":{""kind"":""open"",""open"":""07:00"",""close"":""00:00""}}",0932 113 2820,,,,available,,OPERATIONAL,Cafe|Cafe,,true,
ChIJ2T-AAADJlzMRbrE5WK6jI-8,dropthebean,"Erechem Building, 117 V.A. Rufino Street, corner Salcedo, Legaspi Village, Makati City",14.5554492,121.0154417,"{""mon"":{""kind"":""open"",""open"":""10:00"",""close"":""22:00""},""tue"":{""kind"":""open"",""open"":""10:00"",""close"":""22:00""},""wed"":{""kind"":""open"",""open"":""10:00"",""close"":""22:00""},""thu"":{""kind"":""open"",""open"":""10:00"",""close"":""22:00""},""fri"":{""kind"":""open"",""open"":""10:00"",""close"":""22:00""},""sat"":{""kind"":""open"",""open"":""10:00"",""close"":""22:00""},""sun"":{""kind"":""open"",""open"":""10:00"",""close"":""22:00""}}",,,,,,,OPERATIONAL,Coffee shop|Coffee shop|Coffee roastery|Coffee wholesaler|Korean restaurant,http://www.dropthebean.com/,true,
ChIJNTQ8PY4N-TIRAB_v6LGfV3s,el KANTO Cafe,"Barangay Lizada, Babisa, Toril, Davao City",7.0061914,125.4922029,"{""mon"":{""kind"":""open"",""open"":""15:00"",""close"":""00:00""},""tue"":{""kind"":""open"",""open"":""15:00"",""close"":""00:00""},""wed"":{""kind"":""open"",""open"":""15:00"",""close"":""00:00""},""thu"":{""kind"":""open"",""open"":""15:00"",""close"":""00:00""},""fri"":{""kind"":""open"",""open"":""15:00"",""close"":""00:00""},""sat"":{""kind"":""open"",""open"":""15:00"",""close"":""00:00""},""sun"":{""kind"":""open"",""open"":""15:00"",""close"":""00:00""}}",0976 219 8265,,,,,,OPERATIONAL,Coffee shop|Coffee shop,https://www.facebook.com/share/188HK7E4hj/?mibextid=wwXIfr,true,
ChIJP6X-DNLJlzMRfW1roXNCb1M,Elephant Grounds Manila - BGC,"Lower Ground, One Bonifacio, High Street, Taguig",14.5518875,121.04640889999999,"{""mon"":{""kind"":""open"",""open"":""08:00"",""close"":""22:00""},""tue"":{""kind"":""open"",""open"":""08:00"",""close"":""22:00""},""wed"":{""kind"":""open"",""open"":""08:00"",""close"":""22:00""},""thu"":{""kind"":""open"",""open"":""08:00"",""close"":""22:00""},""fri"":{""kind"":""open"",""open"":""08:00"",""close"":""23:00""},""sat"":{""kind"":""open"",""open"":""08:00"",""close"":""23:00""},""sun"":{""kind"":""open"",""open"":""08:00"",""close"":""22:00""}}",0999 887 1407,,,,,,OPERATIONAL,Coffee shop|Coffee shop,https://www.facebook.com/ElephantGroundsPH/,true,
ChIJO2X2WADJlzMRP0gDj48n87s,Ellatte Coffee Bar,"2464 Taft Ave, Malate, Manila",14.565282,120.99433429999999,"{""mon"":{""kind"":""open"",""open"":""09:00"",""close"":""23:00""},""tue"":{""kind"":""open"",""open"":""09:00"",""close"":""23:00""},""wed"":{""kind"":""open"",""open"":""09:00"",""close"":""23:00""},""thu"":{""kind"":""open"",""open"":""09:00"",""close"":""23:00""},""fri"":{""kind"":""open"",""open"":""09:00"",""close"":""23:00""},""sat"":{""kind"":""open"",""open"":""09:00"",""close"":""23:00""},""sun"":{""kind"":""open"",""open"":""09:00"",""close"":""23:00""}}",,,,,,,OPERATIONAL,Coffee shop|Coffee shop,https://www.instagram.com/ellattecoffee_/,true,
ChIJNVbIr7SZqTMRfUYz2s0ODWI,Enjoy Venti,"888 A. S. Fortuna St, Mandaue",10.3431412,123.91415939999999,"{""mon"":{""kind"":""all_day""},""tue"":{""kind"":""all_day""},""wed"":{""kind"":""all_day""},""thu"":{""kind"":""all_day""},""fri"":{""kind"":""all_day""},""sat"":{""kind"":""all_day""},""sun"":{""kind"":""all_day""}}",,,,,available,,OPERATIONAL,Cafe|Cafe,https://www.instagram.com/enjoyventi,true,
ChIJ8VP78lAX-TIRRXyIME1zvZg,Es.cafe,"Abayon, Subdivision, Davao City",7.1915740999999995,125.45288699999999,"{""mon"":{""kind"":""open"",""open"":""10:00"",""close"":""19:30""},""tue"":{""kind"":""open"",""open"":""10:00"",""close"":""19:30""},""wed"":{""kind"":""open"",""open"":""10:00"",""close"":""19:30""},""thu"":{""kind"":""open"",""open"":""10:00"",""close"":""19:30""},""fri"":{""kind"":""open"",""open"":""10:00"",""close"":""19:30""},""sat"":{""kind"":""open"",""open"":""10:00"",""close"":""19:30""},""sun"":{""kind"":""open"",""open"":""10:00"",""close"":""19:30""}}",0981 779 0831,,,,,,OPERATIONAL,Cafe|Cafe,,true,
ChIJQUVR3qrLlzMRMAHl1YcKfkI,Escolta Coffee Company,"Burke St, Binondo, Manila",14.5986288,120.97914329999999,"{""mon"":{""kind"":""open"",""open"":""10:00"",""close"":""17:00""},""tue"":{""kind"":""open"",""open"":""10:00"",""close"":""17:00""},""wed"":{""kind"":""open"",""open"":""10:00"",""close"":""17:00""},""thu"":{""kind"":""open"",""open"":""10:00"",""close"":""17:00""},""fri"":{""kind"":""open"",""open"":""10:00"",""close"":""17:00""},""sat"":{""kind"":""open"",""open"":""10:00"",""close"":""17:00""},""sun"":{""kind"":""open"",""open"":""10:00"",""close"":""17:00""}}",0960 272 6964,,,,,,OPERATIONAL,Coffee roastery|Coffee roastery,http://www.escoltacoffee.co/,true,
ChIJx8-VLAC3lzMR_S9D8Sx6-DY,Eskina Coffee - Main,"203 Victor Climaco Street, Grace Park East, Caloocan",14.652965199999999,120.98764969999999,"{""mon"":{""kind"":""open"",""open"":""09:00"",""close"":""02:00""},""tue"":{""kind"":""open"",""open"":""09:00"",""close"":""02:00""},""wed"":{""kind"":""open"",""open"":""09:00"",""close"":""02:00""},""thu"":{""kind"":""open"",""open"":""09:00"",""close"":""02:00""},""fri"":{""kind"":""open"",""open"":""09:00"",""close"":""02:00""},""sat"":{""kind"":""open"",""open"":""09:00"",""close"":""02:00""},""sun"":{""kind"":""open"",""open"":""09:00"",""close"":""02:00""}}",,,,,,,OPERATIONAL,Coffee shop|Coffee shop|Cafe|Coffee store,,true,
ChIJ95SRsFlt-TIRqNIeyJnN-Fo,Espresso Lab Cafe Davao,"Ground Floor, The Lanang Suites Hotel, J.P. Laurel Ave, Agdao, Davao City",7.1009565,125.63264489999999,"{""mon"":{""kind"":""open"",""open"":""09:00"",""close"":""23:00""},""tue"":{""kind"":""open"",""open"":""09:00"",""close"":""23:00""},""wed"":{""kind"":""open"",""open"":""09:00"",""close"":""23:00""},""thu"":{""kind"":""open"",""open"":""09:00"",""close"":""23:00""},""fri"":{""kind"":""open"",""open"":""09:00"",""close"":""23:00""},""sat"":{""kind"":""open"",""open"":""09:00"",""close"":""23:00""},""sun"":{""kind"":""open"",""open"":""09:00"",""close"":""23:00""}}",0927 344 9678,,,,,,OPERATIONAL,Coffee shop|Coffee shop,,true,
ChIJmZO_jhrJlzMRYu7fvF2K5MM,Espresso Studio,"2nd Floor Greenfield Tower Mayflower Street, Cor Williams, Barangay Highway Hills, Mandaluyong City",14.576241099999999,121.0535865,"{""mon"":{""kind"":""open"",""open"":""06:00"",""close"":""22:00""},""tue"":{""kind"":""open"",""open"":""06:00"",""close"":""22:00""},""wed"":{""kind"":""open"",""open"":""06:00"",""close"":""22:00""},""thu"":{""kind"":""open"",""open"":""06:00"",""close"":""22:00""},""fri"":{""kind"":""open"",""open"":""06:00"",""close"":""22:00""},""sat"":{""kind"":""open"",""open"":""06:00"",""close"":""22:00""},""sun"":{""kind"":""open"",""open"":""06:00"",""close"":""22:00""}}",0916 687 7291,,,,,,OPERATIONAL,Coffee shop|Coffee shop|Photography studio,,true,
ChIJ3d2hA4GfqTMRmJNchgZ67hI,Ess Cafe,"Pelaez St, Cebu City",10.3003751,123.89807839999999,"{""mon"":{""kind"":""open"",""open"":""10:00"",""close"":""22:00""},""tue"":{""kind"":""open"",""open"":""10:00"",""close"":""22:00""},""wed"":{""kind"":""open"",""open"":""10:00"",""close"":""22:00""},""thu"":{""kind"":""open"",""open"":""10:00"",""close"":""22:00""},""fri"":{""kind"":""open"",""open"":""10:00"",""close"":""22:00""},""sat"":{""kind"":""open"",""open"":""10:00"",""close"":""22:00""},""sun"":{""kind"":""open"",""open"":""10:00"",""close"":""22:00""}}",,available,,,,,OPERATIONAL,Coffee shop|Coffee shop,,true,
ChIJxxbQRgDJlzMRQTaIsMppVb8,Euno,"12-19, 3rd St, Pasay City",14.5261532,121.0128905,"{""mon"":{""kind"":""open"",""open"":""15:00"",""close"":""22:00""},""tue"":{""kind"":""open"",""open"":""15:00"",""close"":""22:00""},""wed"":{""kind"":""open"",""open"":""15:00"",""close"":""22:00""},""thu"":{""kind"":""open"",""open"":""15:00"",""close"":""22:00""},""fri"":{""kind"":""open"",""open"":""15:00"",""close"":""22:00""},""sat"":{""kind"":""open"",""open"":""15:00"",""close"":""22:00""},""sun"":{""kind"":""closed""}}",,,,,,,OPERATIONAL,Coffee shop|Coffee shop,https://www.instagram.com/eunocoffeespace?igsh=MW5jY2V6b2p1aTRoYQ==,true,
ChIJcRgq0qW3lzMRv7Qndx_AKhI,EURITEA CUBAO,"126 C. Benitez St, Quezon City",14.618606,121.04902299999999,"{""mon"":{""kind"":""open"",""open"":""10:00"",""close"":""23:00""},""tue"":{""kind"":""open"",""open"":""10:00"",""close"":""23:00""},""wed"":{""kind"":""open"",""open"":""10:00"",""close"":""23:00""},""thu"":{""kind"":""open"",""open"":""10:00"",""close"":""23:00""},""fri"":{""kind"":""all_day""},""sat"":{""kind"":""all_day""},""sun"":{""kind"":""open"",""open"":""10:00"",""close"":""23:00""}}",,,,,,,OPERATIONAL,Coffee shop|Coffee shop,,true,
ChIJoZONs87RlzMR29P78gf_sg4,Exchange Alley Coffee House,"Unit 3, Molito Lifestyle Bldg 7, Madrigal, cor Commerce Ave, Muntinlupa",14.423223799999999,121.02673689999999,"{""mon"":{""kind"":""open"",""open"":""07:00"",""close"":""23:00""},""tue"":{""kind"":""open"",""open"":""07:00"",""close"":""23:00""},""wed"":{""kind"":""open"",""open"":""07:00"",""close"":""23:00""},""thu"":{""kind"":""open"",""open"":""07:00"",""close"":""23:00""},""fri"":{""kind"":""open"",""open"":""07:00"",""close"":""23:00""},""sat"":{""kind"":""open"",""open"":""07:00"",""close"":""23:00""},""sun"":{""kind"":""open"",""open"":""07:00"",""close"":""23:00""}}",0995 964 1272,,,,,,OPERATIONAL,Cafe|Cafe,https://www.facebook.com/Exchange-Alley-Coffee-House-225938041175260/,true,
ChIJwxPxl4axlzMRsC5HiJn7evc,Fa-Me Café,"Lot 13, Rainbow Ave, Village, Caloocan",14.747824099999999,121.0324699,"{""mon"":{""kind"":""open"",""open"":""14:00"",""close"":""02:00""},""tue"":{""kind"":""open"",""open"":""14:00"",""close"":""02:00""},""wed"":{""kind"":""open"",""open"":""14:00"",""close"":""02:00""},""thu"":{""kind"":""open"",""open"":""14:00"",""close"":""02:00""},""fri"":{""kind"":""open"",""open"":""14:00"",""close"":""02:00""},""sat"":{""kind"":""open"",""open"":""14:00"",""close"":""02:00""},""sun"":{""kind"":""open"",""open"":""14:00"",""close"":""02:00""}}",,,,,,,OPERATIONAL,Coffee shop|Coffee shop,,true,
ChIJh96XfgCxlzMRkBcB9Xhogtk,Fa-Me Café Camarin,"Q23R+Q46, Barangay 175, Caloocan",14.7544083,121.0402668,"{""mon"":{""kind"":""open"",""open"":""09:00"",""close"":""02:00""},""tue"":{""kind"":""open"",""open"":""09:00"",""close"":""02:00""},""wed"":{""kind"":""open"",""open"":""09:00"",""close"":""02:00""},""thu"":{""kind"":""open"",""open"":""09:00"",""close"":""02:00""},""fri"":{""kind"":""open"",""open"":""09:00"",""close"":""02:00""},""sat"":{""kind"":""open"",""open"":""09:00"",""close"":""02:00""},""sun"":{""kind"":""open"",""open"":""09:00"",""close"":""02:00""}}",,,,,,,OPERATIONAL,Coffee shop|Coffee shop,,true,
ChIJnZIjT0IW-TIRdd56YFXzY_U,Farron Cafe,"Gaisano Building, Calinan, Davao City",7.1929612999999994,125.4540808,"{""mon"":{""kind"":""open"",""open"":""08:00"",""close"":""20:00""},""tue"":{""kind"":""open"",""open"":""08:00"",""close"":""20:00""},""wed"":{""kind"":""open"",""open"":""08:00"",""close"":""20:00""},""thu"":{""kind"":""open"",""open"":""08:00"",""close"":""20:00""},""fri"":{""kind"":""open"",""open"":""08:00"",""close"":""20:00""},""sat"":{""kind"":""open"",""open"":""08:00"",""close"":""20:00""},""sun"":{""kind"":""open"",""open"":""08:00"",""close"":""20:00""}}",0910 676 8750,,,,,,OPERATIONAL,Coffee shop|Coffee shop,,true,
ChIJj7wih-vRlzMRzRQ0hXAmISw,Fellows coffee,"655 National Road, Poblacion, Muntinlupa",14.388220299999999,121.0453385,"{""mon"":{""kind"":""open"",""open"":""12:00"",""close"":""21:00""},""tue"":{""kind"":""open"",""open"":""12:00"",""close"":""21:00""},""wed"":{""kind"":""open"",""open"":""12:00"",""close"":""21:00""},""thu"":{""kind"":""open"",""open"":""12:00"",""close"":""21:00""},""fri"":{""kind"":""open"",""open"":""00:00"",""close"":""21:00""},""sat"":{""kind"":""open"",""open"":""12:00"",""close"":""21:00""},""sun"":{""kind"":""closed""}}",0969 427 8780,,,,,,OPERATIONAL,Coffee shop|Coffee shop,http://decentfoodconcepts.com/,true,
ChIJYReM5Htt-TIR3xa1fvX0iqc,Fika Cafe - Buhangin,"Km. 5 Buhangin-Lapanday Rd, Buhangin Proper, Davao City",7.1048434,125.6141622,"{""mon"":{""kind"":""all_day""},""tue"":{""kind"":""all_day""},""wed"":{""kind"":""all_day""},""thu"":{""kind"":""all_day""},""fri"":{""kind"":""all_day""},""sat"":{""kind"":""all_day""},""sun"":{""kind"":""all_day""}}",0917 139 8732,,,,,,OPERATIONAL,Cafe|Cafe,,true,
ChIJ75eSVhzLlzMRgu3tq1U8H4Y,Finale Café and Bar malate,"1781, Malate Bayview mansion, 1064 Adriatico St, Malate, Manila",14.5705073,120.98561409999999,"{""mon"":{""kind"":""open"",""open"":""09:00"",""close"":""05:00""},""tue"":{""kind"":""open"",""open"":""09:00"",""close"":""05:00""},""wed"":{""kind"":""open"",""open"":""09:00"",""close"":""05:00""},""thu"":{""kind"":""open"",""open"":""09:00"",""close"":""05:00""},""fri"":{""kind"":""open"",""open"":""09:00"",""close"":""05:00""},""sat"":{""kind"":""open"",""open"":""09:00"",""close"":""05:00""},""sun"":{""kind"":""open"",""open"":""09:00"",""close"":""05:00""}}",,,,,,,OPERATIONAL,Coffee shop|Coffee shop,https://m.facebook.com/profile.php?id=106619941426451&ref=content_filter,true,
ChIJ28lvf--3lzMRhOQtr4l3Ia8,Foam Coffee Quezon Ave.,"Abenson Bldg. Quezon Avenue, corner Scout Albano Ave, Diliman, Quezon City",14.6409532,121.03289339999999,"{""mon"":{""kind"":""open"",""open"":""07:00"",""close"":""02:00""},""tue"":{""kind"":""open"",""open"":""07:00"",""close"":""02:00""},""wed"":{""kind"":""open"",""open"":""07:00"",""close"":""02:00""},""thu"":{""kind"":""open"",""open"":""07:00"",""close"":""02:00""},""fri"":{""kind"":""open"",""open"":""07:00"",""close"":""02:00""},""sat"":{""kind"":""open"",""open"":""07:00"",""close"":""02:00""},""sun"":{""kind"":""open"",""open"":""07:00"",""close"":""02:00""}}",0927 383 4825,,,,,,OPERATIONAL,Coffee shop|Coffee shop,,true,
ChIJMyUeY4Nt-TIRT3Uht5eQ34Q,Fourth Street Cafe,"Fourth Street Cafe, Barangay Narra St, Poblacion District, Davao City",7.0741420999999995,125.6169814,"{""mon"":{""kind"":""open"",""open"":""07:00"",""close"":""22:00""},""tue"":{""kind"":""open"",""open"":""07:00"",""close"":""22:00""},""wed"":{""kind"":""open"",""open"":""07:00"",""close"":""22:00""},""thu"":{""kind"":""open"",""open"":""07:00"",""close"":""22:00""},""fri"":{""kind"":""open"",""open"":""07:00"",""close"":""22:00""},""sat"":{""kind"":""open"",""open"":""07:00"",""close"":""22:00""},""sun"":{""kind"":""open"",""open"":""07:00"",""close"":""22:00""}}",0927 974 9146,,,,,,OPERATIONAL,Coffee shop|Coffee shop|Cafe,http://www.facebook.com/fourthstreetcafedvo,true,
ChIJYbQ3X1DJlzMRA5gBf2z0uCI,Frank & Dean Coffee,"Shop 3, 31st Street, Taguig",14.5552005,121.043003,"{""mon"":{""kind"":""open"",""open"":""07:00"",""close"":""02:00""},""tue"":{""kind"":""open"",""open"":""07:00"",""close"":""02:00""},""wed"":{""kind"":""open"",""open"":""07:00"",""close"":""02:00""},""thu"":{""kind"":""open"",""open"":""07:00"",""close"":""02:00""},""fri"":{""kind"":""open"",""open"":""07:00"",""close"":""02:00""},""sat"":{""kind"":""open"",""open"":""07:00"",""close"":""22:00""},""sun"":{""kind"":""closed""}}",0915 316 4247,,,,,,OPERATIONAL,Coffee shop|Coffee shop|Coffee wholesaler,http://www.frankdeancoffee.com/,true,
ChIJqz2262y5lzMRbkgBRtOoCJQ,Fresh Grind Coffee Co.,"8T8 Commercial Outlet, Felix Ave, Manggahan, Pasig",14.6074527,121.10424169999999,"{""mon"":{""kind"":""open"",""open"":""10:00"",""close"":""00:00""},""tue"":{""kind"":""open"",""open"":""10:00"",""close"":""00:00""},""wed"":{""kind"":""open"",""open"":""10:00"",""close"":""00:00""},""thu"":{""kind"":""open"",""open"":""10:00"",""close"":""00:00""},""fri"":{""kind"":""open"",""open"":""10:00"",""close"":""00:00""},""sat"":{""kind"":""open"",""open"":""10:00"",""close"":""00:00""},""sun"":{""kind"":""open"",""open"":""10:00"",""close"":""00:00""}}",0994 389 3014,,,,,,OPERATIONAL,Coffee shop|Coffee shop|Cafe|Restaurant,https://r.grab.com/g/6-20241106_225437_EB2212FEEF204954B7F6339CF76EE040_MEXMPS-2-C6BEJFLUWCNYE2,true,
ChIJkzai0zOZqTMRbKDInEw70aU,Frosting Adventure Cafe,"Juan Luna Ave Ext, Cebu City",10.3141372,123.91495479999999,,2398930,,,,,,OPERATIONAL,Cafe|Cafe,https://www.facebook.com/frostingadventuremabolo/,false,missing_hours
ChIJ41wMOQDLlzMR5OwY0Hd25Zk,GEDLI Kape Sa Gilid,"739 Mlle. de la Industria, Binondo, Manila",14.596096099999999,120.9739475,"{""mon"":{""kind"":""open"",""open"":""18:00"",""close"":""03:00""},""tue"":{""kind"":""open"",""open"":""18:00"",""close"":""03:00""},""wed"":{""kind"":""open"",""open"":""18:00"",""close"":""03:00""},""thu"":{""kind"":""open"",""open"":""18:00"",""close"":""03:00""},""fri"":{""kind"":""open"",""open"":""18:00"",""close"":""03:00""},""sat"":{""kind"":""open"",""open"":""18:00"",""close"":""03:00""},""sun"":{""kind"":""open"",""open"":""18:00"",""close"":""03:00""}}",,,,,,,OPERATIONAL,Coffee shop|Coffee shop,https://l.facebook.com/l.php?u=https%3A%2F%2Fwww.instagram.com%2Fgedli_kapesagilid%3Figsh%3DaGl3bW1rdmJxdXM4&h=AUAnPZAlAmNl0j3XVTRPg9P7Sgn60YCdaAg8VIijthJyw9_ZA4Y8ZMtFw2ZszfCsJBf4UgryPcsxbVDp7XZh7ekhoq3klWFV4RnP88EHmSt9adWxe56wtqd0VjnQZvksQuPdJvnieGpJehaqIuWuwb7oITqbku-4zgBNgQ,true,
ChIJsaYCNwO5lzMRFRis6EWDzYg,"GHOST COFFEE CAFE, EVENTS AND COLLAB SPACE","Marikina-Infanta Hwy, Barangay Mayamot, Antipolo",14.6228239,121.109912,"{""mon"":{""kind"":""open"",""open"":""07:00"",""close"":""23:00""},""tue"":{""kind"":""open"",""open"":""07:00"",""close"":""23:00""},""wed"":{""kind"":""open"",""open"":""07:00"",""close"":""23:00""},""thu"":{""kind"":""open"",""open"":""07:00"",""close"":""23:00""},""fri"":{""kind"":""open"",""open"":""07:00"",""close"":""23:00""},""sat"":{""kind"":""open"",""open"":""07:00"",""close"":""23:00""},""sun"":{""kind"":""open"",""open"":""07:00"",""close"":""23:00""}}",0919 075 5498,,,,,,OPERATIONAL,Cafe|Cafe,https://www.facebook.com/GhostCoffeeOfficial/,true,
ChIJKy7HsDuxlzMRGVu8B4qKl7E,GIFT Café,"Amaga Building, 237 Commonwealth Ave, District 5, Quezon City",14.7221318,121.0517431,"{""mon"":{""kind"":""open"",""open"":""11:00"",""close"":""03:00""},""tue"":{""kind"":""open"",""open"":""11:00"",""close"":""03:00""},""wed"":{""kind"":""open"",""open"":""11:00"",""close"":""03:00""},""thu"":{""kind"":""open"",""open"":""11:00"",""close"":""03:00""},""fri"":{""kind"":""open"",""open"":""11:00"",""close"":""03:00""},""sat"":{""kind"":""open"",""open"":""11:00"",""close"":""03:00""},""sun"":{""kind"":""open"",""open"":""11:00"",""close"":""03:00""}}",,,,,,,OPERATIONAL,Coffee shop|Coffee shop|Restaurant,,true,
ChIJHdTQAADJlzMRcsIFbJ56NQs,Gilded Roast Café,"Unit 1A Electra Place Dominga Street, Villa Barbara, Pasay City",14.5577588,120.9983451,"{""mon"":{""kind"":""open"",""open"":""06:00"",""close"":""00:00""},""tue"":{""kind"":""open"",""open"":""06:00"",""close"":""00:00""},""wed"":{""kind"":""open"",""open"":""06:00"",""close"":""00:00""},""thu"":{""kind"":""open"",""open"":""06:00"",""close"":""00:00""},""fri"":{""kind"":""open"",""open"":""06:00"",""close"":""00:00""},""sat"":{""kind"":""open"",""open"":""06:00"",""close"":""00:00""},""sun"":{""kind"":""open"",""open"":""06:00"",""close"":""00:00""}}",,,,,,,OPERATIONAL,Coffee shop|Coffee shop,,true,
ChIJK_0zeFRt-TIRnEKT4jfqabQ,Glasshouse Coffee,"At the Garden of Oboza Heritage House, 143, Rizal St, Poblacion District, Davao City",7.0663949,125.6087687,"{""mon"":{""kind"":""open"",""open"":""09:00"",""close"":""19:00""},""tue"":{""kind"":""open"",""open"":""09:00"",""close"":""21:00""},""wed"":{""kind"":""open"",""open"":""09:00"",""close"":""21:00""},""thu"":{""kind"":""open"",""open"":""09:00"",""close"":""21:00""},""fri"":{""kind"":""open"",""open"":""09:00"",""close"":""21:00""},""sat"":{""kind"":""open"",""open"":""09:00"",""close"":""21:00""},""sun"":{""kind"":""open"",""open"":""09:00"",""close"":""19:00""}}",,,,,,,OPERATIONAL,Coffee shop|Coffee shop,,true,
ChIJ_yyYEAC3lzMRQWpZ2ANHI2Y,Glavesart Cafe,"MX6R+828, General Tinio, Bagong Barrio West, Caloocan",14.6607816,120.9900874,"{""mon"":{""kind"":""open"",""open"":""17:00"",""close"":""02:00""},""tue"":{""kind"":""open"",""open"":""17:00"",""close"":""02:00""},""wed"":{""kind"":""open"",""open"":""17:00"",""close"":""02:00""},""thu"":{""kind"":""open"",""open"":""17:00"",""close"":""02:00""},""fri"":{""kind"":""open"",""open"":""17:00"",""close"":""02:00""},""sat"":{""kind"":""closed""},""sun"":{""kind"":""open"",""open"":""17:00"",""close"":""02:00""}}",0976 045 4359,,,,,,OPERATIONAL,Coffee shop|Coffee shop,,true,
ChIJ_Z0GA1DRlzMRvfwt-v9f3Pc,Good Coffee x Garage Quest Car Wash & Auto Detailing,"125 National Road, Muntinlupa",14.4055827,121.04672679999999,"{""mon"":{""kind"":""open"",""open"":""08:00"",""close"":""20:00""},""tue"":{""kind"":""open"",""open"":""08:00"",""close"":""00:00""},""wed"":{""kind"":""open"",""open"":""08:00"",""close"":""00:00""},""thu"":{""kind"":""open"",""open"":""08:00"",""close"":""00:00""},""fri"":{""kind"":""open"",""open"":""08:00"",""close"":""00:00""},""sat"":{""kind"":""open"",""open"":""08:00"",""close"":""00:00""},""sun"":{""kind"":""open"",""open"":""08:00"",""close"":""00:00""}}",,,,,,,OPERATIONAL,Coffee shop|Coffee shop,,true,
ChIJqR3f-o6ZqTMRYHtjUIbzJ4Q,Good Cup Coffee Co.,"F. Ramos St, Cebu City",10.306816,123.8968081,"{""mon"":{""kind"":""open"",""open"":""08:00"",""close"":""18:00""},""tue"":{""kind"":""open"",""open"":""08:00"",""close"":""18:00""},""wed"":{""kind"":""open"",""open"":""08:00"",""close"":""18:00""},""thu"":{""kind"":""open"",""open"":""08:00"",""close"":""18:00""},""fri"":{""kind"":""open"",""open"":""08:00"",""close"":""18:00""},""sat"":{""kind"":""open"",""open"":""08:00"",""close"":""18:00""},""sun"":{""kind"":""open"",""open"":""08:00"",""close"":""18:00""}}",,,,,available,,OPERATIONAL,Coffee roastery|Coffee roastery|Cafe,http://www.goodcup.ph/,true,
ChIJ1cehZdKZqTMRM69-eQmYAR8,Good Habits Coffee,"One Paseo Saturnino, Cebu City",10.3434162,123.91087209999999,,,,,,available,,OPERATIONAL,Coffee shop|Coffee shop,,false,missing_hours
ChIJvRCjWkm3lzMRPzniZ00hNI8,Good Papa's Home Diner,"186 Tomas Morato Ave, Diliman, Quezon City",14.6309236,121.0347113,"{""mon"":{""kind"":""open"",""open"":""10:00"",""close"":""22:00""},""tue"":{""kind"":""open"",""open"":""10:00"",""close"":""22:00""},""wed"":{""kind"":""open"",""open"":""10:00"",""close"":""22:00""},""thu"":{""kind"":""open"",""open"":""10:00"",""close"":""22:00""},""fri"":{""kind"":""open"",""open"":""10:00"",""close"":""00:00""},""sat"":{""kind"":""open"",""open"":""10:00"",""close"":""00:00""},""sun"":{""kind"":""open"",""open"":""08:00"",""close"":""22:00""}}",0917 522 6892,,,,,,OPERATIONAL,Restaurant|Restaurant|Breakfast restaurant|Cafe|Diner,,true,
ChIJOVjwVcy3lzMR72V4j4Aeb28,Good Pastry Cafe,"53 Connecticut, Greenhills, San Juan City",14.6011321,121.0545003,"{""mon"":{""kind"":""open"",""open"":""07:00"",""close"":""22:00""},""tue"":{""kind"":""open"",""open"":""07:00"",""close"":""22:00""},""wed"":{""kind"":""open"",""open"":""07:00"",""close"":""22:00""},""thu"":{""kind"":""open"",""open"":""07:00"",""close"":""22:00""},""fri"":{""kind"":""open"",""open"":""07:00"",""close"":""22:00""},""sat"":{""kind"":""open"",""open"":""07:00"",""close"":""22:00""},""sun"":{""kind"":""open"",""open"":""07:00"",""close"":""22:00""}}",0966 655 7494,,,,,,OPERATIONAL,Cafe|Cafe,,true,
ChIJFczZAWS3lzMR6jT2jf2VVpw,Good Pastry Cafe - Timog,"5 Scout Magbanua, Diliman, Quezon City",14.631632,121.02338329999999,"{""mon"":{""kind"":""open"",""open"":""07:00"",""close"":""02:00""},""tue"":{""kind"":""open"",""open"":""07:00"",""close"":""02:00""},""wed"":{""kind"":""open"",""open"":""07:00"",""close"":""02:00""},""thu"":{""kind"":""open"",""open"":""07:00"",""close"":""02:00""},""fri"":{""kind"":""open"",""open"":""07:00"",""close"":""02:00""},""sat"":{""kind"":""open"",""open"":""07:00"",""close"":""02:00""},""sun"":{""kind"":""open"",""open"":""07:00"",""close"":""02:00""}}",0994 786 9238,,,,,,OPERATIONAL,Cafe|Cafe,,true,
ChIJwZk78mTJlzMRHAlqzxAl8E8,Good Sh*t Coffee,"5872 Enriquez, Makati City",14.5641625,121.03193689999999,"{""mon"":{""kind"":""open"",""open"":""06:00"",""close"":""22:00""},""tue"":{""kind"":""open"",""open"":""06:00"",""close"":""22:00""},""wed"":{""kind"":""open"",""open"":""06:00"",""close"":""22:00""},""thu"":{""kind"":""open"",""open"":""06:00"",""close"":""22:00""},""fri"":{""kind"":""open"",""open"":""06:00"",""close"":""00:00""},""sat"":{""kind"":""open"",""open"":""06:00"",""close"":""00:00""},""sun"":{""kind"":""open"",""open"":""06:00"",""close"":""22:00""}}",0954 468 7844,,,,,,OPERATIONAL,Coffee shop|Coffee shop,,true,
ChIJrVOITRSfqTMRKypCoEHxsdc,Grab Coffee - Potato Squad Guadalupe Cebu Branch,"1138-B V Rama Ave, Guadalupe, Cebu City",10.3207025,123.8842514,,0968 695 4081,,,,,,OPERATIONAL,Coffee shop|Coffee shop,,false,missing_hours
ChIJS7mGIlxz-TIRnLTokZDYMNA,Green Bread - Matina,"Kawayan Drive, Talomo, Davao City",7.0555312,125.57585189999999,"{""mon"":{""kind"":""all_day""},""tue"":{""kind"":""all_day""},""wed"":{""kind"":""all_day""},""thu"":{""kind"":""all_day""},""fri"":{""kind"":""all_day""},""sat"":{""kind"":""all_day""},""sun"":{""kind"":""all_day""}}",0948 962 5474,,,,,,OPERATIONAL,Coffee shop|Coffee shop,https://greenbreadcafe.my.canva.site/greenbreadcafe,true,
ChIJ-cTcx9Bt-TIR8zbf0PJw8LI,Green Coffee - Bacaca,"3JW3+X76, Fronting Ladislawa Gate, Bacaca Road, Poblacion District, Davao City",7.0927288,125.6044701,"{""mon"":{""kind"":""open"",""open"":""07:00"",""close"":""02:00""},""tue"":{""kind"":""open"",""open"":""07:00"",""close"":""02:00""},""wed"":{""kind"":""open"",""open"":""07:00"",""close"":""02:00""},""thu"":{""kind"":""open"",""open"":""07:00"",""close"":""02:00""},""fri"":{""kind"":""open"",""open"":""07:00"",""close"":""02:00""},""sat"":{""kind"":""open"",""open"":""07:00"",""close"":""02:00""},""sun"":{""kind"":""open"",""open"":""07:00"",""close"":""02:00""}}",,,,,,,OPERATIONAL,Coffee shop|Coffee shop,http://www.thegreencoffee.com/,true,
ChIJ6b9J7Ytz-TIRdYFSZMbnPVk,Green Coffee - Ecoland,"Quimpo Blvd, Ecoland, Davao City",7.0553738,125.59936549999999,"{""mon"":{""kind"":""open"",""open"":""07:00"",""close"":""01:00""},""tue"":{""kind"":""open"",""open"":""07:00"",""close"":""01:00""},""wed"":{""kind"":""open"",""open"":""07:00"",""close"":""01:00""},""thu"":{""kind"":""open"",""open"":""07:00"",""close"":""01:00""},""fri"":{""kind"":""open"",""open"":""07:00"",""close"":""01:00""},""sat"":{""kind"":""open"",""open"":""07:00"",""close"":""01:00""},""sun"":{""kind"":""open"",""open"":""07:00"",""close"":""01:00""}}",,,,,,,OPERATIONAL,Coffee shop|Coffee shop,http://www.thegreencoffee.com/,true,
ChIJdWH_Qktt-TIR1_DeWix-OrQ,Green Coffee - Lanang,"Km. 7 J.P. Laurel Ave, Davao City",7.1029344,125.6396594,"{""mon"":{""kind"":""open"",""open"":""07:00"",""close"":""02:00""},""tue"":{""kind"":""open"",""open"":""07:00"",""close"":""02:00""},""wed"":{""kind"":""open"",""open"":""07:00"",""close"":""02:00""},""thu"":{""kind"":""open"",""open"":""07:00"",""close"":""02:00""},""fri"":{""kind"":""open"",""open"":""07:00"",""close"":""02:00""},""sat"":{""kind"":""open"",""open"":""07:00"",""close"":""02:00""},""sun"":{""kind"":""open"",""open"":""07:00"",""close"":""02:00""}}",,,,,,,OPERATIONAL,Coffee shop|Coffee shop,http://www.thegreencoffee.com/,true,
ChIJS2kSKgxt-TIRRhOq69x_APg,Green Coffee - Marfori,"Ruby St, Poblacion District, Davao City",7.0820975,125.6017251,"{""mon"":{""kind"":""open"",""open"":""07:00"",""close"":""01:00""},""tue"":{""kind"":""open"",""open"":""07:00"",""close"":""01:00""},""wed"":{""kind"":""open"",""open"":""07:00"",""close"":""01:00""},""thu"":{""kind"":""open"",""open"":""07:00"",""close"":""01:00""},""fri"":{""kind"":""open"",""open"":""07:00"",""close"":""01:00""},""sat"":{""kind"":""open"",""open"":""07:00"",""close"":""01:00""},""sun"":{""kind"":""open"",""open"":""07:00"",""close"":""01:00""}}",,,,,,,OPERATIONAL,Coffee shop|Coffee shop,http://www.thegreencoffee.com/,true,
ChIJhXoX54Ft-TIRcpb7W2JKW_4,Green Coffee - Obrero,"P. Sobrecarey, Corner Gov Generoso St, Obrero, Davao City",7.084882299999999,125.6125876,"{""mon"":{""kind"":""open"",""open"":""07:00"",""close"":""01:00""},""tue"":{""kind"":""open"",""open"":""07:00"",""close"":""01:00""},""wed"":{""kind"":""open"",""open"":""07:00"",""close"":""01:00""},""thu"":{""kind"":""open"",""open"":""07:00"",""close"":""01:00""},""fri"":{""kind"":""open"",""open"":""07:00"",""close"":""01:00""},""sat"":{""kind"":""open"",""open"":""07:00"",""close"":""01:00""},""sun"":{""kind"":""open"",""open"":""07:00"",""close"":""01:00""}}",,,,,,,OPERATIONAL,Coffee shop|Coffee shop,http://www.thegreencoffee.com/,true,
ChIJnxY_Wwpt-TIRGilFjhs2EjI,Green Coffee - Polo,"Polo St, Obrero, Davao City",7.0818686,125.6137083,"{""mon"":{""kind"":""open"",""open"":""07:00"",""close"":""01:00""},""tue"":{""kind"":""open"",""open"":""07:00"",""close"":""01:00""},""wed"":{""kind"":""open"",""open"":""07:00"",""close"":""01:00""},""thu"":{""kind"":""open"",""open"":""07:00"",""close"":""01:00""},""fri"":{""kind"":""open"",""open"":""07:00"",""close"":""01:00""},""sat"":{""kind"":""open"",""open"":""07:00"",""close"":""01:00""},""sun"":{""kind"":""open"",""open"":""07:00"",""close"":""01:00""}}",,,,,,,OPERATIONAL,Coffee shop|Coffee shop,http://www.thegreencoffee.com/,true,
ChIJVU46fwDJlzMRT5_MBTJ9NCY,Greenbench Coffee,"16 Williams, Pasig",14.5737805,121.056118,"{""mon"":{""kind"":""open"",""open"":""08:00"",""close"":""22:00""},""tue"":{""kind"":""open"",""open"":""08:00"",""close"":""22:00""},""wed"":{""kind"":""open"",""open"":""08:00"",""close"":""22:00""},""thu"":{""kind"":""open"",""open"":""08:00"",""close"":""22:00""},""fri"":{""kind"":""open"",""open"":""08:00"",""close"":""00:00""},""sat"":{""kind"":""open"",""open"":""08:00"",""close"":""00:00""},""sun"":{""kind"":""open"",""open"":""07:00"",""close"":""20:00""}}",0956 625 3509,,,,,,OPERATIONAL,Cafe|Cafe,https://www.facebook.com/greenbenchph,true,
ChIJize2JQCZqTMR2Gmrv4n_VKI,Greenday Cafe - Century Plaza,"Century Plaza, ComplexJuana Osmeña, StCebu City",10.3114713,123.8946082,"{""mon"":{""kind"":""open"",""open"":""10:00"",""close"":""22:00""},""tue"":{""kind"":""open"",""open"":""10:00"",""close"":""22:00""},""wed"":{""kind"":""open"",""open"":""10:00"",""close"":""22:00""},""thu"":{""kind"":""open"",""open"":""10:00"",""close"":""22:00""},""fri"":{""kind"":""open"",""open"":""10:00"",""close"":""22:00""},""sat"":{""kind"":""open"",""open"":""10:00"",""close"":""22:00""},""sun"":{""kind"":""open"",""open"":""10:00"",""close"":""22:00""}}",0921 686 9175,,,,,,OPERATIONAL,Coffee shop|Coffee shop,,true,
ChIJfeURRU65lzMRYFDBBgWKAiY,Gretsch Coffee,"335 J. P. Rizal St, Marikina",14.631521999999999,121.09531559999999,"{""mon"":{""kind"":""open"",""open"":""08:00"",""close"":""19:00""},""tue"":{""kind"":""open"",""open"":""08:00"",""close"":""19:00""},""wed"":{""kind"":""open"",""open"":""08:00"",""close"":""19:00""},""thu"":{""kind"":""open"",""open"":""08:00"",""close"":""19:00""},""fri"":{""kind"":""open"",""open"":""08:00"",""close"":""19:00""},""sat"":{""kind"":""open"",""open"":""14:00"",""close"":""23:00""},""sun"":{""kind"":""open"",""open"":""14:00"",""close"":""22:00""}}",,,,,,,OPERATIONAL,Coffee shop|Coffee shop,,true,
ChIJ08A8NwC5lzMR3kXvRfU1fA4,Grind Cafe & Restaurant,"E G Manalo St, Concepcion Uno, Marikina",14.6448374,121.1007753,"{""mon"":{""kind"":""open"",""open"":""09:00"",""close"":""02:00""},""tue"":{""kind"":""open"",""open"":""09:00"",""close"":""02:00""},""wed"":{""kind"":""open"",""open"":""09:00"",""close"":""02:00""},""thu"":{""kind"":""open"",""open"":""09:00"",""close"":""02:00""},""fri"":{""kind"":""open"",""open"":""09:00"",""close"":""02:00""},""sat"":{""kind"":""open"",""open"":""09:00"",""close"":""02:00""},""sun"":{""kind"":""open"",""open"":""09:00"",""close"":""02:00""}}",0995 490 3624,,,,,,OPERATIONAL,Coffee shop|Coffee shop,https://www.facebook.com/share/1DuSeFchU7/?mibextid=wwXIfr,true,
ChIJKx8v_7Vt-TIRtBpK7UX4L1E,Grind Coffee Mobile Bar,"Abreeza Mall, Poblacion District, Davao City",7.090131599999999,125.61070769999999,"{""mon"":{""kind"":""open"",""open"":""06:00"",""close"":""20:00""},""tue"":{""kind"":""open"",""open"":""06:00"",""close"":""20:00""},""wed"":{""kind"":""open"",""open"":""06:00"",""close"":""20:00""},""thu"":{""kind"":""open"",""open"":""06:00"",""close"":""20:00""},""fri"":{""kind"":""open"",""open"":""06:00"",""close"":""20:00""},""sat"":{""kind"":""open"",""open"":""06:00"",""close"":""20:00""},""sun"":{""kind"":""open"",""open"":""06:00"",""close"":""20:00""}}",0946 609 2560,,,,,,OPERATIONAL,Coffee shop|Coffee shop,https://www.facebook.com/grindcoffeebardvo,true,
ChIJRdscev3JlzMRRBjH2j-MzQM,Grit Coffee,"557 San Joaquin, Mandaluyong City",14.5809863,121.03134969999999,"{""mon"":{""kind"":""open"",""open"":""14:00"",""close"":""22:30""},""tue"":{""kind"":""open"",""open"":""17:00"",""close"":""22:30""},""wed"":{""kind"":""open"",""open"":""14:00"",""close"":""22:30""},""thu"":{""kind"":""open"",""open"":""14:00"",""close"":""22:30""},""fri"":{""kind"":""open"",""open"":""14:00"",""close"":""22:30""},""sat"":{""kind"":""open"",""open"":""14:00"",""close"":""22:30""},""sun"":{""kind"":""open"",""open"":""14:00"",""close"":""22:30""}}",0936 770 0800,,,,,,OPERATIONAL,Coffee shop|Coffee shop,https://linktr.ee/GritCoffee.mnl,true,
ChIJt7JpxxKbqTMRMagHzkJjZxk,GroundWork Collective Cafe,"Unit 1C, Asha Plaza Building, Colon St, Cebu City",10.2951991,123.89551449999999,"{""mon"":{""kind"":""all_day""},""tue"":{""kind"":""all_day""},""wed"":{""kind"":""all_day""},""thu"":{""kind"":""all_day""},""fri"":{""kind"":""all_day""},""sat"":{""kind"":""all_day""},""sun"":{""kind"":""all_day""}}",,,,,,,OPERATIONAL,Coffee shop|Coffee shop,,true,
ChIJewMp8MTRlzMRUID_14PLcvo,Grouphug Specialty Coffee,"Westgate Center, Filinvest Ave, Alabang, Muntinlupa",14.422152899999999,121.03472869999999,"{""mon"":{""kind"":""open"",""open"":""07:00"",""close"":""22:00""},""tue"":{""kind"":""open"",""open"":""07:00"",""close"":""22:00""},""wed"":{""kind"":""open"",""open"":""07:00"",""close"":""22:00""},""thu"":{""kind"":""open"",""open"":""07:00"",""close"":""22:00""},""fri"":{""kind"":""open"",""open"":""07:00"",""close"":""22:00""},""sat"":{""kind"":""open"",""open"":""07:00"",""close"":""22:00""},""sun"":{""kind"":""open"",""open"":""07:00"",""close"":""22:00""}}",0969 531 2700,,,,,,OPERATIONAL,Coffee shop|Coffee shop,https://instagram.com/grouphugcafe,true,
ChIJtUAFko7LlzMREVj56JnQicY,Gukeng coffee shop,"Gukeng coffee shop, 921 Masangkay St, Binondo, Manila",14.603055,120.97602889999999,"{""mon"":{""kind"":""open"",""open"":""08:30"",""close"":""22:00""},""tue"":{""kind"":""open"",""open"":""08:30"",""close"":""22:00""},""wed"":{""kind"":""open"",""open"":""08:30"",""close"":""22:00""},""thu"":{""kind"":""open"",""open"":""08:30"",""close"":""22:00""},""fri"":{""kind"":""open"",""open"":""08:30"",""close"":""22:00""},""sat"":{""kind"":""open"",""open"":""08:30"",""close"":""22:00""},""sun"":{""kind"":""open"",""open"":""08:30"",""close"":""22:00""}}",0927 066 0099,,,,,,OPERATIONAL,Coffee shop|Coffee shop,https://www.facebook.com/share/14H8QCRgco1/?mibextid=LQQJ4d,true,
ChIJ0bqwFACZqTMRMuW_4Glhp2s,Gustoka Coffee Talamban Times Square,"Gov. M. Cuenco Ave, Cebu City",10.369429,123.9183163,"{""mon"":{""kind"":""open"",""open"":""10:00"",""close"":""20:00""},""tue"":{""kind"":""open"",""open"":""10:00"",""close"":""20:00""},""wed"":{""kind"":""open"",""open"":""10:00"",""close"":""20:00""},""thu"":{""kind"":""open"",""open"":""10:00"",""close"":""20:00""},""fri"":{""kind"":""open"",""open"":""10:00"",""close"":""20:00""},""sat"":{""kind"":""open"",""open"":""10:00"",""close"":""20:00""},""sun"":{""kind"":""open"",""open"":""10:00"",""close"":""20:00""}}",,,,,,,OPERATIONAL,Coffee shop|Coffee shop,,true,
ChIJpbYZCgDJlzMRII4Mn0CLyOo,H Proper Coffee Roasters - Ayala Triangle Garden,"Restaurant Arcade, Ayala Triangle Walkways, Makati City",14.5563211,121.0239685,"{""mon"":{""kind"":""open"",""open"":""06:30"",""close"":""23:00""},""tue"":{""kind"":""open"",""open"":""06:30"",""close"":""23:00""},""wed"":{""kind"":""open"",""open"":""06:30"",""close"":""23:00""},""thu"":{""kind"":""open"",""open"":""06:30"",""close"":""23:00""},""fri"":{""kind"":""open"",""open"":""06:30"",""close"":""23:00""},""sat"":{""kind"":""open"",""open"":""06:30"",""close"":""23:00""},""sun"":{""kind"":""open"",""open"":""06:30"",""close"":""23:00""}}",0917 192 0873,,,,,,OPERATIONAL,Coffee shop|Coffee shop,https://www.instagram.com/hpropercoffeeroasters,true,
ChIJq6uE9xzJlzMRRsUgYpi6oEk,H Proper Coffee Roasters - Podium,"Level 6, SM Podium, ADB Ave, Ortigas Center, Mandaluyong City",14.5854815,121.0591707,"{""mon"":{""kind"":""open"",""open"":""06:30"",""close"":""23:00""},""tue"":{""kind"":""open"",""open"":""06:30"",""close"":""23:00""},""wed"":{""kind"":""open"",""open"":""06:30"",""close"":""23:00""},""thu"":{""kind"":""open"",""open"":""06:30"",""close"":""23:00""},""fri"":{""kind"":""open"",""open"":""06:30"",""close"":""23:00""},""sat"":{""kind"":""open"",""open"":""06:30"",""close"":""23:00""},""sun"":{""kind"":""open"",""open"":""06:30"",""close"":""23:00""}}",0917 586 0901,,,,,,OPERATIONAL,Coffee shop|Coffee shop,https://hproper.com/,true,
ChIJYZhLyr6_lzMR2XqJ3reJIFU,Habagat Coffee and Outdoor Lifestyle,"77 San Rafael St, Pasig",14.574282199999999,121.0606203,"{""mon"":{""kind"":""closed""},""tue"":{""kind"":""closed""},""wed"":{""kind"":""open"",""open"":""12:00"",""close"":""21:00""},""thu"":{""kind"":""open"",""open"":""12:00"",""close"":""21:00""},""fri"":{""kind"":""open"",""open"":""09:00"",""close"":""21:00""},""sat"":{""kind"":""open"",""open"":""09:00"",""close"":""21:00""},""sun"":{""kind"":""open"",""open"":""09:00"",""close"":""21:00""}}",,,,,,,OPERATIONAL,Coffee shop|Coffee shop,,true,
ChIJs1S7S_tt-TIRIZ09MWWVgt0,Habitat Coffee - Lanang Branch,"Unit D, Lanang Business Park, J.P. Laurel Ave, Buhangin, Davao City",7.1029532,125.636968,"{""mon"":{""kind"":""open"",""open"":""07:00"",""close"":""22:00""},""tue"":{""kind"":""open"",""open"":""07:00"",""close"":""22:00""},""wed"":{""kind"":""open"",""open"":""07:00"",""close"":""22:00""},""thu"":{""kind"":""open"",""open"":""07:00"",""close"":""22:00""},""fri"":{""kind"":""open"",""open"":""07:00"",""close"":""22:00""},""sat"":{""kind"":""open"",""open"":""08:30"",""close"":""22:00""},""sun"":{""kind"":""open"",""open"":""08:30"",""close"":""22:00""}}",,,,,,,OPERATIONAL,Cafe|Cafe,,true,
ChIJj8QdfVnJlzMR-h4Eujs5Kz4,Hakid,"PASIG PLAZA, UNIT 8, 1 Brixton St, Kapitolyo, SECOND DISTRICT, Pasig",14.5728741,121.0582393,"{""mon"":{""kind"":""closed""},""tue"":{""kind"":""open"",""open"":""09:00"",""close"":""01:00""},""wed"":{""kind"":""open"",""open"":""09:00"",""close"":""01:00""},""thu"":{""kind"":""open"",""open"":""09:00"",""close"":""01:00""},""fri"":{""kind"":""open"",""open"":""09:00"",""close"":""03:00""},""sat"":{""kind"":""open"",""open"":""09:00"",""close"":""03:00""},""sun"":{""kind"":""open"",""open"":""09:00"",""close"":""01:00""}}",0976 045 0252,,,,,,OPERATIONAL,Coffee shop|Coffee shop|Cafe|Cocktail bar|Lounge bar,https://instagram.com/hakid.mnl/,true,
ChIJb3wHQPrJlzMRHnbXxnIF44Y,Half and Half Coffee - Mandaluyong,"217 A Bonifacio St, Brgy. Hagdan Bato Itaas, Mandaluyong City",14.5892904,121.0303826,"{""mon"":{""kind"":""open"",""open"":""08:00"",""close"":""18:00""},""tue"":{""kind"":""open"",""open"":""08:00"",""close"":""18:00""},""wed"":{""kind"":""open"",""open"":""08:00"",""close"":""18:00""},""thu"":{""kind"":""open"",""open"":""08:00"",""close"":""18:00""},""fri"":{""kind"":""open"",""open"":""08:00"",""close"":""18:00""},""sat"":{""kind"":""open"",""open"":""08:00"",""close"":""18:00""},""sun"":{""kind"":""closed""}}",,,,,,,OPERATIONAL,Coffee shop|Coffee shop,https://facebook.com/halfandhalfcoffee,true,
ChIJ0xMtxV3PlzMRMZRI0xIANiA,Hand Hand Coffee,"MGV Commercial Complex, Paranaque, Parañaque",14.4766801,121.0397046,"{""mon"":{""kind"":""open"",""open"":""07:00"",""close"":""19:00""},""tue"":{""kind"":""open"",""open"":""07:00"",""close"":""19:00""},""wed"":{""kind"":""open"",""open"":""07:00"",""close"":""19:00""},""thu"":{""kind"":""open"",""open"":""07:00"",""close"":""19:00""},""fri"":{""kind"":""open"",""open"":""07:00"",""close"":""19:00""},""sat"":{""kind"":""open"",""open"":""07:00"",""close"":""19:00""},""sun"":{""kind"":""open"",""open"":""07:00"",""close"":""19:00""}}",0977 400 7660,,,,,,OPERATIONAL,Coffee shop|Coffee shop,http://instagram.com/handhandcoffee,true,
ChIJYRgCXwCZqTMRu5MV6LVN3UU,Happy Coffee,"Pres. Magsaysay St, Cebu City",10.3273026,123.9149726,"{""mon"":{""kind"":""open"",""open"":""08:00"",""close"":""22:00""},""tue"":{""kind"":""open"",""open"":""08:00"",""close"":""22:00""},""wed"":{""kind"":""open"",""open"":""08:00"",""close"":""22:00""},""thu"":{""kind"":""open"",""open"":""08:00"",""close"":""22:00""},""fri"":{""kind"":""open"",""open"":""08:00"",""close"":""22:00""},""sat"":{""kind"":""open"",""open"":""08:00"",""close"":""22:00""},""sun"":{""kind"":""open"",""open"":""08:00"",""close"":""22:00""}}",,,,,available,,OPERATIONAL,Coffee shop|Coffee shop|Cafe,https://www.facebook.com/happycoffeecebu,true,
ChIJZ_csgdIN-TIRJJU1HGe1P1c,Happy Valley Cafe Davao,"B22 L17 HAPPY VALLEY ST, Balusong Ave, MATINA, Davao City",7.0625143999999995,125.561853,"{""mon"":{""kind"":""open"",""open"":""08:00"",""close"":""19:00""},""tue"":{""kind"":""open"",""open"":""08:00"",""close"":""19:00""},""wed"":{""kind"":""open"",""open"":""08:00"",""close"":""19:00""},""thu"":{""kind"":""open"",""open"":""08:00"",""close"":""19:00""},""fri"":{""kind"":""open"",""open"":""08:00"",""close"":""19:00""},""sat"":{""kind"":""open"",""open"":""08:00"",""close"":""19:00""},""sun"":{""kind"":""closed""}}",,,,,,,OPERATIONAL,Cafe|Cafe,,true,
ChIJxy04NWK3lzMRjZOpbDoHn5U,Harimuhán Café,"2005 Espana, Cor Maceda St, Sampaloc, Manila",14.614675,120.9980076,"{""mon"":{""kind"":""open"",""open"":""10:00"",""close"":""23:00""},""tue"":{""kind"":""open"",""open"":""10:00"",""close"":""23:00""},""wed"":{""kind"":""open"",""open"":""10:00"",""close"":""23:00""},""thu"":{""kind"":""open"",""open"":""10:00"",""close"":""23:00""},""fri"":{""kind"":""open"",""open"":""10:00"",""close"":""23:00""},""sat"":{""kind"":""open"",""open"":""10:00"",""close"":""23:00""},""sun"":{""kind"":""open"",""open"":""11:00"",""close"":""23:00""}}",0926 995 6261,,,,,,OPERATIONAL,Coffee shop|Coffee shop,https://www.facebook.com/profile.php?id=100083790686506,true,
ChIJq1WwMgDRlzMRt1ZCIwm58CY,Harlan Coffee - Alabang Town Center,"Unit #1206, Alabang Town Center, Ground Level, Corte de las Palmas, Muntinlupa",14.4231049,121.0293865,"{""mon"":{""kind"":""open"",""open"":""07:00"",""close"":""22:00""},""tue"":{""kind"":""open"",""open"":""07:00"",""close"":""22:00""},""wed"":{""kind"":""open"",""open"":""07:00"",""close"":""22:00""},""thu"":{""kind"":""open"",""open"":""07:00"",""close"":""22:00""},""fri"":{""kind"":""open"",""open"":""07:00"",""close"":""22:00""},""sat"":{""kind"":""open"",""open"":""07:00"",""close"":""22:00""},""sun"":{""kind"":""open"",""open"":""07:00"",""close"":""22:00""}}",0950 547 5650,,,,,,OPERATIONAL,Coffee shop|Coffee shop,https://becausecoffeeinfo.carrd.co/,true,
ChIJBYsWzE65lzMRZL0FDDaqvF0,Harlan Coffee - Eastwood Mall,"Unit 1800-9, Eastwood Open Park, Ground Floor, Eastwood Ave, Libis, Quezon City",14.6099503,121.07946129999999,"{""mon"":{""kind"":""open"",""open"":""07:00"",""close"":""00:00""},""tue"":{""kind"":""open"",""open"":""07:00"",""close"":""00:00""},""wed"":{""kind"":""open"",""open"":""07:00"",""close"":""00:00""},""thu"":{""kind"":""open"",""open"":""07:00"",""close"":""00:00""},""fri"":{""kind"":""open"",""open"":""07:00"",""close"":""00:00""},""sat"":{""kind"":""open"",""open"":""07:00"",""close"":""00:00""},""sun"":{""kind"":""open"",""open"":""07:00"",""close"":""00:00""}}",0993 613 5823,,,,,,OPERATIONAL,Coffee store|Coffee store,,true,
ChIJCWI_u2xt-TIRQC05uQa4EjU,Headspace Coffee,"J.P. Laurel Ave, Poblacion District, Davao City",7.0809220999999996,125.6129361,"{""mon"":{""kind"":""open"",""open"":""08:00"",""close"":""00:00""},""tue"":{""kind"":""open"",""open"":""08:00"",""close"":""00:00""},""wed"":{""kind"":""open"",""open"":""08:00"",""close"":""00:00""},""thu"":{""kind"":""open"",""open"":""08:00"",""close"":""00:00""},""fri"":{""kind"":""open"",""open"":""08:00"",""close"":""00:00""},""sat"":{""kind"":""open"",""open"":""08:00"",""close"":""00:00""},""sun"":{""kind"":""open"",""open"":""13:00"",""close"":""00:00""}}",0960 439 3795,,,,,,OPERATIONAL,Cafe|Cafe,https://headspacecoffee.co/,true,
ChIJ32daHEPJlzMRhPaE6xs2LpU,"Hello, Coffee","333, 1500 P. Guevarra St, San Juan City",14.597952,121.03780569999999,"{""mon"":{""kind"":""open"",""open"":""07:00"",""close"":""19:00""},""tue"":{""kind"":""open"",""open"":""07:00"",""close"":""19:00""},""wed"":{""kind"":""open"",""open"":""07:00"",""close"":""19:00""},""thu"":{""kind"":""open"",""open"":""07:00"",""close"":""19:00""},""fri"":{""kind"":""open"",""open"":""07:00"",""close"":""19:00""},""sat"":{""kind"":""open"",""open"":""07:00"",""close"":""20:00""},""sun"":{""kind"":""open"",""open"":""07:00"",""close"":""17:00""}}",0915 111 1162,,,,,,OPERATIONAL,Coffee shop|Coffee shop,https://instagram.com/hellocoffee.ph,true,
ChIJwZI84Q1t-TIRrTNN-j2cWjA,Hid'n Coffee,"Palm Village, Nicasio Torres St, Obrero, Davao City",7.0901844,125.6145808,"{""mon"":{""kind"":""open"",""open"":""13:00"",""close"":""21:00""},""tue"":{""kind"":""open"",""open"":""06:00"",""close"":""23:00""},""wed"":{""kind"":""open"",""open"":""06:00"",""close"":""23:00""},""thu"":{""kind"":""open"",""open"":""06:00"",""close"":""23:00""},""fri"":{""kind"":""open"",""open"":""06:00"",""close"":""23:00""},""sat"":{""kind"":""open"",""open"":""06:00"",""close"":""23:00""},""sun"":{""kind"":""open"",""open"":""06:00"",""close"":""23:00""}}",,,,,,,OPERATIONAL,Coffee shop|Coffee shop,,true,
ChIJKzruQgDJlzMRlozw7WhU8ZQ,Hidden Cafe,"1834 Aurora Blvd, Pasay City",14.5369353,121.0034517,"{""mon"":{""kind"":""open"",""open"":""18:00"",""close"":""02:00""},""tue"":{""kind"":""open"",""open"":""18:00"",""close"":""02:00""},""wed"":{""kind"":""open"",""open"":""18:00"",""close"":""02:00""},""thu"":{""kind"":""open"",""open"":""18:00"",""close"":""02:00""},""fri"":{""kind"":""open"",""open"":""18:00"",""close"":""02:00""},""sat"":{""kind"":""open"",""open"":""18:00"",""close"":""02:00""},""sun"":{""kind"":""open"",""open"":""18:00"",""close"":""02:00""}}",,,,,,,OPERATIONAL,Coffee shop|Coffee shop,https://www.facebook.com/share/17n4FrVUMn/?mibextid=wwXIfr,true,
ChIJz7SdFQCxlzMRDA0F9SWoYFU,Hidden Coffee,"Ph4, North Matrix Ville Subdivision, Echo st, Camarin Rd, Caloocan",14.7536556,121.04952039999999,"{""mon"":{""kind"":""closed""},""tue"":{""kind"":""open"",""open"":""17:00"",""close"":""02:00""},""wed"":{""kind"":""open"",""open"":""17:00"",""close"":""02:00""},""thu"":{""kind"":""open"",""open"":""17:00"",""close"":""02:00""},""fri"":{""kind"":""open"",""open"":""17:00"",""close"":""02:00""},""sat"":{""kind"":""open"",""open"":""17:00"",""close"":""02:00""},""sun"":{""kind"":""open"",""open"":""17:00"",""close"":""02:00""}}",,,,,,,OPERATIONAL,Coffee shop|Coffee shop,,true,
ChIJS9-JfK23lzMRAgRFR0_DehE,High Grounds Café,"67 Sct. Rallos St, Diliman, Quezon City",14.6339983,121.03589269999999,"{""mon"":{""kind"":""open"",""open"":""10:00"",""close"":""02:00""},""tue"":{""kind"":""open"",""open"":""10:00"",""close"":""02:00""},""wed"":{""kind"":""open"",""open"":""10:00"",""close"":""02:00""},""thu"":{""kind"":""open"",""open"":""10:00"",""close"":""02:00""},""fri"":{""kind"":""open"",""open"":""10:00"",""close"":""04:00""},""sat"":{""kind"":""open"",""open"":""10:00"",""close"":""04:00""},""sun"":{""kind"":""open"",""open"":""10:00"",""close"":""02:00""}}",,,,,,,OPERATIONAL,Internet cafe|Internet cafe|Cafe,https://www.facebook.com/highgroundsofficial,true,
ChIJyXMIwAQP-TIR0zXnj5fBK9s,High Moon Haven,"Manambulan Tagakpan Rd, Toril, Davao City",7.031276699999999,125.494461,"{""mon"":{""kind"":""open"",""open"":""11:00"",""close"":""01:00""},""tue"":{""kind"":""open"",""open"":""11:00"",""close"":""01:00""},""wed"":{""kind"":""open"",""open"":""11:00"",""close"":""01:00""},""thu"":{""kind"":""open"",""open"":""11:00"",""close"":""01:00""},""fri"":{""kind"":""open"",""open"":""11:00"",""close"":""01:00""},""sat"":{""kind"":""open"",""open"":""11:00"",""close"":""01:00""},""sun"":{""kind"":""open"",""open"":""11:00"",""close"":""01:00""}}",0968 571 8099,,,,,,OPERATIONAL,Coffee shop|Coffee shop,,true,
ChIJKZMMOArRlzMRVqGbWP-KmGo,Higher Ground Specialty Coffee,"Spc A1.1, The River Park, Festival Supermall Tower, Corporate Ave, Alabang, Muntinlupa",14.415042,121.0405596,"{""mon"":{""kind"":""open"",""open"":""09:00"",""close"":""21:00""},""tue"":{""kind"":""open"",""open"":""09:00"",""close"":""21:00""},""wed"":{""kind"":""open"",""open"":""09:00"",""close"":""21:00""},""thu"":{""kind"":""open"",""open"":""09:00"",""close"":""21:00""},""fri"":{""kind"":""open"",""open"":""09:00"",""close"":""21:00""},""sat"":{""kind"":""open"",""open"":""09:00"",""close"":""21:00""},""sun"":{""kind"":""open"",""open"":""09:00"",""close"":""21:00""}}",0969 100 3867,,,,,,OPERATIONAL,Coffee shop|Coffee shop,https://www.facebook.com/highergroundspecialtycoffee/,true,
ChIJ5WQefgCZqTMROnVuFMqT51A,Highlands Coffee - Cebu Exchange Tower,"8WG3+WV9 Department of Public Works and Highways, Salinas Dr, Cebu City",10.327598,123.9048758,"{""mon"":{""kind"":""open"",""open"":""07:00"",""close"":""00:00""},""tue"":{""kind"":""all_day""},""wed"":{""kind"":""all_day""},""thu"":{""kind"":""all_day""},""fri"":{""kind"":""all_day""},""sat"":{""kind"":""all_day""},""sun"":{""kind"":""open"",""open"":""00:00"",""close"":""23:00""}}",,,,,available,,OPERATIONAL,Coffee shop|Coffee shop,,true,
ChIJZ2qPMQDJlzMR5ixq0a0-bjI,Highlands Coffee Pearl Place,"The Pearl, Pearl Dr, Ortigas Center, Pasig",14.578919099999998,121.05953009999999,"{""mon"":{""kind"":""open"",""open"":""06:00"",""close"":""00:00""},""tue"":{""kind"":""all_day""},""wed"":{""kind"":""all_day""},""thu"":{""kind"":""all_day""},""fri"":{""kind"":""all_day""},""sat"":{""kind"":""open"",""open"":""06:00"",""close"":""16:00""},""sun"":{""kind"":""open"",""open"":""06:00"",""close"":""16:00""}}",,,,,,,OPERATIONAL,Coffee shop|Coffee shop,,true,
ChIJC6f0FGIX-TIRerm9vMWRwCc,Hikaru de Cielo Cafe,"Purok 21, San Roque, Davao - Bukidnon Hwy, Calinan, Calinan District, Davao City",7.1750599,125.46989359999999,"{""mon"":{""kind"":""open"",""open"":""10:00"",""close"":""22:00""},""tue"":{""kind"":""open"",""open"":""10:00"",""close"":""22:00""},""wed"":{""kind"":""open"",""open"":""10:00"",""close"":""22:00""},""thu"":{""kind"":""open"",""open"":""10:00"",""close"":""22:00""},""fri"":{""kind"":""open"",""open"":""10:00"",""close"":""22:00""},""sat"":{""kind"":""open"",""open"":""10:00"",""close"":""22:00""},""sun"":{""kind"":""open"",""open"":""10:00"",""close"":""22:00""}}",,,,,,,OPERATIONAL,Coffee shop|Coffee shop,,true,
ChIJZwwJPEJt-TIRexOyEoVIzhI,Hills and Valleys Coffee - Buhangin Davao,"Block 20 Lot 51 and 53, Montclair Highlands, Tigatto Rd, Buhangin, Davao City",7.1111236,125.60927459999999,"{""mon"":{""kind"":""open"",""open"":""11:00"",""close"":""21:00""},""tue"":{""kind"":""open"",""open"":""09:00"",""close"":""02:00""},""wed"":{""kind"":""open"",""open"":""09:00"",""close"":""02:00""},""thu"":{""kind"":""open"",""open"":""09:00"",""close"":""02:00""},""fri"":{""kind"":""open"",""open"":""09:00"",""close"":""02:00""},""sat"":{""kind"":""open"",""open"":""11:00"",""close"":""21:00""},""sun"":{""kind"":""open"",""open"":""11:00"",""close"":""21:00""}}",,,,,,,OPERATIONAL,Coffee shop|Coffee shop,https://hillsandvalleys.ph/locations/coffee-shop-in-buhangin-davao/,true,
ChIJX5YsTdAX-TIRUQUhuD5B0Hw,HisHer by Purge Coffee,"Unit 1 Upper Ground Floor, Azuela Cove, G-Center, Lanang, Davao City",7.1029062,125.6440543,"{""mon"":{""kind"":""open"",""open"":""10:00"",""close"":""21:00""},""tue"":{""kind"":""open"",""open"":""10:00"",""close"":""21:00""},""wed"":{""kind"":""open"",""open"":""10:00"",""close"":""21:00""},""thu"":{""kind"":""open"",""open"":""10:00"",""close"":""21:00""},""fri"":{""kind"":""open"",""open"":""10:00"",""close"":""21:00""},""sat"":{""kind"":""open"",""open"":""10:00"",""close"":""21:00""},""sun"":{""kind"":""open"",""open"":""10:00"",""close"":""21:00""}}",,,,,,,OPERATIONAL,Coffee shop|Coffee shop,,true,
ChIJi0EQhbPJlzMRcBg8hPMmA08,Hoi Coffee - Work Cafés,"Lobby, mySTAY BGC East Hotel, 23 Kalayaan Ave, Taguig",14.557609699999999,121.0443234,"{""mon"":{""kind"":""open"",""open"":""08:00"",""close"":""18:00""},""tue"":{""kind"":""open"",""open"":""08:00"",""close"":""18:00""},""wed"":{""kind"":""open"",""open"":""08:00"",""close"":""18:00""},""thu"":{""kind"":""open"",""open"":""08:00"",""close"":""18:00""},""fri"":{""kind"":""open"",""open"":""08:00"",""close"":""18:00""},""sat"":{""kind"":""open"",""open"":""09:00"",""close"":""18:00""},""sun"":{""kind"":""open"",""open"":""09:00"",""close"":""18:00""}}",0927 839 4268,,,,,,OPERATIONAL,Coffee shop|Coffee shop,http://www.hoi-coffee.com/,true,
ChIJXyXnZACZqTMRy_p_IuLE5Os,Hola Coffee - Fuente,"Osmeña Blvd, Cebu City",10.3108927,123.8929869,"{""mon"":{""kind"":""open"",""open"":""08:00"",""close"":""22:00""},""tue"":{""kind"":""open"",""open"":""08:00"",""close"":""22:00""},""wed"":{""kind"":""open"",""open"":""08:00"",""close"":""22:00""},""thu"":{""kind"":""open"",""open"":""08:00"",""close"":""22:00""},""fri"":{""kind"":""open"",""open"":""08:00"",""close"":""22:00""},""sat"":{""kind"":""open"",""open"":""08:00"",""close"":""22:00""},""sun"":{""kind"":""closed""}}",0917 629 3614,,,,,,OPERATIONAL,Coffee shop|Coffee shop,,true,
ChIJaW_MCgDJlzMRNZjxK_yZbOI,Hola Coffee - Scape Pasay,"rd23, cor Coral Way, Pasay City",14.533176899999999,120.9887267,"{""mon"":{""kind"":""open"",""open"":""11:00"",""close"":""02:30""},""tue"":{""kind"":""open"",""open"":""11:00"",""close"":""02:30""},""wed"":{""kind"":""open"",""open"":""11:00"",""close"":""02:30""},""thu"":{""kind"":""open"",""open"":""11:00"",""close"":""02:30""},""fri"":{""kind"":""open"",""open"":""11:00"",""close"":""02:30""},""sat"":{""kind"":""open"",""open"":""11:00"",""close"":""02:30""},""sun"":{""kind"":""open"",""open"":""12:00"",""close"":""00:00""}}",0962 602 5969,,,,,,OPERATIONAL,Coffee shop|Coffee shop,https://www.facebook.com/profile.php?id=61569440595663&mibextid=ZbWKwL,true,
ChIJ7TZs05SZqTMRamLiWbnU8ck,hom cafe cebu,"Tac an, Budlaan Road, Cebu City",10.367151,123.9129076,"{""mon"":{""kind"":""open"",""open"":""07:00"",""close"":""22:00""},""tue"":{""kind"":""open"",""open"":""07:00"",""close"":""22:00""},""wed"":{""kind"":""open"",""open"":""07:00"",""close"":""22:00""},""thu"":{""kind"":""open"",""open"":""07:00"",""close"":""22:00""},""fri"":{""kind"":""open"",""open"":""07:00"",""close"":""22:00""},""sat"":{""kind"":""open"",""open"":""07:00"",""close"":""22:00""},""sun"":{""kind"":""open"",""open"":""07:00"",""close"":""22:00""}}",0965 493 0288,available,,,,,OPERATIONAL,Cafe|Cafe,https://www.facebook.com/homcafecebu,true,
ChIJy_sxowSZqTMRSEwqMKVEDJw,HueMann Coffee,"Rahmann St, Zapatera, Cebu City",10.308827899999999,123.901209,"{""mon"":{""kind"":""open"",""open"":""07:00"",""close"":""00:00""},""tue"":{""kind"":""open"",""open"":""07:00"",""close"":""00:00""},""wed"":{""kind"":""open"",""open"":""07:00"",""close"":""00:00""},""thu"":{""kind"":""open"",""open"":""07:00"",""close"":""00:00""},""fri"":{""kind"":""open"",""open"":""07:00"",""close"":""02:00""},""sat"":{""kind"":""open"",""open"":""07:00"",""close"":""02:00""},""sun"":{""kind"":""open"",""open"":""07:00"",""close"":""02:00""}}",0927 767 6344,,,,available,,OPERATIONAL,Coffee shop|Coffee shop|Dessert shop|European restaurant|German restaurant|Restaurant|Steak house,https://instagram.com/huemannph?igshid=MzRlODBiNWFlZA==,true,
ChIJ7UTaNABt-TIRJUgFrvkAUPA,Ideal Coffee Roaster,"3JXJ+F9, Poblacion District, Davao City",7.0727533,125.60729359999999,,,,,,,,OPERATIONAL,Coffee shop|Coffee shop,https://www.facebook.com/share/1F7HAw5cov/,false,missing_hours
ChIJUxjrxVdz-TIR6_r1ljqarf4,IDK cafe PH,"Eight cafe, #004 Curacha St, Lanzona subdivision, Davao City",7.0508437,125.5745393,,0977 065 2446,,,,,,OPERATIONAL,Coffee shop|Coffee shop,,false,missing_hours
ChIJm2TA8Ty5lzMRSM4PKZm2dkM,Inarawan Coffee - Marikina,"2 Sampaguita St, Marikina",14.649887099999999,121.10779529999999,"{""mon"":{""kind"":""open"",""open"":""09:00"",""close"":""22:00""},""tue"":{""kind"":""open"",""open"":""09:00"",""close"":""22:00""},""wed"":{""kind"":""open"",""open"":""09:00"",""close"":""22:00""},""thu"":{""kind"":""open"",""open"":""09:00"",""close"":""22:00""},""fri"":{""kind"":""open"",""open"":""09:00"",""close"":""23:00""},""sat"":{""kind"":""open"",""open"":""09:00"",""close"":""23:00""},""sun"":{""kind"":""open"",""open"":""09:00"",""close"":""23:00""}}",,,,,,,OPERATIONAL,Coffee store|Coffee store,,true,
ChIJU_0EwhVt-TIR7AqzDUYlWqo,Indoor Café,"Block 8, Lot 3 Camia, Cabantian, Buhangin, Davao City",7.133152099999999,125.62341909999999,"{""mon"":{""kind"":""open"",""open"":""12:00"",""close"":""03:00""},""tue"":{""kind"":""open"",""open"":""12:00"",""close"":""03:00""},""wed"":{""kind"":""open"",""open"":""12:00"",""close"":""03:00""},""thu"":{""kind"":""open"",""open"":""12:00"",""close"":""03:00""},""fri"":{""kind"":""open"",""open"":""12:00"",""close"":""03:00""},""sat"":{""kind"":""open"",""open"":""12:00"",""close"":""03:00""},""sun"":{""kind"":""open"",""open"":""12:00"",""close"":""00:00""}}",0995 860 7789,,,,,,OPERATIONAL,Coffee shop|Coffee shop,https://www.facebook.com/profile.php?id=100088811694968,true,
ChIJKXGX2k1r-TIRm81TRJsHGOY,Inherent Coffee,"2nd Fl, JPP Commercial Bldg, Door 1 VDLR, Crossing Bayabas, Toril, Davao City",7.0217928999999994,125.4955851,"{""mon"":{""kind"":""open"",""open"":""11:00"",""close"":""05:00""},""tue"":{""kind"":""open"",""open"":""11:00"",""close"":""05:00""},""wed"":{""kind"":""open"",""open"":""11:00"",""close"":""05:00""},""thu"":{""kind"":""open"",""open"":""11:00"",""close"":""05:00""},""fri"":{""kind"":""open"",""open"":""11:00"",""close"":""05:00""},""sat"":{""kind"":""open"",""open"":""11:00"",""close"":""05:00""},""sun"":{""kind"":""open"",""open"":""11:00"",""close"":""05:00""}}",,,,,,,OPERATIONAL,Coffee shop|Coffee shop,,true,
ChIJ3_FVRwC3lzMRy4xMtD8sKxQ,Intuit Coffee,"3rd floor, Northeast, 6 Missouri, San Juan City",14.602371,121.0529524,"{""mon"":{""kind"":""open"",""open"":""10:00"",""close"":""19:00""},""tue"":{""kind"":""open"",""open"":""10:00"",""close"":""19:00""},""wed"":{""kind"":""open"",""open"":""10:00"",""close"":""19:00""},""thu"":{""kind"":""open"",""open"":""10:00"",""close"":""19:00""},""fri"":{""kind"":""open"",""open"":""08:00"",""close"":""20:00""},""sat"":{""kind"":""open"",""open"":""08:00"",""close"":""20:00""},""sun"":{""kind"":""open"",""open"":""10:00"",""close"":""19:00""}}",0956 001 0303,,,,,,OPERATIONAL,Coffee shop|Coffee shop,http://intuitcoffee.com/,true,
ChIJK3EyIQCZqTMRzNRAEaiNbtc,"Island Tea Co, Ceylon coffee &All day breakfast-Kasambagan","UNIT 6 GROUND FLOOR, NICREK CENTER, F. Cabahug St, Kasambagan, Cebu City",10.3227234,123.9130361,"{""mon"":{""kind"":""open"",""open"":""12:00"",""close"":""21:00""},""tue"":{""kind"":""open"",""open"":""08:00"",""close"":""22:00""},""wed"":{""kind"":""open"",""open"":""08:00"",""close"":""22:00""},""thu"":{""kind"":""open"",""open"":""08:00"",""close"":""22:00""},""fri"":{""kind"":""open"",""open"":""08:00"",""close"":""22:00""},""sat"":{""kind"":""open"",""open"":""08:00"",""close"":""22:00""},""sun"":{""kind"":""open"",""open"":""12:00"",""close"":""21:00""}}",0962 817 2703,available,,,available,,OPERATIONAL,Cafe|Cafe|Coffee shop,https://www.facebook.com/profile.php?id=61579944296409,true,
ChIJydSBq_0X-TIRXDVbLtCPIyI,Isolate Coffee Shop,"2nd Floor, Chino's Box, Door 8 Malanos St, Calinan Poblacion, Davao City",7.1888518999999995,125.45341459999999,"{""mon"":{""kind"":""closed""},""tue"":{""kind"":""open"",""open"":""14:00"",""close"":""22:00""},""wed"":{""kind"":""open"",""open"":""14:00"",""close"":""22:00""},""thu"":{""kind"":""open"",""open"":""14:00"",""close"":""22:00""},""fri"":{""kind"":""open"",""open"":""14:00"",""close"":""22:00""},""sat"":{""kind"":""open"",""open"":""14:00"",""close"":""22:00""},""sun"":{""kind"":""open"",""open"":""14:00"",""close"":""22:00""}}",,,,,,,OPERATIONAL,Coffee shop|Coffee shop|Cafe,,true,
ChIJg38nST7RlzMRVH2x2Z7W7oM,Izu Koffee,"JEE Village Center, Vatican Drive Corner, Aventine Hills Street, BF Resort Dr, Village, Las Piñas",14.430463,120.98994769999999,"{""mon"":{""kind"":""open"",""open"":""07:30"",""close"":""20:30""},""tue"":{""kind"":""open"",""open"":""07:30"",""close"":""20:30""},""wed"":{""kind"":""open"",""open"":""07:30"",""close"":""20:30""},""thu"":{""kind"":""open"",""open"":""07:30"",""close"":""20:30""},""fri"":{""kind"":""open"",""open"":""07:30"",""close"":""21:00""},""sat"":{""kind"":""open"",""open"":""07:30"",""close"":""21:00""},""sun"":{""kind"":""open"",""open"":""07:30"",""close"":""21:00""}}",0917 109 0157,,,,,,OPERATIONAL,Coffee shop|Coffee shop,https://www.instagram.com/izu.koffee/,true,
ChIJUSC1EgCZqTMRtrKwJOsh3yw,Judel’s Premium Cafe,"1F, Aicila Suites Bldg, Nasipit Road, Talamban, Cebu City",10.3604431,123.9155284,"{""mon"":{""kind"":""open"",""open"":""06:00"",""close"":""22:00""},""tue"":{""kind"":""open"",""open"":""06:00"",""close"":""22:00""},""wed"":{""kind"":""open"",""open"":""06:00"",""close"":""22:00""},""thu"":{""kind"":""open"",""open"":""06:00"",""close"":""22:00""},""fri"":{""kind"":""open"",""open"":""06:00"",""close"":""22:00""},""sat"":{""kind"":""open"",""open"":""06:00"",""close"":""22:00""},""sun"":{""kind"":""open"",""open"":""06:00"",""close"":""22:00""}}",0905 440 6950,,,,available,,OPERATIONAL,Coffee shop|Coffee shop,https://www.facebook.com/profile.php?id=61561668525895&mibextid=LQQJ4d,true,
ChIJm9wUTRaZqTMRU1lV0IGPB8s,Kaffee Alde Mabolo,"6000 Pope John Paul II Ave, Mabolo, Cebu City",10.3151364,123.91430919999999,"{""mon"":{""kind"":""open"",""open"":""07:00"",""close"":""21:00""},""tue"":{""kind"":""open"",""open"":""07:00"",""close"":""21:00""},""wed"":{""kind"":""open"",""open"":""07:00"",""close"":""21:00""},""thu"":{""kind"":""open"",""open"":""07:00"",""close"":""21:00""},""fri"":{""kind"":""open"",""open"":""07:00"",""close"":""21:00""},""sat"":{""kind"":""open"",""open"":""07:00"",""close"":""21:00""},""sun"":{""kind"":""open"",""open"":""07:00"",""close"":""21:00""}}",0998 573 6136,,,,available,,OPERATIONAL,Bakery|Bakery,,true,
ChIJy2Z6cABt-TIROEPCUyaNPAE,Kafih - Davao,"Door 21 Medical School Dr, Poblacion District, Davao City",7.085700999999999,125.6080009,"{""mon"":{""kind"":""all_day""},""tue"":{""kind"":""all_day""},""wed"":{""kind"":""all_day""},""thu"":{""kind"":""all_day""},""fri"":{""kind"":""all_day""},""sat"":{""kind"":""all_day""},""sun"":{""kind"":""all_day""}}",0966 667 3576,,,,,,OPERATIONAL,Coffee shop|Coffee shop|Cafe|Lunch restaurant|Takeout Restaurant|Wi-Fi spot,,true,
ChIJe_qUfACZqTMR4L8iv59P11s,Kairos Coffee,"29 J. Llorente St, Cebu City",10.3116805,123.8934335,"{""mon"":{""kind"":""open"",""open"":""08:00"",""close"":""18:00""},""tue"":{""kind"":""open"",""open"":""08:00"",""close"":""18:00""},""wed"":{""kind"":""open"",""open"":""08:00"",""close"":""18:00""},""thu"":{""kind"":""open"",""open"":""08:00"",""close"":""18:00""},""fri"":{""kind"":""open"",""open"":""08:00"",""close"":""18:00""},""sat"":{""kind"":""open"",""open"":""07:00"",""close"":""18:00""},""sun"":{""kind"":""closed""}}",,,,,,,OPERATIONAL,Coffee shop|Coffee shop,,true,
ChIJyVIL_VDJlzMRJ-oIGmoGZ8c,Kaldi Coffee Taft,"2195 Taft Ave, Malate, Manila",14.5683426,120.9921437,"{""mon"":{""kind"":""open"",""open"":""14:00"",""close"":""00:00""},""tue"":{""kind"":""open"",""open"":""10:30"",""close"":""02:00""},""wed"":{""kind"":""open"",""open"":""10:30"",""close"":""02:00""},""thu"":{""kind"":""open"",""open"":""10:30"",""close"":""02:00""},""fri"":{""kind"":""open"",""open"":""10:30"",""close"":""02:00""},""sat"":{""kind"":""open"",""open"":""10:30"",""close"":""02:00""},""sun"":{""kind"":""open"",""open"":""10:30"",""close"":""00:00""}}",,,,,,,OPERATIONAL,Coffee shop|Coffee shop,,true,
ChIJCTgtWL2xlzMRfht2YeS2tXs,Kalinaw Coffee Co. - Fairview,"37 Camaro St, Fairview, Quezon City",14.7024482,121.0704578,"{""mon"":{""kind"":""open"",""open"":""07:00"",""close"":""22:30""},""tue"":{""kind"":""open"",""open"":""07:00"",""close"":""22:30""},""wed"":{""kind"":""open"",""open"":""07:00"",""close"":""22:30""},""thu"":{""kind"":""open"",""open"":""07:00"",""close"":""22:30""},""fri"":{""kind"":""open"",""open"":""07:00"",""close"":""22:30""},""sat"":{""kind"":""open"",""open"":""07:00"",""close"":""22:30""},""sun"":{""kind"":""open"",""open"":""07:00"",""close"":""22:30""}}",,,,,,,OPERATIONAL,Coffee shop|Coffee shop,https://www.facebook.com/kalinaw.coffee.fairview,true,
ChIJdyEmUgBt-TIRyv6MqTB840o,KampoRide Brew Coffee,"Km.5 Buhangin-Lapanday Rd, Buhangin, Davao City",7.1061464,125.6139051,"{""mon"":{""kind"":""open"",""open"":""21:00"",""close"":""03:00""},""tue"":{""kind"":""open"",""open"":""21:00"",""close"":""03:00""},""wed"":{""kind"":""open"",""open"":""21:00"",""close"":""03:00""},""thu"":{""kind"":""open"",""open"":""21:00"",""close"":""03:00""},""fri"":{""kind"":""open"",""open"":""21:00"",""close"":""03:00""},""sat"":{""kind"":""open"",""open"":""21:00"",""close"":""03:00""},""sun"":{""kind"":""open"",""open"":""21:00"",""close"":""03:00""}}",0993 556 7897,,,,,,OPERATIONAL,Coffee shop|Coffee shop,https://www.facebook.com/share/19o3QupPzd/?mibextid=wwXIfr,true,
ChIJ337c7fsN-TIRC3pXqMOkfZw,Kanoffee Toril,"Mallview Petron Service Station, Km 16 McArthur Highway, Toril, Davao City",7.0180643,125.493004,"{""mon"":{""kind"":""all_day""},""tue"":{""kind"":""all_day""},""wed"":{""kind"":""all_day""},""thu"":{""kind"":""all_day""},""fri"":{""kind"":""all_day""},""sat"":{""kind"":""all_day""},""sun"":{""kind"":""all_day""}}",,,,,,,OPERATIONAL,Coffee shop|Coffee shop,,true,
ChIJJ4QWjTlt-TIR4pdsQzIpnjg,"KAOS CAFE - 24 Hours, Jacinto St.","77 Emilio Jacinto St, Poblacion District, Davao City",7.0692628,125.6162627,"{""mon"":{""kind"":""all_day""},""tue"":{""kind"":""all_day""},""wed"":{""kind"":""all_day""},""thu"":{""kind"":""all_day""},""fri"":{""kind"":""all_day""},""sat"":{""kind"":""all_day""},""sun"":{""kind"":""all_day""}}",0995 668 4805,,,,,,OPERATIONAL,Cafe|Cafe|Art cafe|Cake shop|Coffee shop|Dessert shop|Restaurant|Tea house,,true,
ChIJWfeMGQBt-TIRht5gk4PMfGg,"KAOS CAFE - 24 Hours, Marfori Heights","Marfori Heights, 9 Circumferential Rd, Poblacion District, Davao City",7.080658199999999,125.6039108,"{""mon"":{""kind"":""all_day""},""tue"":{""kind"":""all_day""},""wed"":{""kind"":""all_day""},""thu"":{""kind"":""all_day""},""fri"":{""kind"":""all_day""},""sat"":{""kind"":""all_day""},""sun"":{""kind"":""all_day""}}",0976 192 3433,,,,,,OPERATIONAL,Cafe|Cafe|Art cafe|Breakfast restaurant|Coffee shop|Diner|Lunch restaurant|Delivery Restaurant|Restaurant|Snack bar|Tea house,,true,
ChIJZxGTAb65lzMRqOws1GOYgR0,Kape Benito Community Cafe,"48 Sparrow, Marikina",14.6321099,121.099852,"{""mon"":{""kind"":""open"",""open"":""12:00"",""close"":""22:00""},""tue"":{""kind"":""open"",""open"":""12:00"",""close"":""22:00""},""wed"":{""kind"":""open"",""open"":""12:00"",""close"":""22:00""},""thu"":{""kind"":""open"",""open"":""12:00"",""close"":""22:00""},""fri"":{""kind"":""open"",""open"":""12:00"",""close"":""22:00""},""sat"":{""kind"":""open"",""open"":""12:00"",""close"":""22:00""},""sun"":{""kind"":""open"",""open"":""12:00"",""close"":""22:00""}}",,,,,,,OPERATIONAL,Cafe|Cafe,,true,
ChIJryfyApXPlzMRaTdONgXr4oE,"Kape Bodega - Multinational, Parañaque","Multinational Village, 2nd floor, Acacia Grove Building, Multiational Ave, cor Judea Ext, Parañaque",14.4879681,121.005489,"{""mon"":{""kind"":""open"",""open"":""08:00"",""close"":""22:00""},""tue"":{""kind"":""open"",""open"":""08:00"",""close"":""22:00""},""wed"":{""kind"":""open"",""open"":""08:00"",""close"":""22:00""},""thu"":{""kind"":""open"",""open"":""08:00"",""close"":""22:00""},""fri"":{""kind"":""open"",""open"":""08:00"",""close"":""22:00""},""sat"":{""kind"":""open"",""open"":""08:00"",""close"":""22:00""},""sun"":{""kind"":""open"",""open"":""08:00"",""close"":""22:00""}}",0991 542 1064,,,,,,OPERATIONAL,Coffee shop|Coffee shop,,true,
ChIJE671TmvPlzMRl2heSNhuqFE,"Kape Bodega - San Isidro, Sucat","SARNER COMPLEX, 8226 Dr Arcadio Santos Ave, Parañaque",14.4727132,121.00462279999999,"{""mon"":{""kind"":""open"",""open"":""09:00"",""close"":""23:00""},""tue"":{""kind"":""open"",""open"":""09:00"",""close"":""23:00""},""wed"":{""kind"":""open"",""open"":""09:00"",""close"":""23:00""},""thu"":{""kind"":""open"",""open"":""09:00"",""close"":""23:00""},""fri"":{""kind"":""open"",""open"":""09:00"",""close"":""23:00""},""sat"":{""kind"":""open"",""open"":""09:00"",""close"":""23:00""},""sun"":{""kind"":""open"",""open"":""09:00"",""close"":""23:00""}}",0992 805 2022,,,,,,OPERATIONAL,Coffee shop|Coffee shop,,true,
ChIJd27wNwPNlzMRAsFjWTyYQx0,"Kape Bodega - Times, Las Pinas","Unit G, Times Commercial Building, Manila Times St, Las Piñas",14.4485535,120.98488739999999,"{""mon"":{""kind"":""open"",""open"":""11:00"",""close"":""21:00""},""tue"":{""kind"":""open"",""open"":""11:00"",""close"":""21:00""},""wed"":{""kind"":""open"",""open"":""11:00"",""close"":""21:00""},""thu"":{""kind"":""open"",""open"":""11:00"",""close"":""21:00""},""fri"":{""kind"":""open"",""open"":""11:00"",""close"":""21:00""},""sat"":{""kind"":""open"",""open"":""11:00"",""close"":""21:00""},""sun"":{""kind"":""open"",""open"":""11:00"",""close"":""21:00""}}",0992 804 3661,,,,,,OPERATIONAL,Coffee shop|Coffee shop,,true,
ChIJH2UORADRlzMRmqh07Hw0K2E,Kape Dayo - Muntinlupa,"21 National Road, Putatan, Muntinlupa",14.4042997,121.0463925,"{""mon"":{""kind"":""open"",""open"":""20:00"",""close"":""03:00""},""tue"":{""kind"":""open"",""open"":""20:00"",""close"":""03:00""},""wed"":{""kind"":""open"",""open"":""08:00"",""close"":""03:00""},""thu"":{""kind"":""open"",""open"":""20:00"",""close"":""03:00""},""fri"":{""kind"":""open"",""open"":""20:00"",""close"":""03:00""},""sat"":{""kind"":""open"",""open"":""20:00"",""close"":""03:00""},""sun"":{""kind"":""open"",""open"":""20:00"",""close"":""03:00""}}",0995 776 5951,,,,,,OPERATIONAL,Coffee shop|Coffee shop,,true,
ChIJk3f1-2Zt-TIR5gzcGpLAxAk,Kape Martian,"Damaso, Buhangin-Cabantian-Indangan Rd, Buhangin, Davao City",7.1006462,125.6148528,"{""mon"":{""kind"":""open"",""open"":""21:30"",""close"":""04:00""},""tue"":{""kind"":""open"",""open"":""21:30"",""close"":""04:00""},""wed"":{""kind"":""open"",""open"":""21:30"",""close"":""04:00""},""thu"":{""kind"":""open"",""open"":""21:30"",""close"":""04:00""},""fri"":{""kind"":""open"",""open"":""21:30"",""close"":""04:00""},""sat"":{""kind"":""open"",""open"":""21:30"",""close"":""04:00""},""sun"":{""kind"":""open"",""open"":""21:30"",""close"":""04:00""}}",0916 523 2321,,,,,,OPERATIONAL,Coffee shop|Coffee shop,,true,
ChIJlcaZcAC3lzMRGVepaKgw8t0,Kape't Bahay,"Cleanfuel, 8th Street, Epifanio de los Santos Ave, Grace Park East, Caloocan",14.656945499999999,120.9901836,"{""mon"":{""kind"":""open"",""open"":""08:00"",""close"":""01:00""},""tue"":{""kind"":""open"",""open"":""08:00"",""close"":""01:00""},""wed"":{""kind"":""open"",""open"":""08:00"",""close"":""01:00""},""thu"":{""kind"":""open"",""open"":""08:00"",""close"":""01:00""},""fri"":{""kind"":""open"",""open"":""08:00"",""close"":""01:00""},""sat"":{""kind"":""open"",""open"":""08:00"",""close"":""01:00""},""sun"":{""kind"":""open"",""open"":""08:00"",""close"":""01:00""}}",,,,,,,OPERATIONAL,Coffee shop|Coffee shop,,true,
ChIJs2LATADJlzMRzmhuA0mHHhw,Kapehan ni Rome,"2708 F. Ortigas Jr. Rd, Ortigas Center, Pasig",14.5877123,121.06155199999999,,,,,,,,OPERATIONAL,Coffee shop|Coffee shop,,false,missing_hours
ChIJYw4PIPW3lzMR1cePM7SOveU,Karden Cafe,"81 15th Ave, Cubao, Quezon City",14.6171402,121.060778,"{""mon"":{""kind"":""open"",""open"":""13:00"",""close"":""02:00""},""tue"":{""kind"":""open"",""open"":""13:00"",""close"":""02:00""},""wed"":{""kind"":""open"",""open"":""13:00"",""close"":""02:00""},""thu"":{""kind"":""open"",""open"":""13:00"",""close"":""02:00""},""fri"":{""kind"":""open"",""open"":""13:00"",""close"":""02:00""},""sat"":{""kind"":""open"",""open"":""13:00"",""close"":""02:00""},""sun"":{""kind"":""open"",""open"":""13:00"",""close"":""02:00""}}",0999 957 5339,,,,,,OPERATIONAL,Cafe|Cafe,,true,
ChIJq17zV1ht-TIRo5jgU3YXpAc,Karlo's Gourmet & Coffee,"3H8J+FX3, Shrine Hills Rd, Matina, Davao City",7.066142999999999,125.5824262,"{""mon"":{""kind"":""open"",""open"":""08:00"",""close"":""23:00""},""tue"":{""kind"":""open"",""open"":""08:00"",""close"":""23:00""},""wed"":{""kind"":""open"",""open"":""08:00"",""close"":""23:00""},""thu"":{""kind"":""open"",""open"":""08:00"",""close"":""23:00""},""fri"":{""kind"":""open"",""open"":""08:00"",""close"":""23:00""},""sat"":{""kind"":""open"",""open"":""08:00"",""close"":""23:00""},""sun"":{""kind"":""open"",""open"":""08:00"",""close"":""21:00""}}",,,,,,,OPERATIONAL,Cafe|Cafe,,true,
ChIJAVbO_5PRlzMRZrQcz5lDPNI,Karrera Bistro,"360 Corporate Woods Ave, Alabang, Muntinlupa",14.411314599999999,121.0387253,"{""mon"":{""kind"":""open"",""open"":""09:00"",""close"":""21:00""},""tue"":{""kind"":""open"",""open"":""09:00"",""close"":""21:00""},""wed"":{""kind"":""open"",""open"":""09:00"",""close"":""21:00""},""thu"":{""kind"":""open"",""open"":""09:00"",""close"":""21:00""},""fri"":{""kind"":""open"",""open"":""09:00"",""close"":""23:00""},""sat"":{""kind"":""open"",""open"":""07:00"",""close"":""22:00""},""sun"":{""kind"":""open"",""open"":""09:00"",""close"":""21:00""}}",,,,,,,OPERATIONAL,Coffee shop|Coffee shop|Auto market|Cafe|Heritage museum,https://www.facebook.com/karrera,true,
ChIJ8a7MZP3RlzMR_iBVZ0vtE-I,"Kau'i Coffee - Alabang, Muntinlupa","374 National Road, Alabang, Muntinlupa",14.4159218,121.0457941,"{""mon"":{""kind"":""open"",""open"":""15:00"",""close"":""04:00""},""tue"":{""kind"":""open"",""open"":""15:00"",""close"":""04:00""},""wed"":{""kind"":""open"",""open"":""15:00"",""close"":""04:00""},""thu"":{""kind"":""open"",""open"":""15:00"",""close"":""04:00""},""fri"":{""kind"":""open"",""open"":""15:00"",""close"":""04:00""},""sat"":{""kind"":""open"",""open"":""15:00"",""close"":""04:00""},""sun"":{""kind"":""open"",""open"":""15:00"",""close"":""04:00""}}",,,,,,,OPERATIONAL,Coffee shop|Coffee shop,https://www.instagram.com/kaui.co.alabang,true,
ChIJHUK6sEfJlzMRU80-FQBgQkg,Key Coffee Kissaten — BGC,"G/F MITSUKOSHI BGC, 8th Ave, Corner 36th St, Taguig",14.557679199999999,121.0525581,"{""mon"":{""kind"":""open"",""open"":""07:00"",""close"":""22:00""},""tue"":{""kind"":""open"",""open"":""07:00"",""close"":""22:00""},""wed"":{""kind"":""open"",""open"":""07:00"",""close"":""22:00""},""thu"":{""kind"":""open"",""open"":""07:00"",""close"":""22:00""},""fri"":{""kind"":""open"",""open"":""07:00"",""close"":""22:00""},""sat"":{""kind"":""open"",""open"":""07:00"",""close"":""22:00""},""sun"":{""kind"":""open"",""open"":""07:00"",""close"":""22:00""}}",0947 739 4347,,,,,,OPERATIONAL,Restaurant|Restaurant|Bar|Coffee shop,http://www.keycoffeeph.com/,true,
ChIJoe9oJwOZqTMRDgBdHujCgzw,Knowledge Nook Cafe,"Talamban, Cebu City, 6000 Cebu",10.3611969,123.91520109999999,"{""mon"":{""kind"":""open"",""open"":""10:00"",""close"":""02:00""},""tue"":{""kind"":""open"",""open"":""10:00"",""close"":""02:00""},""wed"":{""kind"":""open"",""open"":""10:00"",""close"":""02:00""},""thu"":{""kind"":""open"",""open"":""10:00"",""close"":""02:00""},""fri"":{""kind"":""open"",""open"":""10:00"",""close"":""02:00""},""sat"":{""kind"":""open"",""open"":""10:00"",""close"":""02:00""},""sun"":{""kind"":""closed""}}",0961 207 9903,,,,,,OPERATIONAL,Cafe|Cafe,,true,
ChIJaZt59YSfqTMR3jKd7B6htI4,Kofi Ben,"8V76+MR, Cebu City",10.3141379,123.86205,,,,,,,,OPERATIONAL,Coffee shop|Coffee shop,,false,missing_hours
ChIJi41porpt-TIRCJHkYWh5kAw,Koop Creperie & Cafe - Obrero,"Door 1, YJF Bldg, Loyola St, Obrero, Davao City",7.083764599999999,125.6150122,"{""mon"":{""kind"":""open"",""open"":""11:00"",""close"":""21:00""},""tue"":{""kind"":""open"",""open"":""11:00"",""close"":""21:00""},""wed"":{""kind"":""open"",""open"":""11:00"",""close"":""21:00""},""thu"":{""kind"":""open"",""open"":""11:00"",""close"":""21:00""},""fri"":{""kind"":""open"",""open"":""11:00"",""close"":""21:00""},""sat"":{""kind"":""open"",""open"":""11:00"",""close"":""21:00""},""sun"":{""kind"":""open"",""open"":""12:00"",""close"":""21:00""}}",,,,,,,OPERATIONAL,Creperie|Creperie|Coffee shop,,true,
ChIJO6D5hYy3lzMRENz0e8Fu_Mg,Kopi Roti,"J3CF+66F, Katipunan Ave, Blue Ridge A, Project 4, Quezon City",14.6205556,121.07305559999999,"{""mon"":{""kind"":""open"",""open"":""07:00"",""close"":""00:00""},""tue"":{""kind"":""open"",""open"":""07:00"",""close"":""00:00""},""wed"":{""kind"":""open"",""open"":""07:00"",""close"":""00:00""},""thu"":{""kind"":""open"",""open"":""07:00"",""close"":""00:00""},""fri"":{""kind"":""open"",""open"":""07:00"",""close"":""00:00""},""sat"":{""kind"":""open"",""open"":""07:00"",""close"":""00:00""},""sun"":{""kind"":""open"",""open"":""07:00"",""close"":""00:00""}}",,,,,,,OPERATIONAL,Coffee shop|Coffee shop,,true,
ChIJlzpjcgCvlzMRk8D_4KxjHhs,Kopivibe Bistro -Bagong Silang,"blk 30 lot 2, Phase 5a, package 1, Barangay 176, Caloocan",14.772206599999999,121.05610639999999,"{""mon"":{""kind"":""all_day""},""tue"":{""kind"":""all_day""},""wed"":{""kind"":""all_day""},""thu"":{""kind"":""all_day""},""fri"":{""kind"":""all_day""},""sat"":{""kind"":""all_day""},""sun"":{""kind"":""all_day""}}",,,,,,,OPERATIONAL,Coffee shop|Coffee shop,,true,
ChIJGRXZCXO3lzMR-ShxIPKB6b8,Kouvee Cafe + Studio,"Edificio Enriqueta Bldg, 422 N.S. Amoranto Sr. St, Maharlika, Santa Mesa Heights, Quezon City",14.6312406,120.99870829999999,"{""mon"":{""kind"":""open"",""open"":""07:00"",""close"":""01:00""},""tue"":{""kind"":""open"",""open"":""07:00"",""close"":""01:00""},""wed"":{""kind"":""open"",""open"":""07:00"",""close"":""01:00""},""thu"":{""kind"":""open"",""open"":""07:00"",""close"":""01:00""},""fri"":{""kind"":""open"",""open"":""07:00"",""close"":""01:00""},""sat"":{""kind"":""open"",""open"":""07:00"",""close"":""01:00""},""sun"":{""kind"":""open"",""open"":""07:00"",""close"":""01:00""}}",,,,,,,OPERATIONAL,Coffee shop|Coffee shop,https://www.facebook.com/kouveecafe/,true,
ChIJLcNla6Nt-TIR81VEhpQZPfI,Krawd Coffee,"J. Luna St, Poblacion District, Davao City",7.0722955999999995,125.6161082,"{""mon"":{""kind"":""open"",""open"":""09:00"",""close"":""23:00""},""tue"":{""kind"":""open"",""open"":""09:00"",""close"":""23:00""},""wed"":{""kind"":""open"",""open"":""09:00"",""close"":""23:00""},""thu"":{""kind"":""open"",""open"":""09:00"",""close"":""23:00""},""fri"":{""kind"":""open"",""open"":""09:00"",""close"":""23:00""},""sat"":{""kind"":""open"",""open"":""09:00"",""close"":""23:00""},""sun"":{""kind"":""open"",""open"":""09:00"",""close"":""23:00""}}",,,,,,,OPERATIONAL,Coffee shop|Coffee shop,,true,
ChIJT1hgm2Zt-TIRsmFvT7VE5Zw,Kudose Cafe,"19-B Iñigo St, Obrero, Davao City",7.085096699999999,125.6135992,"{""mon"":{""kind"":""open"",""open"":""10:30"",""close"":""00:00""},""tue"":{""kind"":""open"",""open"":""10:30"",""close"":""00:00""},""wed"":{""kind"":""open"",""open"":""10:30"",""close"":""00:00""},""thu"":{""kind"":""open"",""open"":""10:30"",""close"":""00:00""},""fri"":{""kind"":""open"",""open"":""10:30"",""close"":""00:00""},""sat"":{""kind"":""open"",""open"":""10:30"",""close"":""00:00""},""sun"":{""kind"":""closed""}}",,,,,,,OPERATIONAL,Cafe|Cafe,,true,
ChIJq0sAdADJlzMR0WqF2cWJjzI,Kurasu Makati,"The Palisades, Makati City",14.5545148,121.0214223,"{""mon"":{""kind"":""open"",""open"":""07:00"",""close"":""20:00""},""tue"":{""kind"":""open"",""open"":""07:00"",""close"":""20:00""},""wed"":{""kind"":""open"",""open"":""07:00"",""close"":""20:00""},""thu"":{""kind"":""open"",""open"":""07:00"",""close"":""20:00""},""fri"":{""kind"":""open"",""open"":""07:00"",""close"":""20:00""},""sat"":{""kind"":""open"",""open"":""07:00"",""close"":""20:00""},""sun"":{""kind"":""open"",""open"":""07:00"",""close"":""20:00""}}",,,,,,,OPERATIONAL,Coffee shop|Coffee shop,,true,
ChIJVdTzVb-3lzMRFJIaj5YEZd8,Kuro - Saint Ignatius,"146, 1110 Katipunan Ave, Quezon City",14.612690599999999,121.0706589,"{""mon"":{""kind"":""closed""},""tue"":{""kind"":""open"",""open"":""08:00"",""close"":""18:00""},""wed"":{""kind"":""open"",""open"":""08:00"",""close"":""18:00""},""thu"":{""kind"":""open"",""open"":""08:00"",""close"":""18:00""},""fri"":{""kind"":""open"",""open"":""08:00"",""close"":""18:00""},""sat"":{""kind"":""open"",""open"":""07:30"",""close"":""17:00""},""sun"":{""kind"":""open"",""open"":""07:30"",""close"":""17:00""}}",,,,,,,OPERATIONAL,Coffee shop|Coffee shop,,true,
ChIJu5uTdwDPlzMRm0d3uFJRcC0,La Casa Cafe Bistro - CAA Las Pinas,"FX5V+3R7, CAA Rd, Las Piñas",14.4576666,120.99454089999999,"{""mon"":{""kind"":""open"",""open"":""11:00"",""close"":""20:00""},""tue"":{""kind"":""open"",""open"":""11:00"",""close"":""20:00""},""wed"":{""kind"":""open"",""open"":""11:00"",""close"":""20:00""},""thu"":{""kind"":""open"",""open"":""11:00"",""close"":""20:00""},""fri"":{""kind"":""open"",""open"":""11:00"",""close"":""21:30""},""sat"":{""kind"":""open"",""open"":""11:00"",""close"":""22:00""},""sun"":{""kind"":""closed""}}",0961 864 0535,,,,,,OPERATIONAL,Coffee shop|Coffee shop,https://www.facebook.com/share/1ECPGRE8mm/,true,
ChIJv71o4c4P-TIRTxrdjZ-wk5w,Lantaw Banud Café,"Purok 2, Banud, Toril, Davao City",7.033480699999999,125.46037059999999,"{""mon"":{""kind"":""open"",""open"":""06:00"",""close"":""21:00""},""tue"":{""kind"":""open"",""open"":""06:00"",""close"":""21:00""},""wed"":{""kind"":""open"",""open"":""06:00"",""close"":""21:00""},""thu"":{""kind"":""open"",""open"":""06:00"",""close"":""21:00""},""fri"":{""kind"":""open"",""open"":""06:00"",""close"":""21:00""},""sat"":{""kind"":""open"",""open"":""06:00"",""close"":""21:00""},""sun"":{""kind"":""open"",""open"":""06:00"",""close"":""21:00""}}",0938 135 8021,,,,,,OPERATIONAL,Coffee shop|Coffee shop,,true,
ChIJa5S1Dpxy-TIR3BvBoveM0uc,Lara Mia Café & Bistro,"Juna Subdivision, University Avenue, corner Talisay St, Matina, Davao City",7.0560265,125.59412499999999,"{""mon"":{""kind"":""open"",""open"":""10:00"",""close"":""21:00""},""tue"":{""kind"":""open"",""open"":""10:00"",""close"":""21:00""},""wed"":{""kind"":""open"",""open"":""10:00"",""close"":""21:00""},""thu"":{""kind"":""open"",""open"":""10:00"",""close"":""21:00""},""fri"":{""kind"":""open"",""open"":""10:00"",""close"":""21:00""},""sat"":{""kind"":""open"",""open"":""10:00"",""close"":""21:00""},""sun"":{""kind"":""open"",""open"":""10:00"",""close"":""21:00""}}",0932 828 3636,,,,,,OPERATIONAL,Italian restaurant|Italian restaurant|Cafe|Coffee shop|Dessert restaurant|Ice cream shop|Pizza restaurant,http://www.facebook.com/LaraMiaFudge,true,
ChIJEWtJQgBz-TIRiiHJEZrTGZM,Lately Coffee,"Carlos Villa Abrille Drive Extension, Matina, Davao City",7.058386,125.5867301,"{""mon"":{""kind"":""closed""},""tue"":{""kind"":""open"",""open"":""15:00"",""close"":""00:00""},""wed"":{""kind"":""open"",""open"":""15:00"",""close"":""00:00""},""thu"":{""kind"":""open"",""open"":""15:00"",""close"":""00:00""},""fri"":{""kind"":""open"",""open"":""15:00"",""close"":""00:00""},""sat"":{""kind"":""open"",""open"":""15:00"",""close"":""00:00""},""sun"":{""kind"":""open"",""open"":""15:00"",""close"":""00:00""}}",0962 960 4175,,,,,,OPERATIONAL,Coffee shop|Coffee shop,,true,
ChIJi91TTjvJlzMRXkvgISCi4cc,Latitude Bean+Bar,"1851 Pilar Hidalgo Lim, Malate, Manila",14.572277,120.9893757,"{""mon"":{""kind"":""open"",""open"":""08:00"",""close"":""23:00""},""tue"":{""kind"":""open"",""open"":""08:00"",""close"":""23:00""},""wed"":{""kind"":""open"",""open"":""08:00"",""close"":""23:00""},""thu"":{""kind"":""open"",""open"":""08:00"",""close"":""23:00""},""fri"":{""kind"":""open"",""open"":""08:00"",""close"":""00:00""},""sat"":{""kind"":""open"",""open"":""08:00"",""close"":""00:00""},""sun"":{""kind"":""open"",""open"":""08:00"",""close"":""23:00""}}",0967 221 5545,,,,,,OPERATIONAL,Coffee shop|Coffee shop|Cafe|Cocktail bar,https://www.facebook.com/latitudebeanbar/,true,
ChIJX16AUW7PlzMRpUnn3mPrrDY,Lazy Brew,"4968 Col.E.L.De Leon, Parañaque",14.5038453,120.9962092,"{""mon"":{""kind"":""open"",""open"":""14:00"",""close"":""22:00""},""tue"":{""kind"":""open"",""open"":""14:00"",""close"":""22:00""},""wed"":{""kind"":""open"",""open"":""14:00"",""close"":""22:00""},""thu"":{""kind"":""open"",""open"":""14:00"",""close"":""22:00""},""fri"":{""kind"":""open"",""open"":""14:00"",""close"":""22:00""},""sat"":{""kind"":""open"",""open"":""14:00"",""close"":""22:00""},""sun"":{""kind"":""open"",""open"":""14:00"",""close"":""22:00""}}",0906 287 6681,,,,,,OPERATIONAL,Coffee shop|Coffee shop,,true,
ChIJpVtDmemfqTMRJXY6KmXVgeM,Leaves & Lattes,"2nd floor, Living Word Convention Center, Good Shepherd St, Cebu City",10.3144835,123.8760521,"{""mon"":{""kind"":""closed""},""tue"":{""kind"":""open"",""open"":""09:00"",""close"":""18:00""},""wed"":{""kind"":""open"",""open"":""09:00"",""close"":""18:00""},""thu"":{""kind"":""open"",""open"":""09:00"",""close"":""18:00""},""fri"":{""kind"":""open"",""open"":""09:00"",""close"":""18:00""},""sat"":{""kind"":""open"",""open"":""08:00"",""close"":""19:00""},""sun"":{""kind"":""open"",""open"":""08:00"",""close"":""19:00""}}",0917 808 6948,,,,available,,OPERATIONAL,Coffee shop|Coffee shop,https://instagram.com/leavesandlattes.ph,true,
ChIJ3ZihYnW5lzMRDyohqfZakUQ,Lermo Café,"75 Bantayog, Concepcion Uno, Marikina",14.6568838,121.1045264,"{""mon"":{""kind"":""open"",""open"":""17:00"",""close"":""00:00""},""tue"":{""kind"":""open"",""open"":""17:00"",""close"":""00:00""},""wed"":{""kind"":""open"",""open"":""17:00"",""close"":""00:00""},""thu"":{""kind"":""open"",""open"":""17:00"",""close"":""00:00""},""fri"":{""kind"":""open"",""open"":""17:00"",""close"":""00:00""},""sat"":{""kind"":""open"",""open"":""17:00"",""close"":""00:00""},""sun"":{""kind"":""open"",""open"":""17:00"",""close"":""00:00""}}",0976 301 9830,,,,,,OPERATIONAL,Coffee shop|Coffee shop,https://www.facebook.com/profile.php?id=61577954987829,true,
ChIJi2Fn82exlzMRktIwfhw5BBw,Let's Meet Cafe,"Lot 4, Block 5 Quirino Hwy, Barangay 179, Caloocan",14.7444037,121.0777,"{""mon"":{""kind"":""open"",""open"":""10:00"",""close"":""00:00""},""tue"":{""kind"":""open"",""open"":""10:00"",""close"":""00:00""},""wed"":{""kind"":""open"",""open"":""10:00"",""close"":""00:00""},""thu"":{""kind"":""open"",""open"":""10:00"",""close"":""00:00""},""fri"":{""kind"":""open"",""open"":""10:00"",""close"":""02:00""},""sat"":{""kind"":""open"",""open"":""10:00"",""close"":""02:00""},""sun"":{""kind"":""open"",""open"":""10:00"",""close"":""02:00""}}",,,,,,,OPERATIONAL,Coffee shop|Coffee shop,https://www.facebook.com/letsmeetcafeph,true,
ChIJFePRdwDJlzMRCloiqhIORow,Let's Talk Coffee,"The C-Square Center Building #51 Gen. A. Luna St, Corner Camia, Taguig",14.5337357,121.0684958,"{""mon"":{""kind"":""open"",""open"":""12:00"",""close"":""00:00""},""tue"":{""kind"":""open"",""open"":""12:00"",""close"":""00:00""},""wed"":{""kind"":""open"",""open"":""12:00"",""close"":""00:00""},""thu"":{""kind"":""open"",""open"":""12:00"",""close"":""00:00""},""fri"":{""kind"":""open"",""open"":""12:00"",""close"":""00:00""},""sat"":{""kind"":""open"",""open"":""12:00"",""close"":""00:00""},""sun"":{""kind"":""open"",""open"":""12:00"",""close"":""00:00""}}",0956 851 4964,,,,,,OPERATIONAL,Coffee shop|Coffee shop,,true,
ChIJW6WgcwDJlzMR8p6DdsI-yt4,Limitless Coffee & Co,"G/F Unit 116-A, AIC Burgundy Empire Tower, Ortigas Center, Pasig",14.589966599999999,121.06100289999999,"{""mon"":{""kind"":""open"",""open"":""06:00"",""close"":""00:00""},""tue"":{""kind"":""open"",""open"":""06:00"",""close"":""00:00""},""wed"":{""kind"":""open"",""open"":""06:00"",""close"":""00:00""},""thu"":{""kind"":""open"",""open"":""06:00"",""close"":""00:00""},""fri"":{""kind"":""open"",""open"":""06:00"",""close"":""00:00""},""sat"":{""kind"":""open"",""open"":""06:00"",""close"":""00:00""},""sun"":{""kind"":""closed""}}",,,,,,,OPERATIONAL,Coffee shop|Coffee shop,https://www.limitlesscoffeeandco.com/,true,
ChIJtfPgGDXJlzMRbUBZtgYEq0k,Little Farmers Coffee Robinsons Galleria Ortigas,"Basement 1, Robinsons Galleria, Ortigas Ave, Ortigas Center, Quezon City",14.591050599999999,121.05983789999999,,0998 244 5100,,,,,,OPERATIONAL,Coffee shop|Coffee shop,,false,missing_hours
ChIJA6O2IKW5lzMRRoDlzFWqi6E,Little Farmers Coffee- Eastwood,"Techno Plaza 2, 1800 Orchard Rd, Bagumbayan, Quezon City",14.6106397,121.0808929,"{""mon"":{""kind"":""open"",""open"":""10:00"",""close"":""21:00""},""tue"":{""kind"":""open"",""open"":""10:00"",""close"":""21:00""},""wed"":{""kind"":""open"",""open"":""10:00"",""close"":""21:00""},""thu"":{""kind"":""open"",""open"":""10:00"",""close"":""21:00""},""fri"":{""kind"":""open"",""open"":""10:00"",""close"":""21:00""},""sat"":{""kind"":""open"",""open"":""10:00"",""close"":""21:00""},""sun"":{""kind"":""open"",""open"":""10:00"",""close"":""21:00""}}",,,,,,,OPERATIONAL,Coffee store|Coffee store,,true,
ChIJpUYOL7rLlzMRpGCc0SGmMZI,Living Room Cafe,"8 Quintin Paredes, Binondo, Manila",14.597403,120.9765158,"{""mon"":{""kind"":""open"",""open"":""10:00"",""close"":""20:00""},""tue"":{""kind"":""open"",""open"":""10:00"",""close"":""20:00""},""wed"":{""kind"":""open"",""open"":""10:00"",""close"":""20:00""},""thu"":{""kind"":""open"",""open"":""10:00"",""close"":""20:00""},""fri"":{""kind"":""open"",""open"":""10:00"",""close"":""21:00""},""sat"":{""kind"":""open"",""open"":""10:00"",""close"":""21:00""},""sun"":{""kind"":""open"",""open"":""10:00"",""close"":""21:00""}}",,,,,,,OPERATIONAL,Coffee shop|Coffee shop,,true,
ChIJKftkUKu5lzMRARprNo1vEJs,Localhost Coffee & Co.,"18 A. Guisama St, Marikina",14.6488193,121.1043445,,0977 375 1518,,,,,,OPERATIONAL,Coffee shop|Coffee shop,https://linktr.ee/localhostcoffee,false,missing_hours
ChIJ1b-ucgDJlzMRgIGGeWs8ijs,LOOP Kapitolyo,"3 San Rafael St, Pasig",14.5735341,121.06188379999999,"{""mon"":{""kind"":""open"",""open"":""08:00"",""close"":""19:00""},""tue"":{""kind"":""open"",""open"":""08:00"",""close"":""19:00""},""wed"":{""kind"":""open"",""open"":""08:00"",""close"":""19:00""},""thu"":{""kind"":""open"",""open"":""08:00"",""close"":""19:00""},""fri"":{""kind"":""open"",""open"":""08:00"",""close"":""19:00""},""sat"":{""kind"":""open"",""open"":""07:00"",""close"":""19:00""},""sun"":{""kind"":""open"",""open"":""07:00"",""close"":""19:00""}}",,,,,,,OPERATIONAL,Cafe|Cafe,https://www.instagram.com/loop_kapitolyo,true,
ChIJBQS0u-OZqTMRYb83WX0Xtvc,Lorenzo's Cafe - Cebu City,"Lorenzo's Cafe, Twin Garden Hotel Banilad, A. S. Fortuna St, Cebu City",10.343316999999999,123.9130649,"{""mon"":{""kind"":""open"",""open"":""10:00"",""close"":""22:00""},""tue"":{""kind"":""open"",""open"":""10:00"",""close"":""22:00""},""wed"":{""kind"":""open"",""open"":""10:00"",""close"":""22:00""},""thu"":{""kind"":""open"",""open"":""10:00"",""close"":""22:00""},""fri"":{""kind"":""open"",""open"":""10:00"",""close"":""22:00""},""sat"":{""kind"":""open"",""open"":""10:00"",""close"":""22:00""},""sun"":{""kind"":""closed""}}",0956 703 2324,,,,available,,OPERATIONAL,Coffee shop|Coffee shop,,true,
ChIJz0Ovgddr-TIRNeK-V6XnATE,Lot 38 Kape,"Lot 38 Block 4 Phase 1, Deca Homes Indangan, Block 4, Lot 1, Phase I, Buhangin, Davao City",7.1520112,125.5962804,"{""mon"":{""kind"":""open"",""open"":""15:00"",""close"":""22:00""},""tue"":{""kind"":""open"",""open"":""15:00"",""close"":""22:00""},""wed"":{""kind"":""open"",""open"":""15:00"",""close"":""22:00""},""thu"":{""kind"":""open"",""open"":""15:00"",""close"":""22:00""},""fri"":{""kind"":""open"",""open"":""15:00"",""close"":""22:00""},""sat"":{""kind"":""open"",""open"":""15:00"",""close"":""22:00""},""sun"":{""kind"":""closed""}}",,,,,,,OPERATIONAL,Cafe|Cafe,,true,
ChIJQebkEeTJlzMRto93CMa3z9U,LT&C COFFEE SHOP,"789 J. P. Rizal St, Makati City",14.5690183,121.0262023,"{""mon"":{""kind"":""all_day""},""tue"":{""kind"":""all_day""},""wed"":{""kind"":""all_day""},""thu"":{""kind"":""all_day""},""fri"":{""kind"":""all_day""},""sat"":{""kind"":""all_day""},""sun"":{""kind"":""all_day""}}",0956 351 0052,,,,,,OPERATIONAL,Coffee shop|Coffee shop,https://www.facebook.com/share/18RcoKjpYh/,true,
ChIJBbl5egAX-TIRRAebikk6E68,Lucky day coffee,"5C6R+765, Wangan, Calinan District, Davao City",7.160626499999999,125.4406193,,0945 847 6634,,,,,,OPERATIONAL,Coffee shop|Coffee shop,,false,missing_hours
ChIJoRmvCQDJlzMRhAMtyHaqwPA,Mabuhay Craft Coffee San Juan,"193 A. Mabini, San Juan City",14.595786299999999,121.0395975,"{""mon"":{""kind"":""all_day""},""tue"":{""kind"":""all_day""},""wed"":{""kind"":""all_day""},""thu"":{""kind"":""all_day""},""fri"":{""kind"":""all_day""},""sat"":{""kind"":""all_day""},""sun"":{""kind"":""all_day""}}",,,,,,,OPERATIONAL,Coffee shop|Coffee shop,https://www.instagram.com/mabuhaycraftcoffee,true,
ChIJcQnPQQDJlzMR5fFVbBB5QR4,MAD Monkey Cafe,"5665 Don Pedro Street, Cor Alfonso, Makati City",14.5635236,121.0313652,"{""mon"":{""kind"":""all_day""},""tue"":{""kind"":""all_day""},""wed"":{""kind"":""all_day""},""thu"":{""kind"":""all_day""},""fri"":{""kind"":""all_day""},""sat"":{""kind"":""all_day""},""sun"":{""kind"":""all_day""}}",,,,,,,OPERATIONAL,Coffee shop|Coffee shop,,true,
ChIJl5ABEwDHlzMRmKmLyN6OP5Y,MADBREWS PASIG,"1279 Sandoval Ave, Pasig",14.564299799999999,121.09379999999999,"{""mon"":{""kind"":""open"",""open"":""10:00"",""close"":""03:00""},""tue"":{""kind"":""open"",""open"":""10:00"",""close"":""03:00""},""wed"":{""kind"":""open"",""open"":""10:00"",""close"":""03:00""},""thu"":{""kind"":""open"",""open"":""10:00"",""close"":""03:00""},""fri"":{""kind"":""open"",""open"":""10:00"",""close"":""03:00""},""sat"":{""kind"":""open"",""open"":""09:00"",""close"":""00:00""},""sun"":{""kind"":""open"",""open"":""09:00"",""close"":""00:00""}}",,,,,,,OPERATIONAL,Coffee shop|Coffee shop,,true,
ChIJJU51tOKxlzMRN-YOBVRRdnY,Maghapon Cafe,"Villa Angelica Subdivision, 819, Caloocan",14.750042899999999,121.0380893,,,,,,,,OPERATIONAL,Coffee shop|Coffee shop,,false,unsupported_hours
ChIJCUR8AIy5lzMRzyDelj-nuw8,mags cafe,"1606 Magsaysay, Manggahan, Pasig",14.6031087,121.09755709999999,"{""mon"":{""kind"":""open"",""open"":""12:00"",""close"":""00:00""},""tue"":{""kind"":""open"",""open"":""12:00"",""close"":""00:00""},""wed"":{""kind"":""open"",""open"":""12:00"",""close"":""00:00""},""thu"":{""kind"":""open"",""open"":""12:00"",""close"":""00:00""},""fri"":{""kind"":""open"",""open"":""12:00"",""close"":""00:00""},""sat"":{""kind"":""open"",""open"":""12:00"",""close"":""00:00""},""sun"":{""kind"":""open"",""open"":""12:00"",""close"":""00:00""}}",,,,,,,OPERATIONAL,Coffee shop|Coffee shop,,true,
ChIJGUgAhx3JlzMROmXJ0Qrwv4U,MANILA CAFE BISTRO,"Anie's Place, 1015 Padre Noval St, Sampaloc, Manila",14.6079232,120.98815889999999,"{""mon"":{""kind"":""open"",""open"":""10:00"",""close"":""00:00""},""tue"":{""kind"":""open"",""open"":""10:00"",""close"":""00:00""},""wed"":{""kind"":""open"",""open"":""10:00"",""close"":""00:00""},""thu"":{""kind"":""open"",""open"":""10:00"",""close"":""00:00""},""fri"":{""kind"":""open"",""open"":""10:00"",""close"":""01:00""},""sat"":{""kind"":""open"",""open"":""10:00"",""close"":""01:00""},""sun"":{""kind"":""open"",""open"":""10:00"",""close"":""01:00""}}",,,,,,,OPERATIONAL,Coffee shop|Coffee shop,http://www.manilacafe.ph/,true,
ChIJjSITCgC3lzMRc00V2NT0g10,Masida Coffee,"Lacson Ave, Sampaloc, Manila",14.610253199999999,120.992621,"{""mon"":{""kind"":""open"",""open"":""10:00"",""close"":""02:00""},""tue"":{""kind"":""open"",""open"":""10:00"",""close"":""02:00""},""wed"":{""kind"":""open"",""open"":""10:00"",""close"":""02:00""},""thu"":{""kind"":""open"",""open"":""10:00"",""close"":""02:00""},""fri"":{""kind"":""open"",""open"":""10:00"",""close"":""02:00""},""sat"":{""kind"":""open"",""open"":""10:00"",""close"":""02:00""},""sun"":{""kind"":""open"",""open"":""10:00"",""close"":""02:00""}}",0930 707 2479,,,,,,OPERATIONAL,Coffee shop|Coffee shop,https://www.instagram.com/masida_ph?igshid=OGQ5ZDc2ODk2ZA==,true,
ChIJfflVdQAX-TIR5CDDSJENu7s,MATCHATUALS,"P-33 56, A Ramon, R. Magsaysay St, Calinan, Davao City",7.188614899999999,125.45078249999999,"{""mon"":{""kind"":""open"",""open"":""16:00"",""close"":""22:00""},""tue"":{""kind"":""open"",""open"":""16:00"",""close"":""22:00""},""wed"":{""kind"":""open"",""open"":""16:00"",""close"":""22:00""},""thu"":{""kind"":""open"",""open"":""16:00"",""close"":""22:00""},""fri"":{""kind"":""open"",""open"":""16:00"",""close"":""22:00""},""sat"":{""kind"":""open"",""open"":""16:00"",""close"":""22:00""},""sun"":{""kind"":""closed""}}",0991 203 1734,,,,,,OPERATIONAL,Cafe|Cafe,https://www.instagram.com/matchatuals/,true,
ChIJ0Rz4dAAX-TIRQw2-Ku4onyY,MATWELS COFFEE STATION CALINAN BRANCH,"Teachers Village, Narra St, Calinan District, Davao City",7.185515499999999,125.4574548,"{""mon"":{""kind"":""open"",""open"":""09:00"",""close"":""21:00""},""tue"":{""kind"":""open"",""open"":""09:00"",""close"":""21:00""},""wed"":{""kind"":""open"",""open"":""09:00"",""close"":""21:00""},""thu"":{""kind"":""open"",""open"":""09:00"",""close"":""21:00""},""fri"":{""kind"":""open"",""open"":""09:00"",""close"":""21:00""},""sat"":{""kind"":""open"",""open"":""09:00"",""close"":""21:00""},""sun"":{""kind"":""open"",""open"":""09:00"",""close"":""21:00""}}",,,,,,,OPERATIONAL,Coffee shop|Coffee shop,,true,
ChIJIf_Ft5qZqTMRUqvfynqfXdM,Merci Dessert Cafe,"G/F, Streetscape Mall, Paseo Saturnino, Cebu City",10.345360699999999,123.90925139999999,"{""mon"":{""kind"":""closed""},""tue"":{""kind"":""open"",""open"":""08:00"",""close"":""21:00""},""wed"":{""kind"":""open"",""open"":""08:00"",""close"":""21:00""},""thu"":{""kind"":""open"",""open"":""08:00"",""close"":""21:00""},""fri"":{""kind"":""open"",""open"":""08:00"",""close"":""21:30""},""sat"":{""kind"":""open"",""open"":""08:00"",""close"":""21:30""},""sun"":{""kind"":""open"",""open"":""08:00"",""close"":""21:30""}}",0977 066 4516,,,,available,,OPERATIONAL,Cafe|Cafe,https://www.facebook.com/profile.php?id=100063785662451,true,
ChIJZV9n7tOZqTMRUF3wscWnVdc,Mezzanine Coffee and Bar - Lahug,"Unit A07, The Esplanade, Salinas Dr, Lahug, Cebu City",10.3276532,123.90383109999999,"{""mon"":{""kind"":""open"",""open"":""08:00"",""close"":""02:30""},""tue"":{""kind"":""open"",""open"":""08:00"",""close"":""02:30""},""wed"":{""kind"":""open"",""open"":""08:00"",""close"":""02:30""},""thu"":{""kind"":""open"",""open"":""08:00"",""close"":""02:30""},""fri"":{""kind"":""open"",""open"":""08:00"",""close"":""02:30""},""sat"":{""kind"":""open"",""open"":""08:00"",""close"":""02:30""},""sun"":{""kind"":""open"",""open"":""08:00"",""close"":""02:30""}}",,available,,,available,,OPERATIONAL,Coffee shop|Coffee shop,http://www.instagram.com/mezzaninelahug,true,
ChIJU2dJqdGZqTMRjkO-NzYjkRc,Miau Cafe,"F. Cabahug St, Kasambagan, Cebu City",10.3271485,123.91813839999999,"{""mon"":{""kind"":""open"",""open"":""07:00"",""close"":""22:00""},""tue"":{""kind"":""open"",""open"":""07:00"",""close"":""22:00""},""wed"":{""kind"":""open"",""open"":""07:00"",""close"":""22:00""},""thu"":{""kind"":""open"",""open"":""07:00"",""close"":""22:00""},""fri"":{""kind"":""open"",""open"":""07:00"",""close"":""22:00""},""sat"":{""kind"":""open"",""open"":""10:00"",""close"":""22:00""},""sun"":{""kind"":""open"",""open"":""10:00"",""close"":""22:00""}}",,,,,available,,OPERATIONAL,Coffee shop|Coffee shop|Cafe,https://www.facebook.com/miaucafecebu,true,
ChIJyQIXigtt-TIRWM3aL-9feC0,Midnights Cafe,"3JF7+689, Emilio Jacinto St, Poblacion District, Davao City",7.0730049,125.61339699999999,"{""mon"":{""kind"":""open"",""open"":""10:00"",""close"":""04:00""},""tue"":{""kind"":""open"",""open"":""10:00"",""close"":""04:00""},""wed"":{""kind"":""open"",""open"":""10:00"",""close"":""04:00""},""thu"":{""kind"":""open"",""open"":""10:00"",""close"":""04:00""},""fri"":{""kind"":""open"",""open"":""10:00"",""close"":""04:00""},""sat"":{""kind"":""open"",""open"":""10:00"",""close"":""04:00""},""sun"":{""kind"":""open"",""open"":""15:00"",""close"":""04:00""}}",0917 178 9977,,,,,,OPERATIONAL,Cafe|Cafe,,true,
ChIJcZgzPgBz-TIR5O2L8RLjWQY,Mille Matcha - DGT,"2F 5-1, Davao Global Township, Matina, Davao City",7.0567766,125.5821903,"{""mon"":{""kind"":""open"",""open"":""11:00"",""close"":""21:00""},""tue"":{""kind"":""open"",""open"":""11:00"",""close"":""21:00""},""wed"":{""kind"":""open"",""open"":""11:00"",""close"":""21:00""},""thu"":{""kind"":""open"",""open"":""11:00"",""close"":""21:00""},""fri"":{""kind"":""open"",""open"":""11:00"",""close"":""23:00""},""sat"":{""kind"":""open"",""open"":""11:00"",""close"":""23:00""},""sun"":{""kind"":""open"",""open"":""11:00"",""close"":""23:00""}}",0915 801 2662,,,,,,OPERATIONAL,Coffee shop|Coffee shop,,true,
ChIJBe1QaJDLlzMRNSHAocIkRLQ,Millibean Cafe + Roastery,"1108 A. Mabini St, Ermita, Manila",14.579610899999999,120.98059339999999,"{""mon"":{""kind"":""open"",""open"":""08:00"",""close"":""21:00""},""tue"":{""kind"":""open"",""open"":""08:00"",""close"":""21:00""},""wed"":{""kind"":""open"",""open"":""08:00"",""close"":""21:00""},""thu"":{""kind"":""open"",""open"":""08:00"",""close"":""21:00""},""fri"":{""kind"":""open"",""open"":""08:00"",""close"":""21:00""},""sat"":{""kind"":""open"",""open"":""08:00"",""close"":""21:00""},""sun"":{""kind"":""open"",""open"":""08:00"",""close"":""21:00""}}",0917 187 2424,,,,,,OPERATIONAL,Coffee shop|Coffee shop,https://www.instagram.com/millibeancafe,true,
ChIJDXTxEgDJlzMR64IleXu7-4w,Miokins Coffee Ortigas,"Raffles Corporate Center Building, F. Ortigas Jr. Rd, Ortigas Center, Pasig",14.5863342,121.0620793,,,,,,,,OPERATIONAL,Coffee shop|Coffee shop,,false,missing_hours
ChIJo6h_i7uZqTMRUag2pVcyw7g,Misfits Coffee,"368 Tojong St, Camputhaw, Cebu City",10.318479799999999,123.9015498,"{""mon"":{""kind"":""open"",""open"":""10:00"",""close"":""22:30""},""tue"":{""kind"":""open"",""open"":""10:00"",""close"":""22:30""},""wed"":{""kind"":""open"",""open"":""10:00"",""close"":""22:30""},""thu"":{""kind"":""open"",""open"":""10:00"",""close"":""22:30""},""fri"":{""kind"":""open"",""open"":""10:00"",""close"":""22:30""},""sat"":{""kind"":""open"",""open"":""10:00"",""close"":""22:30""},""sun"":{""kind"":""open"",""open"":""12:00"",""close"":""20:00""}}",,available,,,available,,OPERATIONAL,Coffee shop|Coffee shop,,true,
ChIJEd87Mkm3lzMRubxCqZ33nDs,Molly's Coffee,"74 4th St, Mariana, Quezon City",14.613242399999999,121.0292321,"{""mon"":{""kind"":""open"",""open"":""07:00"",""close"":""22:00""},""tue"":{""kind"":""open"",""open"":""07:00"",""close"":""22:00""},""wed"":{""kind"":""open"",""open"":""07:00"",""close"":""22:00""},""thu"":{""kind"":""open"",""open"":""07:00"",""close"":""22:00""},""fri"":{""kind"":""open"",""open"":""07:00"",""close"":""22:00""},""sat"":{""kind"":""open"",""open"":""07:00"",""close"":""22:00""},""sun"":{""kind"":""open"",""open"":""07:00"",""close"":""22:00""}}",0976 165 4632,,,,,,OPERATIONAL,Coffee shop|Coffee shop,,true,
ChIJ-Xi0a17JlzMRZsDMLBrTjvM,MOMENT COFFEE,"MOMENT COFFEE, 6762 Ayala Ave, Makati City",14.5558892,121.0220804,"{""mon"":{""kind"":""open"",""open"":""06:00"",""close"":""20:30""},""tue"":{""kind"":""open"",""open"":""06:00"",""close"":""20:30""},""wed"":{""kind"":""open"",""open"":""06:00"",""close"":""20:30""},""thu"":{""kind"":""open"",""open"":""06:00"",""close"":""20:30""},""fri"":{""kind"":""open"",""open"":""06:00"",""close"":""20:30""},""sat"":{""kind"":""open"",""open"":""08:00"",""close"":""19:00""},""sun"":{""kind"":""open"",""open"":""06:00"",""close"":""19:00""}}",0917 126 1822,,,,,,OPERATIONAL,Coffee shop|Coffee shop,https://momentcoffee.ph/,true,
ChIJB6sYDQnNlzMRR7R4DlSugj0,Momento Coffee Bar,"123 Diego Cera Ave, Las Piñas",14.4813584,120.9821367,"{""mon"":{""kind"":""open"",""open"":""10:30"",""close"":""20:30""},""tue"":{""kind"":""open"",""open"":""10:30"",""close"":""20:30""},""wed"":{""kind"":""open"",""open"":""10:30"",""close"":""20:30""},""thu"":{""kind"":""open"",""open"":""10:30"",""close"":""20:30""},""fri"":{""kind"":""open"",""open"":""10:30"",""close"":""20:30""},""sat"":{""kind"":""open"",""open"":""12:00"",""close"":""20:30""},""sun"":{""kind"":""open"",""open"":""12:00"",""close"":""20:30""}}",,,,,,,OPERATIONAL,Coffee shop|Coffee shop,http://www.facebook.com/MomentoCoffeeBar,true,
ChIJdSIiReqbqTMRajYblVP8X0E,Mr Coffee UC Main (Colon),"7VWW+PXX, Colon St, Cebu City",10.296867599999999,123.8974803,,,,,,,,OPERATIONAL,Coffee shop|Coffee shop,,false,missing_hours
ChIJWwh2L5e5lzMRqkS88JuDqn8,Mumo Crumbs and Coffee,"Lilac St, Marikina",14.6427488,121.12205469999999,"{""mon"":{""kind"":""open"",""open"":""10:00"",""close"":""04:00""},""tue"":{""kind"":""open"",""open"":""10:00"",""close"":""04:00""},""wed"":{""kind"":""open"",""open"":""10:00"",""close"":""04:00""},""thu"":{""kind"":""open"",""open"":""10:00"",""close"":""04:00""},""fri"":{""kind"":""open"",""open"":""10:00"",""close"":""04:00""},""sat"":{""kind"":""open"",""open"":""10:00"",""close"":""04:00""},""sun"":{""kind"":""open"",""open"":""10:00"",""close"":""04:00""}}",0961 847 2936,,,,,,OPERATIONAL,Pastry shop|Pastry shop|Coffee shop,,true,
ChIJVVPtOQC1lzMRQ4nCZcskM74,Near Coffee - Neighborhood Cafè,"123 A. Del Mundo St., Grace Park West, Caloocan",14.652478599999998,120.9827136,,,,,,,,OPERATIONAL,Coffee shop|Coffee shop,,false,missing_hours
ChIJcRveHNHJlzMRk7WsMkvZncI,NÉBO CAFÉ,"St. Patrick's Square, Highway Hills, Mandaluyong City",14.585605,121.0482243,"{""mon"":{""kind"":""open"",""open"":""10:00"",""close"":""00:00""},""tue"":{""kind"":""open"",""open"":""10:00"",""close"":""00:00""},""wed"":{""kind"":""open"",""open"":""10:00"",""close"":""00:00""},""thu"":{""kind"":""open"",""open"":""10:00"",""close"":""00:00""},""fri"":{""kind"":""open"",""open"":""10:00"",""close"":""00:00""},""sat"":{""kind"":""open"",""open"":""10:00"",""close"":""00:00""},""sun"":{""kind"":""open"",""open"":""10:00"",""close"":""00:00""}}",0924 104 2763,,,,,,OPERATIONAL,Coffee shop|Coffee shop,https://www.nebocafe.com/,true,
ChIJry7b5iTJlzMRJBZ5kBuVp5w,Nihon Cafe - Concept,"452 Sampaguita Street, corner J. P. Rizal St, Makati City",14.571479,121.0177325,"{""mon"":{""kind"":""all_day""},""tue"":{""kind"":""all_day""},""wed"":{""kind"":""all_day""},""thu"":{""kind"":""all_day""},""fri"":{""kind"":""all_day""},""sat"":{""kind"":""all_day""},""sun"":{""kind"":""all_day""}}",0945 399 7068,,,,,,OPERATIONAL,Cafe|Cafe,,true,
ChIJn1YL_qXJlzMR8HMAUmEIbTU,Nihon Cafe - Shaw,"1550 Shaw Blvd, Mandaluyong City",14.590879,121.03260709999999,"{""mon"":{""kind"":""all_day""},""tue"":{""kind"":""all_day""},""wed"":{""kind"":""all_day""},""thu"":{""kind"":""all_day""},""fri"":{""kind"":""all_day""},""sat"":{""kind"":""all_day""},""sun"":{""kind"":""all_day""}}",,,,,,,OPERATIONAL,Coffee shop|Coffee shop,,true,
ChIJ30RQEgfJlzMRnujaZOPAucE,Nihon Cafe Bel Air,"78 Estrella, Brgy, Makati City",14.560423199999999,121.040076,"{""mon"":{""kind"":""all_day""},""tue"":{""kind"":""all_day""},""wed"":{""kind"":""all_day""},""thu"":{""kind"":""all_day""},""fri"":{""kind"":""all_day""},""sat"":{""kind"":""all_day""},""sun"":{""kind"":""all_day""}}",0995 447 1107,,,,,,OPERATIONAL,Coffee shop|Coffee shop,https://instagram.com/nihoncafe2021?igshid=YmMyMTA2M2Y=,true,
ChIJPf9a5wDJlzMRkQu_CqbATgU,Nihon Cafe Metropolitan,"1129 Metropolitan Ave, San Antonio, Makati City",14.566447799999999,121.0130327,"{""mon"":{""kind"":""all_day""},""tue"":{""kind"":""all_day""},""wed"":{""kind"":""all_day""},""thu"":{""kind"":""all_day""},""fri"":{""kind"":""all_day""},""sat"":{""kind"":""all_day""},""sun"":{""kind"":""all_day""}}",0963 063 4192,,,,,,OPERATIONAL,Cafe|Cafe,,true,
ChIJfYs3MWPRlzMRBG48-8EEcPY,Niseko Coffee Alabang Town Center,"1159, Center, Entertainment Cinema Complex, Theater Dr, Alabang, Muntinlupa",14.4234808,121.0310411,"{""mon"":{""kind"":""open"",""open"":""09:30"",""close"":""21:00""},""tue"":{""kind"":""open"",""open"":""09:30"",""close"":""21:00""},""wed"":{""kind"":""open"",""open"":""09:30"",""close"":""21:00""},""thu"":{""kind"":""open"",""open"":""09:30"",""close"":""21:00""},""fri"":{""kind"":""open"",""open"":""09:30"",""close"":""21:00""},""sat"":{""kind"":""open"",""open"":""09:30"",""close"":""21:00""},""sun"":{""kind"":""open"",""open"":""09:30"",""close"":""21:00""}}",0967 033 0618,,,,,,OPERATIONAL,Coffee shop|Coffee shop,https://nisekocoffee.pickup.ph/alabang,true,
ChIJ4xK5lCi5lzMRz7MrNFqSSuk,Nitro 7 Coffee & Tea Bar - Eastwood,"Eastwood CityWalk1, G/F Central Plaza, Eastwood City, Bagumbayan, Quezon City",14.6092584,121.08049299999999,"{""mon"":{""kind"":""all_day""},""tue"":{""kind"":""all_day""},""wed"":{""kind"":""all_day""},""thu"":{""kind"":""all_day""},""fri"":{""kind"":""all_day""},""sat"":{""kind"":""all_day""},""sun"":{""kind"":""all_day""}}",,,,,,,OPERATIONAL,Cafe|Cafe,https://www.facebook.com/nitro7.coffee/,true,
ChIJnW3VNTy3lzMRBHXOTo9-7jU,NoDoze Coffee Lounge,"YDG Building, 219 Katipunan Ave, Project 4, Quezon City",14.6199284,121.0722941,"{""mon"":{""kind"":""open"",""open"":""11:00"",""close"":""19:00""},""tue"":{""kind"":""open"",""open"":""11:00"",""close"":""19:00""},""wed"":{""kind"":""open"",""open"":""11:00"",""close"":""19:00""},""thu"":{""kind"":""open"",""open"":""11:00"",""close"":""19:00""},""fri"":{""kind"":""open"",""open"":""11:00"",""close"":""19:00""},""sat"":{""kind"":""open"",""open"":""11:00"",""close"":""19:00""},""sun"":{""kind"":""closed""}}",0976 391 4886,,,,,,OPERATIONAL,Cafe|Cafe|Bar,https://www.instagram.com/nodoze.coffeelounge/,true,
ChIJgybo-E6ZqTMRnWT0_qwYKik,Norcal Coffee,"54 Osmeña Blvd, Cebu City",10.3118313,123.89212189999999,"{""mon"":{""kind"":""open"",""open"":""06:00"",""close"":""23:00""},""tue"":{""kind"":""open"",""open"":""06:00"",""close"":""22:30""},""wed"":{""kind"":""open"",""open"":""06:00"",""close"":""22:30""},""thu"":{""kind"":""open"",""open"":""06:00"",""close"":""22:30""},""fri"":{""kind"":""open"",""open"":""06:00"",""close"":""22:30""},""sat"":{""kind"":""open"",""open"":""06:00"",""close"":""22:30""},""sun"":{""kind"":""closed""}}",,,,,,,OPERATIONAL,Cafe|Cafe,,true,
ChIJCyVeAgDJlzMRzh3ReNe9XZI,Nozomi Cafe,"86 Daffodil, Taguig",14.537361299999999,121.0607082,"{""mon"":{""kind"":""open"",""open"":""15:00"",""close"":""02:00""},""tue"":{""kind"":""open"",""open"":""15:00"",""close"":""02:00""},""wed"":{""kind"":""open"",""open"":""15:00"",""close"":""02:00""},""thu"":{""kind"":""open"",""open"":""15:00"",""close"":""02:00""},""fri"":{""kind"":""open"",""open"":""15:00"",""close"":""02:00""},""sat"":{""kind"":""open"",""open"":""15:00"",""close"":""02:00""},""sun"":{""kind"":""open"",""open"":""15:00"",""close"":""02:00""}}",,,,,,,OPERATIONAL,Coffee shop|Coffee shop,,true,
ChIJY4BaOD_JlzMR3QU4P12DXPc,Odd Cafe | Ortigas,"2nd flr, The Crescent Condominium, 29 San Miguel Ave, Ortigas Center, Pasig",14.580822099999999,121.05971179999999,"{""mon"":{""kind"":""open"",""open"":""08:00"",""close"":""23:00""},""tue"":{""kind"":""open"",""open"":""08:00"",""close"":""23:00""},""wed"":{""kind"":""open"",""open"":""08:00"",""close"":""23:00""},""thu"":{""kind"":""open"",""open"":""08:00"",""close"":""23:00""},""fri"":{""kind"":""open"",""open"":""08:00"",""close"":""23:00""},""sat"":{""kind"":""open"",""open"":""08:00"",""close"":""23:00""},""sun"":{""kind"":""open"",""open"":""08:00"",""close"":""23:00""}}",,,,,,,OPERATIONAL,Coffee shop|Coffee shop|Cafe|Event venue,https://heylink.me/OddCafe/,true,
ChIJk-vJJqPJlzMRd7vNZ4Gtcno,Odd Cafe | Salcedo,"Salcedo Village, 7th floor Finman Centre Building 131 Tordesillas, cor Bautista, Makati City",14.561012499999999,121.0243855,"{""mon"":{""kind"":""open"",""open"":""08:00"",""close"":""23:00""},""tue"":{""kind"":""open"",""open"":""08:00"",""close"":""23:00""},""wed"":{""kind"":""open"",""open"":""08:00"",""close"":""23:00""},""thu"":{""kind"":""open"",""open"":""08:00"",""close"":""23:00""},""fri"":{""kind"":""open"",""open"":""08:00"",""close"":""23:00""},""sat"":{""kind"":""open"",""open"":""08:00"",""close"":""23:00""},""sun"":{""kind"":""open"",""open"":""08:00"",""close"":""23:00""}}",,,,,,,OPERATIONAL,Coffee shop|Coffee shop|Cafe|Event venue|Photography studio|Vegan restaurant,,true,
ChIJM3D-VwCZqTMRvdcAohaz0rg,Ohlly’s Cafe,"8W98+3F6, E Labucay St, Cebu City",10.3176571,123.91614539999999,"{""mon"":{""kind"":""open"",""open"":""10:00"",""close"":""22:00""},""tue"":{""kind"":""open"",""open"":""10:00"",""close"":""22:00""},""wed"":{""kind"":""open"",""open"":""10:00"",""close"":""22:00""},""thu"":{""kind"":""open"",""open"":""10:00"",""close"":""22:00""},""fri"":{""kind"":""open"",""open"":""10:00"",""close"":""22:00""},""sat"":{""kind"":""open"",""open"":""10:00"",""close"":""22:00""},""sun"":{""kind"":""open"",""open"":""10:00"",""close"":""22:00""}}",,,,,,,OPERATIONAL,Coffee shop|Coffee shop,,true,
ChIJ_Z55YQC5lzMRYG7LqA9vsDU,Old Habit Cafe,"15 West Dr, Marikina",14.652342099999998,121.11587519999999,"{""mon"":{""kind"":""open"",""open"":""09:30"",""close"":""01:00""},""tue"":{""kind"":""open"",""open"":""17:30"",""close"":""01:00""},""wed"":{""kind"":""open"",""open"":""09:30"",""close"":""01:00""},""thu"":{""kind"":""open"",""open"":""09:30"",""close"":""01:00""},""fri"":{""kind"":""open"",""open"":""09:30"",""close"":""01:00""},""sat"":{""kind"":""open"",""open"":""09:30"",""close"":""01:00""},""sun"":{""kind"":""open"",""open"":""09:30"",""close"":""01:00""}}",,,,,,,OPERATIONAL,Coffee shop|Coffee shop,https://www.facebook.com/oldhabitcafe,true,
ChIJwbxkvyRz-TIRNWfaTrsxujQ,olo. Coffee And Concepts,"Phase 1, 319, ecoland, 6 A st, Talomo, Davao City",7.051081099999999,125.59499109999999,"{""mon"":{""kind"":""open"",""open"":""11:00"",""close"":""21:00""},""tue"":{""kind"":""open"",""open"":""11:00"",""close"":""21:00""},""wed"":{""kind"":""open"",""open"":""11:00"",""close"":""21:00""},""thu"":{""kind"":""open"",""open"":""11:00"",""close"":""21:00""},""fri"":{""kind"":""open"",""open"":""11:00"",""close"":""21:00""},""sat"":{""kind"":""open"",""open"":""11:00"",""close"":""21:00""},""sun"":{""kind"":""open"",""open"":""11:00"",""close"":""21:00""}}",,,,,,,OPERATIONAL,Cafe|Cafe,,true,
ChIJ8UHCTwDJlzMRLhCcI1DZA8o,Oltre - Specialty Coffee,"5343 General Luna, Makati City",14.565687599999999,121.0289827,"{""mon"":{""kind"":""open"",""open"":""08:00"",""close"":""22:00""},""tue"":{""kind"":""open"",""open"":""08:00"",""close"":""22:00""},""wed"":{""kind"":""open"",""open"":""08:00"",""close"":""22:00""},""thu"":{""kind"":""open"",""open"":""08:00"",""close"":""22:00""},""fri"":{""kind"":""open"",""open"":""08:00"",""close"":""22:00""},""sat"":{""kind"":""open"",""open"":""08:00"",""close"":""22:00""},""sun"":{""kind"":""open"",""open"":""08:00"",""close"":""22:00""}}",0917 794 1130,,,,,,OPERATIONAL,Coffee shop|Coffee shop,http://oltre.ph/,true,
ChIJqcdsewCZqTMRLOE8bt_1-HQ,Onward Coffee,"8WJ2+Q7V, Wilson St, Cebu City",10.3319982,123.9006872,"{""mon"":{""kind"":""open"",""open"":""08:00"",""close"":""18:00""},""tue"":{""kind"":""open"",""open"":""08:00"",""close"":""18:00""},""wed"":{""kind"":""open"",""open"":""08:00"",""close"":""18:00""},""thu"":{""kind"":""open"",""open"":""08:00"",""close"":""18:00""},""fri"":{""kind"":""open"",""open"":""08:00"",""close"":""18:00""},""sat"":{""kind"":""open"",""open"":""08:00"",""close"":""18:00""},""sun"":{""kind"":""open"",""open"":""08:00"",""close"":""18:00""}}",,,,,available,,OPERATIONAL,Coffee shop|Coffee shop,,true,
ChIJJ-HzoHq3lzMRDrsZoe1_Exo,Over Coffee,"155 SE Dao, Marikina",14.648247099999999,121.1186048,"{""mon"":{""kind"":""open"",""open"":""08:00"",""close"":""04:00""},""tue"":{""kind"":""open"",""open"":""08:00"",""close"":""04:00""},""wed"":{""kind"":""open"",""open"":""08:00"",""close"":""04:00""},""thu"":{""kind"":""open"",""open"":""08:00"",""close"":""04:00""},""fri"":{""kind"":""open"",""open"":""08:00"",""close"":""04:00""},""sat"":{""kind"":""open"",""open"":""08:00"",""close"":""04:00""},""sun"":{""kind"":""open"",""open"":""08:00"",""close"":""04:00""}}",,,,,,,OPERATIONAL,Cafe|Cafe|Coffee shop|Coffee store,https://www.facebook.com/storiesovercoffee,true,
ChIJT_IrQADRlzMRUgMsyj_OElU,Over Coffee by Mak,"Unit 1, 3rd Floor, Amante Monteiro Building, National Road, Muntinlupa",14.402123399999999,121.0473593,,0908 994 7614,,,,,,OPERATIONAL,Coffee shop|Coffee shop,https://www.facebook.com/overcoffeebymak08,false,missing_hours
ChIJU_VnVwBt-TIRW5uu1pDViBA,Overdose Coffee Obrero,"3JJ7+M64, Polo St, Poblacion District, Davao City",7.0816463,125.6130754,"{""mon"":{""kind"":""open"",""open"":""08:00"",""close"":""02:00""},""tue"":{""kind"":""open"",""open"":""08:00"",""close"":""02:00""},""wed"":{""kind"":""open"",""open"":""08:00"",""close"":""02:00""},""thu"":{""kind"":""open"",""open"":""08:00"",""close"":""02:00""},""fri"":{""kind"":""open"",""open"":""08:00"",""close"":""02:00""},""sat"":{""kind"":""open"",""open"":""08:00"",""close"":""02:00""},""sun"":{""kind"":""open"",""open"":""08:00"",""close"":""02:00""}}",0922 285 4688,,,,,,OPERATIONAL,Coffee shop|Coffee shop,http://overdose.coffee.ph/,true,
ChIJd-F3iSLRlzMR8-bEQGNvcYs,Pagibig Cafe,"Block 2, Villa Carolina 1, Lot 29 Yen St, Tunasan, Muntinlupa",14.372627699999999,121.04835369999999,"{""mon"":{""kind"":""all_day""},""tue"":{""kind"":""all_day""},""wed"":{""kind"":""all_day""},""thu"":{""kind"":""all_day""},""fri"":{""kind"":""all_day""},""sat"":{""kind"":""all_day""},""sun"":{""kind"":""all_day""}}",0947 592 6779,,,,,,OPERATIONAL,Coffee shop|Coffee shop,https://www.instagram.com/pagibigcafe/,true,
ChIJgfAzYwDJlzMRqc4qT5taI88,Pancho Cafe - Kapitolyo,"32-52 W Capitol Dr, Pasig",14.5725163,121.0596478,"{""mon"":{""kind"":""all_day""},""tue"":{""kind"":""all_day""},""wed"":{""kind"":""all_day""},""thu"":{""kind"":""all_day""},""fri"":{""kind"":""all_day""},""sat"":{""kind"":""all_day""},""sun"":{""kind"":""all_day""}}",0927 441 0606,,,,,,OPERATIONAL,Coffee shop|Coffee shop,,true,
ChIJ2cRmJgXJlzMRZVsUogKPbpg,Pancho Cafe - Maysilo,"64 Maysilo Cir, Mandaluyong City",14.577929,121.03272679999999,"{""mon"":{""kind"":""all_day""},""tue"":{""kind"":""all_day""},""wed"":{""kind"":""all_day""},""thu"":{""kind"":""all_day""},""fri"":{""kind"":""all_day""},""sat"":{""kind"":""all_day""},""sun"":{""kind"":""all_day""}}",0936 932 8196,,,,,,OPERATIONAL,Coffee shop|Coffee shop,https://www.instagram.com/panchocafe24/,true,
ChIJkcbFIgDJlzMREmrf68RkcAA,Pancho Cafe Makati,"Benavidez Street, Legazpi Village, Makati City",14.5517085,121.0183797,"{""mon"":{""kind"":""all_day""},""tue"":{""kind"":""all_day""},""wed"":{""kind"":""all_day""},""thu"":{""kind"":""all_day""},""fri"":{""kind"":""all_day""},""sat"":{""kind"":""all_day""},""sun"":{""kind"":""all_day""}}",0954 461 7691,,,,,,OPERATIONAL,Coffee shop|Coffee shop,,true,
ChIJp78MkkixlzMR6Xpy7L1m0io,Pandayo Coffee - Main Branch,"Villa CCO Covered Court Area D Brgy, 178 Camarin Rd, Caloocan",14.754428599999999,121.06164589999999,"{""mon"":{""kind"":""open"",""open"":""11:00"",""close"":""02:00""},""tue"":{""kind"":""open"",""open"":""11:00"",""close"":""02:00""},""wed"":{""kind"":""open"",""open"":""11:00"",""close"":""02:00""},""thu"":{""kind"":""open"",""open"":""11:00"",""close"":""02:00""},""fri"":{""kind"":""open"",""open"":""11:00"",""close"":""02:00""},""sat"":{""kind"":""open"",""open"":""11:00"",""close"":""02:00""},""sun"":{""kind"":""open"",""open"":""11:00"",""close"":""02:00""}}",0916 733 0492,,,,,,OPERATIONAL,Coffee shop|Coffee shop,https://www.facebook.com/pandayocoffee,true,
ChIJVzqVAwHJlzMRiwJlHsUjb-4,Pao Cafe,"G/F, Ags Building, 174 Yakal, Makati City",14.5629204,121.0143097,"{""mon"":{""kind"":""all_day""},""tue"":{""kind"":""all_day""},""wed"":{""kind"":""all_day""},""thu"":{""kind"":""all_day""},""fri"":{""kind"":""all_day""},""sat"":{""kind"":""all_day""},""sun"":{""kind"":""all_day""}}",0963 216 9999,,,,,,OPERATIONAL,Coffee shop|Coffee shop,http://paocafe.ph/,true,
ChIJ1-a8dAAX-TIRjxCMXG-j5EY,PAOLINE CAFE,"5FFC+W2H, Davao - Bukidnon Hwy, Calinan District, Davao City",7.1748116,125.4701065,,,,,,,,OPERATIONAL,Coffee shop|Coffee shop,,false,missing_hours
ChIJg5PLTYJt-TIR_krBi9QQb18,Paramount Coffee - Lanang,"JP Laurel Avenue, Brgy R. Castillo St, Lanang, Davao City",7.101197399999999,125.63367649999999,"{""mon"":{""kind"":""open"",""open"":""10:00"",""close"":""23:00""},""tue"":{""kind"":""open"",""open"":""10:00"",""close"":""23:00""},""wed"":{""kind"":""open"",""open"":""10:00"",""close"":""23:00""},""thu"":{""kind"":""open"",""open"":""10:00"",""close"":""23:00""},""fri"":{""kind"":""open"",""open"":""10:00"",""close"":""23:00""},""sat"":{""kind"":""open"",""open"":""10:00"",""close"":""23:00""},""sun"":{""kind"":""open"",""open"":""10:00"",""close"":""23:00""}}",0954 372 3750,,,,,,OPERATIONAL,Coffee shop|Coffee shop,http://www.paramountcoffeeph.com/,true,
ChIJe7mXUgBz-TIRp-PZxoezskM,Paramount Coffee SM Ecoland Annex,"Level 1, Annex, Talomo, Davao City",7.0494866,125.58943409999999,"{""mon"":{""kind"":""open"",""open"":""10:00"",""close"":""21:00""},""tue"":{""kind"":""open"",""open"":""10:00"",""close"":""21:00""},""wed"":{""kind"":""open"",""open"":""10:00"",""close"":""21:00""},""thu"":{""kind"":""open"",""open"":""10:00"",""close"":""21:00""},""fri"":{""kind"":""open"",""open"":""10:00"",""close"":""22:00""},""sat"":{""kind"":""open"",""open"":""10:00"",""close"":""22:00""},""sun"":{""kind"":""open"",""open"":""10:00"",""close"":""21:00""}}",,,,,,,OPERATIONAL,Coffee shop|Coffee shop,https://www.paramountcoffeeph.com/,true,
ChIJceHlXHK3lzMRebnnSKAALJ4,Pathfinders PH - The Third Space,"South Ave, cor 4th Ave, Cubao, Quezon City",14.6127007,121.0530015,"{""mon"":{""kind"":""open"",""open"":""08:00"",""close"":""21:00""},""tue"":{""kind"":""open"",""open"":""08:00"",""close"":""21:00""},""wed"":{""kind"":""open"",""open"":""08:00"",""close"":""21:00""},""thu"":{""kind"":""open"",""open"":""08:00"",""close"":""21:00""},""fri"":{""kind"":""open"",""open"":""08:00"",""close"":""22:00""},""sat"":{""kind"":""open"",""open"":""08:00"",""close"":""22:00""},""sun"":{""kind"":""open"",""open"":""08:00"",""close"":""22:00""}}",0968 487 2248,,,,,,OPERATIONAL,Cafe|Cafe|Event venue,,true,
ChIJz-yrNgCZqTMRTOimCFk4dW0,Peak Coffee Roasters,"Cebu IT Park, GF, Calyx Centre, Apas, Cebu City",10.3289627,123.9056167,"{""mon"":{""kind"":""open"",""open"":""08:00"",""close"":""21:00""},""tue"":{""kind"":""open"",""open"":""08:00"",""close"":""21:00""},""wed"":{""kind"":""open"",""open"":""08:00"",""close"":""21:00""},""thu"":{""kind"":""open"",""open"":""08:00"",""close"":""21:00""},""fri"":{""kind"":""open"",""open"":""08:00"",""close"":""23:00""},""sat"":{""kind"":""open"",""open"":""08:00"",""close"":""23:00""},""sun"":{""kind"":""open"",""open"":""08:00"",""close"":""23:00""}}",,,,,,,OPERATIONAL,Coffee shop|Coffee shop,,true,
ChIJUY-8HQCZqTMRIPcXeGt8EFc,PEAK&PI,"Fuente Osmeña Cir, Cebu City",10.310251599999999,123.89385279999999,"{""mon"":{""kind"":""open"",""open"":""08:00"",""close"":""20:00""},""tue"":{""kind"":""open"",""open"":""08:00"",""close"":""20:00""},""wed"":{""kind"":""open"",""open"":""08:00"",""close"":""20:00""},""thu"":{""kind"":""open"",""open"":""08:00"",""close"":""20:00""},""fri"":{""kind"":""open"",""open"":""08:00"",""close"":""20:00""},""sat"":{""kind"":""open"",""open"":""08:00"",""close"":""20:00""},""sun"":{""kind"":""open"",""open"":""08:00"",""close"":""20:00""}}",0968 676 0087,,,,available,,OPERATIONAL,Coffee shop|Coffee shop,https://www.instagram.com/peakandpi,true,
ChIJ9_RYYoW5lzMRzz8LQ-dPk8Y,Pedal Cafe,"116 Eastwood Ave, Bagumbayan, Quezon City",14.610413,121.0800495,"{""mon"":{""kind"":""open"",""open"":""10:00"",""close"":""22:00""},""tue"":{""kind"":""open"",""open"":""10:00"",""close"":""22:00""},""wed"":{""kind"":""open"",""open"":""10:00"",""close"":""22:00""},""thu"":{""kind"":""open"",""open"":""10:00"",""close"":""22:00""},""fri"":{""kind"":""open"",""open"":""10:00"",""close"":""22:00""},""sat"":{""kind"":""open"",""open"":""10:00"",""close"":""22:00""},""sun"":{""kind"":""open"",""open"":""10:00"",""close"":""22:00""}}",,,,,,,OPERATIONAL,Coffee shop|Coffee shop,,true,
ChIJL7vhVjm5lzMROi5xWpqLRkg,Perfect Time Cafe,"909 J. P. Rizal St, Marikina",14.6558929,121.10333349999999,,,,,,,,OPERATIONAL,Cafe|Cafe,,false,missing_hours
ChIJlRLXYgBt-TIRLkApqMOcdiQ,Pergola Brew,"4J5P+72V, Diamond Ave, Lanang, Davao City",7.1082407,125.63504839999999,,,,,,,,OPERATIONAL,Coffee shop|Coffee shop,,false,missing_hours
ChIJ10x_I-fPlzMRxfD-8iNL0sE,PICKUP COFFEE - Andremar Building,"Dr. Arcadio Santos Avenue, Parañaque - Sucat Rd, Parañaque",14.479296199999999,120.9980829,"{""mon"":{""kind"":""open"",""open"":""08:00"",""close"":""19:00""},""tue"":{""kind"":""open"",""open"":""08:00"",""close"":""19:00""},""wed"":{""kind"":""open"",""open"":""08:00"",""close"":""19:00""},""thu"":{""kind"":""open"",""open"":""08:00"",""close"":""19:00""},""fri"":{""kind"":""open"",""open"":""08:00"",""close"":""19:00""},""sat"":{""kind"":""open"",""open"":""08:00"",""close"":""19:00""},""sun"":{""kind"":""open"",""open"":""08:00"",""close"":""19:00""}}",0956 773 0822,,,,,,OPERATIONAL,Restaurant|Restaurant|Coffee shop,https://pickup-coffee.com/pickup-store-locations/,true,
ChIJGZtB7GVt-TIRQtTBASYyLl0,⁠PICKUP COFFEE - Ayala Abreeza Mall,"Abreeza Mall, J.P. Laurel Ave, Poblacion District, Davao City",7.0914712,125.610687,"{""mon"":{""kind"":""open"",""open"":""08:00"",""close"":""20:00""},""tue"":{""kind"":""open"",""open"":""08:00"",""close"":""20:00""},""wed"":{""kind"":""open"",""open"":""08:00"",""close"":""20:00""},""thu"":{""kind"":""open"",""open"":""08:00"",""close"":""20:00""},""fri"":{""kind"":""open"",""open"":""08:00"",""close"":""20:00""},""sat"":{""kind"":""open"",""open"":""08:00"",""close"":""20:00""},""sun"":{""kind"":""open"",""open"":""08:00"",""close"":""20:00""}}",,,,,,,OPERATIONAL,Restaurant|Restaurant|Coffee shop,https://pickup-coffee.com/pickup-store-locations/,true,
ChIJB7_d1fxz-TIRbe2mFI9748g,PICKUP COFFEE - Caltex Ecoland,"Caltex, Ecoland Dr, Talomo, Davao City",7.0534463999999994,125.5981248,"{""mon"":{""kind"":""open"",""open"":""06:00"",""close"":""22:00""},""tue"":{""kind"":""open"",""open"":""06:00"",""close"":""22:00""},""wed"":{""kind"":""open"",""open"":""06:00"",""close"":""22:00""},""thu"":{""kind"":""open"",""open"":""06:00"",""close"":""22:00""},""fri"":{""kind"":""open"",""open"":""06:00"",""close"":""22:00""},""sat"":{""kind"":""open"",""open"":""06:00"",""close"":""22:00""},""sun"":{""kind"":""open"",""open"":""06:00"",""close"":""22:00""}}",0945 552 3677,,,,,,OPERATIONAL,Restaurant|Restaurant|Coffee shop,https://pickup-coffee.com/pickup-store-locations/,true,
ChIJ3XYDAi2ZqTMR-pV3zPIA0gs,PICKUP COFFEE - Cebu Capitol Central Hotel & Suites,"PH Suite, & Suites, Capitol Central Hotel and Suites, G/F, Cebu, 17 N Escario St, Cebu City",10.3163418,123.89184789999999,"{""mon"":{""kind"":""open"",""open"":""06:00"",""close"":""23:00""},""tue"":{""kind"":""open"",""open"":""06:00"",""close"":""23:00""},""wed"":{""kind"":""open"",""open"":""06:00"",""close"":""23:00""},""thu"":{""kind"":""open"",""open"":""06:00"",""close"":""23:00""},""fri"":{""kind"":""open"",""open"":""06:00"",""close"":""23:00""},""sat"":{""kind"":""open"",""open"":""06:00"",""close"":""23:00""},""sun"":{""kind"":""open"",""open"":""06:00"",""close"":""23:00""}}",0995 136 8284,,,,available,,OPERATIONAL,Restaurant|Restaurant|Coffee shop,https://pickup-coffee.com/pickup-store-locations/,true,
ChIJAdhfbABt-TIRPt2yL0LkXSM,PICKUP COFFEE - Davao Finance Center,"G/F Unit A2, Davao Finance Center, Davao Park District, SP Dacudao Lp, Agdao, Davao City",7.0963071,125.62916159999999,"{""mon"":{""kind"":""all_day""},""tue"":{""kind"":""all_day""},""wed"":{""kind"":""all_day""},""thu"":{""kind"":""all_day""},""fri"":{""kind"":""all_day""},""sat"":{""kind"":""all_day""},""sun"":{""kind"":""all_day""}}",0960 942 2171,,,,,,OPERATIONAL,Coffee shop|Coffee shop,https://pickup-coffee.com/pickup-store-locations/,true,
ChIJzxaXIADLlzMR9zSb9xw-8tM,PICKUP COFFEE - Four E-Com,"76, Pasay City",14.540352799999999,120.9820472,,,,,,,,OPERATIONAL,Coffee shop|Coffee shop,,false,missing_hours
ChIJmQZmcQCZqTMRG8OTTDXQ0zs,PICKUP COFFEE - Kimtons CDU,"Kimtons Apartment & Suites, Capitol Site, Don Jose Avila St, Cebu City",10.3150855,123.89241729999999,"{""mon"":{""kind"":""all_day""},""tue"":{""kind"":""all_day""},""wed"":{""kind"":""all_day""},""thu"":{""kind"":""all_day""},""fri"":{""kind"":""all_day""},""sat"":{""kind"":""all_day""},""sun"":{""kind"":""all_day""}}",0970 658 4129,,,,,,OPERATIONAL,Restaurant|Restaurant|Coffee shop,https://pickup-coffee.com/pickup-store-locations/,true,
ChIJL7atfqTPlzMRYmGhwxAIxXs,⁠PICKUP COFFEE - Newport Circle,"Newport City, Newport Blvd, Pasay, Pasay City",14.5221606,121.0167062,"{""mon"":{""kind"":""all_day""},""tue"":{""kind"":""all_day""},""wed"":{""kind"":""all_day""},""thu"":{""kind"":""all_day""},""fri"":{""kind"":""all_day""},""sat"":{""kind"":""all_day""},""sun"":{""kind"":""all_day""}}",0993 409 4479,,,,,,OPERATIONAL,Restaurant|Restaurant|Coffee shop,https://pickup-coffee.com/pickup-store-locations/,true,
ChIJW0mtSRjLlzMR43Wjsz3lEHQ,"PICKUP COFFEE - One E-com Center, Pasay","GF, One Ecom Center, Harbor Dr, Pasay City",14.537971899999999,120.98176029999999,"{""mon"":{""kind"":""all_day""},""tue"":{""kind"":""all_day""},""wed"":{""kind"":""all_day""},""thu"":{""kind"":""all_day""},""fri"":{""kind"":""all_day""},""sat"":{""kind"":""all_day""},""sun"":{""kind"":""all_day""}}",,,,,,,OPERATIONAL,Coffee shop|Coffee shop,https://www.pickup-coffee.com/,true,
ChIJ3SVdZABt-TIRw89BdeJirGk,PICKUP COFFEE - Oroderm City,"Oroderm City, C. M. Recto St, Barangay 35-D, Poblacion District, Davao City",7.0670407,125.61080989999999,"{""mon"":{""kind"":""all_day""},""tue"":{""kind"":""all_day""},""wed"":{""kind"":""all_day""},""thu"":{""kind"":""all_day""},""fri"":{""kind"":""all_day""},""sat"":{""kind"":""all_day""},""sun"":{""kind"":""all_day""}}",,,,,,,OPERATIONAL,Coffee shop|Coffee shop,,true,
ChIJQT-s717JlzMRtILFFeDr5tw,"PICKUP COFFEE - Torre Lorenzo 2, Taft Avenue","2426 Taft Ave, Barangay 727, Malate, Manila",14.565263499999999,120.99418279999999,"{""mon"":{""kind"":""all_day""},""tue"":{""kind"":""all_day""},""wed"":{""kind"":""all_day""},""thu"":{""kind"":""all_day""},""fri"":{""kind"":""all_day""},""sat"":{""kind"":""all_day""},""sun"":{""kind"":""all_day""}}",0916 381 4179,,,,,,OPERATIONAL,Coffee shop|Coffee shop,https://www.pickup-coffee.com/,true,
ChIJ0cUcX363lzMRkkdcBN3EsaA,"PICKUP COFFEE - U.P. Town Center, Quezon City","G/F, U.P. Town Center, Katipunan Ave, Diliman, Quezon City",14.651243299999999,121.0752296,"{""mon"":{""kind"":""open"",""open"":""07:00"",""close"":""22:00""},""tue"":{""kind"":""open"",""open"":""07:00"",""close"":""22:00""},""wed"":{""kind"":""open"",""open"":""07:00"",""close"":""22:00""},""thu"":{""kind"":""open"",""open"":""07:00"",""close"":""22:00""},""fri"":{""kind"":""open"",""open"":""07:00"",""close"":""22:00""},""sat"":{""kind"":""open"",""open"":""07:00"",""close"":""22:00""},""sun"":{""kind"":""open"",""open"":""07:00"",""close"":""22:00""}}",,,,,,,OPERATIONAL,Coffee shop|Coffee shop,https://www.pickup-coffee.com/,true,
ChIJ_zrANy3JlzMR1-1pfe67iPY,PICKUP COFFEE - Uptown BGC,"G/F One Uptown Residence, 9th Avenue, cor 36th St, Post Proper Northside, Taguig",14.556083699999999,121.05501849999999,"{""mon"":{""kind"":""all_day""},""tue"":{""kind"":""all_day""},""wed"":{""kind"":""all_day""},""thu"":{""kind"":""all_day""},""fri"":{""kind"":""all_day""},""sat"":{""kind"":""all_day""},""sun"":{""kind"":""all_day""}}",0915 976 3826,,,,,,OPERATIONAL,Coffee shop|Coffee shop,https://www.pickup-coffee.com/,true,
ChIJU2XBXwC5lzMRiyKZFOkk1Rs,PICKUP COFFEE Eastwood E Commerce,"J35J+752, E-Commerce Road, Bagumbayan, Quezon City",14.608201,121.08059659999999,,,,,,,,OPERATIONAL,Coffee shop|Coffee shop,,false,missing_hours
ChIJg36gZQfJlzMRi3Af5UNpQsU,pocket makati,"Unit 102, Globill Mansion, 6146 Osias, Poblacion, Makati City",14.5653864,121.034014,"{""mon"":{""kind"":""open"",""open"":""07:30"",""close"":""19:00""},""tue"":{""kind"":""closed""},""wed"":{""kind"":""open"",""open"":""07:30"",""close"":""19:00""},""thu"":{""kind"":""open"",""open"":""07:30"",""close"":""19:00""},""fri"":{""kind"":""open"",""open"":""07:30"",""close"":""19:00""},""sat"":{""kind"":""open"",""open"":""07:30"",""close"":""19:00""},""sun"":{""kind"":""open"",""open"":""07:30"",""close"":""19:00""}}",0917 877 1433,,,,,,OPERATIONAL,Cafe|Cafe,,true,
ChIJbc26F0bPlzMRIcevbNxwH7I,Presko Coffee BLS,"69, 1711 Saudi Arabia, Parañaque",14.484278399999999,121.0228973,"{""mon"":{""kind"":""open"",""open"":""08:00"",""close"":""00:00""},""tue"":{""kind"":""open"",""open"":""08:00"",""close"":""00:00""},""wed"":{""kind"":""open"",""open"":""08:00"",""close"":""00:00""},""thu"":{""kind"":""open"",""open"":""08:00"",""close"":""01:00""},""fri"":{""kind"":""open"",""open"":""08:00"",""close"":""01:00""},""sat"":{""kind"":""open"",""open"":""08:00"",""close"":""01:00""},""sun"":{""kind"":""open"",""open"":""08:00"",""close"":""00:00""}}",,,,,,,OPERATIONAL,Coffee shop|Coffee shop,http://www.preskocoffee.com/,true,
ChIJAei1jbwX-TIRtDq_8A_6Vq0,Project Decielo Cafe,"San Roque, Calinan, Davao City",7.1750326,125.4698696,"{""mon"":{""kind"":""closed""},""tue"":{""kind"":""closed""},""wed"":{""kind"":""closed""},""thu"":{""kind"":""open"",""open"":""08:00"",""close"":""02:00""},""fri"":{""kind"":""open"",""open"":""20:00"",""close"":""02:00""},""sat"":{""kind"":""open"",""open"":""20:00"",""close"":""02:00""},""sun"":{""kind"":""open"",""open"":""20:00"",""close"":""02:00""}}",,,,,,,OPERATIONAL,Cafe|Cafe,,true,
ChIJyfYOeIKZqTMRgqIzLZSLcVM,Pulso Café - Cebu,"1045 M. J. Cuenco Ave, Mabolo, Cebu City",10.3129755,123.91230159999999,"{""mon"":{""kind"":""open"",""open"":""08:00"",""close"":""21:00""},""tue"":{""kind"":""open"",""open"":""08:00"",""close"":""21:00""},""wed"":{""kind"":""open"",""open"":""08:00"",""close"":""21:00""},""thu"":{""kind"":""open"",""open"":""08:00"",""close"":""21:00""},""fri"":{""kind"":""open"",""open"":""08:00"",""close"":""21:00""},""sat"":{""kind"":""open"",""open"":""09:00"",""close"":""21:00""},""sun"":{""kind"":""closed""}}",0952 440 7065,,,,,,OPERATIONAL,Cafe|Cafe|Coffee shop|Coffee store,,true,
ChIJfynVQQCZqTMRPL5qPUZdJDg,Punched Coffee,"Cebu City, 6000 Cebu",10.3125199,123.90471889999999,"{""mon"":{""kind"":""open"",""open"":""07:00"",""close"":""20:00""},""tue"":{""kind"":""open"",""open"":""07:00"",""close"":""20:00""},""wed"":{""kind"":""open"",""open"":""07:00"",""close"":""20:00""},""thu"":{""kind"":""open"",""open"":""07:00"",""close"":""20:00""},""fri"":{""kind"":""open"",""open"":""07:00"",""close"":""20:00""},""sat"":{""kind"":""open"",""open"":""07:00"",""close"":""20:00""},""sun"":{""kind"":""open"",""open"":""07:00"",""close"":""20:00""}}",,,,,available,,OPERATIONAL,Coffee shop|Coffee shop,,true,
ChIJgZ7CaZ9y-TIRL1-z6HgwmpI,Purge Coffee Roaster,"Tulip Dr, Matina Crossing, Talomo, Davao City",7.0575009,125.5885661,"{""mon"":{""kind"":""open"",""open"":""08:00"",""close"":""22:30""},""tue"":{""kind"":""open"",""open"":""08:00"",""close"":""22:30""},""wed"":{""kind"":""open"",""open"":""08:00"",""close"":""22:30""},""thu"":{""kind"":""open"",""open"":""08:00"",""close"":""22:30""},""fri"":{""kind"":""open"",""open"":""08:00"",""close"":""22:30""},""sat"":{""kind"":""open"",""open"":""08:00"",""close"":""22:30""},""sun"":{""kind"":""open"",""open"":""08:00"",""close"":""22:30""}}",0945 203 1303,,,,,,OPERATIONAL,Cafe|Cafe,https://www.facebook.com/PurgeCoffeeRoaster,true,
ChIJW5CjUpC3lzMRnPamc7fTe1k,Purple 7 Cafe,"37 Tomas Morato Ave, Quezon City",14.6249015,121.0329508,"{""mon"":{""kind"":""closed""},""tue"":{""kind"":""open"",""open"":""13:00"",""close"":""20:00""},""wed"":{""kind"":""open"",""open"":""13:00"",""close"":""20:00""},""thu"":{""kind"":""open"",""open"":""13:00"",""close"":""20:00""},""fri"":{""kind"":""open"",""open"":""13:00"",""close"":""20:00""},""sat"":{""kind"":""open"",""open"":""11:00"",""close"":""19:00""},""sun"":{""kind"":""open"",""open"":""11:00"",""close"":""19:00""}}",,,,,,,OPERATIONAL,Coffee shop|Coffee shop,,true,
ChIJlbKNAABt-TIReicU9GNcMdY,QH Cafe,"15 P. Sobrecarey St, Obrero, Davao City",7.0778227,125.6186134,"{""mon"":{""kind"":""closed""},""tue"":{""kind"":""open"",""open"":""11:00"",""close"":""20:00""},""wed"":{""kind"":""open"",""open"":""12:00"",""close"":""21:00""},""thu"":{""kind"":""open"",""open"":""12:00"",""close"":""21:00""},""fri"":{""kind"":""open"",""open"":""12:00"",""close"":""21:00""},""sat"":{""kind"":""open"",""open"":""12:00"",""close"":""21:00""},""sun"":{""kind"":""open"",""open"":""11:00"",""close"":""20:00""}}",,,,,,,OPERATIONAL,Coffee shop|Coffee shop,,true,
ChIJCwzDvkjJlzMRxEM_mEUP1zY,QOFFEA.,"1 P. Parada, San Juan City",14.597475399999999,121.0325464,"{""mon"":{""kind"":""all_day""},""tue"":{""kind"":""all_day""},""wed"":{""kind"":""all_day""},""thu"":{""kind"":""all_day""},""fri"":{""kind"":""all_day""},""sat"":{""kind"":""all_day""},""sun"":{""kind"":""all_day""}}",,,,,,,OPERATIONAL,Coffee shop|Coffee shop,https://www.facebook.com/Qoffeacoffeeshop,true,
ChIJO6nnfkK3lzMR2zUBZDpLPQU,Quirky Cup Coffee - Cubao,"33-C Main Ave, Cubao, Quezon City",14.614724299999999,121.05606189999999,"{""mon"":{""kind"":""open"",""open"":""13:00"",""close"":""02:00""},""tue"":{""kind"":""open"",""open"":""13:00"",""close"":""02:00""},""wed"":{""kind"":""open"",""open"":""13:00"",""close"":""02:00""},""thu"":{""kind"":""open"",""open"":""13:00"",""close"":""02:00""},""fri"":{""kind"":""open"",""open"":""13:00"",""close"":""02:00""},""sat"":{""kind"":""open"",""open"":""13:00"",""close"":""02:00""},""sun"":{""kind"":""open"",""open"":""13:00"",""close"":""02:00""}}",0960 534 8256,,,,,,OPERATIONAL,Coffee shop|Coffee shop,https://www.facebook.com/quirkycupcoffee,true,
ChIJc-swotm5lzMRZ4W0RfMzF2I,Ratio Coffee - Marikina,"29 A. de Guzman St, Marikina",14.653357699999999,121.10483669999999,"{""mon"":{""kind"":""open"",""open"":""13:00"",""close"":""23:00""},""tue"":{""kind"":""open"",""open"":""13:00"",""close"":""23:00""},""wed"":{""kind"":""open"",""open"":""13:00"",""close"":""23:00""},""thu"":{""kind"":""open"",""open"":""13:00"",""close"":""23:00""},""fri"":{""kind"":""open"",""open"":""13:00"",""close"":""23:00""},""sat"":{""kind"":""open"",""open"":""13:00"",""close"":""23:00""},""sun"":{""kind"":""open"",""open"":""13:00"",""close"":""23:00""}}",,,,,,,OPERATIONAL,Coffee shop|Coffee shop,https://www.facebook.com/ratiocoffeeph/,true,
ChIJ9ZF5CyHJlzMRgFWSQw5DJNo,Razzlebrew Coffee,"Tower 1 unit 104, 2320 Taft Ave, Malate, Manila",14.5665502,120.9935749,"{""mon"":{""kind"":""open"",""open"":""10:00"",""close"":""02:00""},""tue"":{""kind"":""open"",""open"":""10:00"",""close"":""02:00""},""wed"":{""kind"":""open"",""open"":""10:00"",""close"":""02:00""},""thu"":{""kind"":""open"",""open"":""10:00"",""close"":""02:00""},""fri"":{""kind"":""open"",""open"":""10:00"",""close"":""02:00""},""sat"":{""kind"":""open"",""open"":""10:00"",""close"":""02:00""},""sun"":{""kind"":""open"",""open"":""10:00"",""close"":""02:00""}}",0917 179 1039,,,,,,OPERATIONAL,Coffee shop|Coffee shop,,true,
ChIJk1RQZOmZqTMRR2XBpaaK7sI,Red's Cafe,"Unit 123, Raintree Mall, 528 F. Ramos St, Cebu City",10.309343799999999,123.8952915,"{""mon"":{""kind"":""open"",""open"":""07:00"",""close"":""02:00""},""tue"":{""kind"":""open"",""open"":""07:00"",""close"":""02:00""},""wed"":{""kind"":""open"",""open"":""07:00"",""close"":""02:00""},""thu"":{""kind"":""open"",""open"":""07:00"",""close"":""02:00""},""fri"":{""kind"":""open"",""open"":""07:00"",""close"":""02:00""},""sat"":{""kind"":""open"",""open"":""07:00"",""close"":""02:00""},""sun"":{""kind"":""open"",""open"":""07:00"",""close"":""02:00""}}",,,,,available,,OPERATIONAL,Coffee shop|Coffee shop,,true,
ChIJoc60OmDRlzMRni6GKYOaFkY,Reform Coffee & Tea,"67 JB Tan St, Las Piñas",14.4343819,120.9891488,"{""mon"":{""kind"":""open"",""open"":""06:30"",""close"":""22:00""},""tue"":{""kind"":""open"",""open"":""06:30"",""close"":""22:00""},""wed"":{""kind"":""open"",""open"":""06:30"",""close"":""22:00""},""thu"":{""kind"":""open"",""open"":""06:30"",""close"":""22:00""},""fri"":{""kind"":""open"",""open"":""06:30"",""close"":""22:00""},""sat"":{""kind"":""open"",""open"":""06:30"",""close"":""22:00""},""sun"":{""kind"":""open"",""open"":""06:30"",""close"":""22:00""}}",,,,,,,OPERATIONAL,Coffee shop|Coffee shop,http://www.reformcoffeeandtea.com/,true,
ChIJ71X7AgC3lzMRiH0IUHcgbI0,Resonate Coffee and Hardware,"318 Katipunan Ave, Quezon City",14.639425099999999,121.07422749999999,"{""mon"":{""kind"":""open"",""open"":""09:00"",""close"":""18:00""},""tue"":{""kind"":""open"",""open"":""09:00"",""close"":""18:00""},""wed"":{""kind"":""open"",""open"":""09:00"",""close"":""18:00""},""thu"":{""kind"":""open"",""open"":""09:00"",""close"":""18:00""},""fri"":{""kind"":""open"",""open"":""09:00"",""close"":""18:00""},""sat"":{""kind"":""open"",""open"":""08:00"",""close"":""20:00""},""sun"":{""kind"":""open"",""open"":""08:00"",""close"":""20:00""}}",,,,,,,OPERATIONAL,Coffee shop|Coffee shop,https://www.instagram.com/resonate.coffee,true,
ChIJj-g2ZwCxlzMRIwJwbPhNb4g,Retro latte - North Caloocan,"P3W2+Q93, Mahogany, Caloocan",14.7468791,121.0509172,,,,,,,,OPERATIONAL,Coffee shop|Coffee shop,,false,missing_hours
ChIJKXOzPNyZqTMRC-ulaS9Ddcg,Ripple coffee cebu,"El Dorado Subdivision, 8 Adelfa, Banilad, Cebu City",10.341547,123.9129277,"{""mon"":{""kind"":""open"",""open"":""08:00"",""close"":""18:00""},""tue"":{""kind"":""open"",""open"":""08:00"",""close"":""18:00""},""wed"":{""kind"":""open"",""open"":""08:00"",""close"":""18:00""},""thu"":{""kind"":""open"",""open"":""08:00"",""close"":""18:00""},""fri"":{""kind"":""open"",""open"":""08:00"",""close"":""19:00""},""sat"":{""kind"":""open"",""open"":""08:00"",""close"":""19:00""},""sun"":{""kind"":""open"",""open"":""08:00"",""close"":""19:00""}}",,available,,,,available,OPERATIONAL,Coffee shop|Coffee shop,,true,
ChIJUwm5CABt-TIRMW6Zcm_TPCY,RnK’s Garage Cafe,"Apollo, Prk, San Francisco Street, Buhangin, Davao City",7.1085484,125.6156657,"{""mon"":{""kind"":""open"",""open"":""18:00"",""close"":""02:00""},""tue"":{""kind"":""open"",""open"":""18:00"",""close"":""02:00""},""wed"":{""kind"":""open"",""open"":""18:00"",""close"":""02:00""},""thu"":{""kind"":""open"",""open"":""18:00"",""close"":""02:00""},""fri"":{""kind"":""open"",""open"":""17:00"",""close"":""03:00""},""sat"":{""kind"":""open"",""open"":""17:00"",""close"":""03:00""},""sun"":{""kind"":""open"",""open"":""18:00"",""close"":""02:00""}}",0945 541 8583,,,,,,OPERATIONAL,Cafe|Cafe|Coffee shop,https://www.facebook.com/share/1GWgqurimv/?mibextid=wwXIfr,true,
ChIJeejbZwDLlzMRa7gqSLrjWWk,RUSTBEAN COFFEE,"819 Salazar St, Binondo, Manila",14.601490799999999,120.97602959999999,,,,,,,,OPERATIONAL,Coffee shop|Coffee shop,,false,missing_hours
ChIJZcEgOewT-TIRPmqIyPm9a78,RZ COFFEE,"Blk 3, Kristina Babisa, Lot 34 Santo Niño Street, Toril, Davao City",7.0082736,125.49071079999999,,0953 462 3414,,,,,,OPERATIONAL,Coffee shop|Coffee shop,,false,missing_hours
ChIJ2V3yShK5lzMR-mMbT-9dn50,Salamangka,"Eastwood City, Unit G5 2F Eastwood, Citywalk 1, Libis, Quezon City",14.6094563,121.0811217,"{""mon"":{""kind"":""open"",""open"":""08:00"",""close"":""00:00""},""tue"":{""kind"":""open"",""open"":""08:00"",""close"":""00:00""},""wed"":{""kind"":""open"",""open"":""08:00"",""close"":""00:00""},""thu"":{""kind"":""open"",""open"":""08:00"",""close"":""00:00""},""fri"":{""kind"":""open"",""open"":""08:00"",""close"":""00:00""},""sat"":{""kind"":""open"",""open"":""08:00"",""close"":""00:00""},""sun"":{""kind"":""open"",""open"":""08:00"",""close"":""00:00""}}",,,,,,,OPERATIONAL,Cafe|Cafe|Cocktail bar|Coffee store|Pasta shop,https://www.salamangka.com/,true,
ChIJGWRtUwDJlzMRMEXjeI7iO9o,Sama Cafe + Diner,"H343+F2F, Taguig",14.5561817,121.0525543,"{""mon"":{""kind"":""open"",""open"":""07:00"",""close"":""22:00""},""tue"":{""kind"":""open"",""open"":""07:00"",""close"":""22:00""},""wed"":{""kind"":""open"",""open"":""07:00"",""close"":""22:00""},""thu"":{""kind"":""open"",""open"":""07:00"",""close"":""22:00""},""fri"":{""kind"":""open"",""open"":""07:00"",""close"":""22:00""},""sat"":{""kind"":""open"",""open"":""07:00"",""close"":""22:00""},""sun"":{""kind"":""open"",""open"":""07:00"",""close"":""22:00""}}",0949 705 2792,,,,,,OPERATIONAL,Coffee shop|Coffee shop,https://www.instagram.com/sama.cafexdiner?igsh=MXJ1bmtpemNlcnZ2Zw==,true,
ChIJ1ZzQwALJlzMRygsMQh8gZuw,San Cafe - San Nicolas Pasig,"10 M.H. del Pilar St, Pasig",14.561377799999999,121.0777576,"{""mon"":{""kind"":""open"",""open"":""10:30"",""close"":""22:30""},""tue"":{""kind"":""open"",""open"":""10:30"",""close"":""22:30""},""wed"":{""kind"":""open"",""open"":""10:30"",""close"":""22:30""},""thu"":{""kind"":""open"",""open"":""10:30"",""close"":""22:30""},""fri"":{""kind"":""open"",""open"":""10:30"",""close"":""22:30""},""sat"":{""kind"":""open"",""open"":""10:30"",""close"":""22:30""},""sun"":{""kind"":""open"",""open"":""10:30"",""close"":""22:30""}}",0945 498 8102,,,,,,OPERATIONAL,Coffee shop|Coffee shop,,true,
ChIJDXa-GwDJlzMR2IX4R_54jVw,Season Coffee,"2nd floor, SM Light Mall, Mandaluyong, Mandaluyong City",14.5739427,121.04919079999999,"{""mon"":{""kind"":""open"",""open"":""10:00"",""close"":""21:00""},""tue"":{""kind"":""open"",""open"":""10:00"",""close"":""21:00""},""wed"":{""kind"":""open"",""open"":""10:00"",""close"":""21:00""},""thu"":{""kind"":""open"",""open"":""10:00"",""close"":""21:00""},""fri"":{""kind"":""open"",""open"":""10:00"",""close"":""21:00""},""sat"":{""kind"":""open"",""open"":""10:00"",""close"":""21:00""},""sun"":{""kind"":""open"",""open"":""10:00"",""close"":""21:00""}}",,,,,,,OPERATIONAL,Cafe|Cafe,,true,
ChIJ1bVPAXvHlzMR2avwbXOAgrU,Seattle's Best Coffee - C. Raymundo,"C. Raymundo Ave, Pasig",14.5776971,121.0858892,"{""mon"":{""kind"":""all_day""},""tue"":{""kind"":""all_day""},""wed"":{""kind"":""all_day""},""thu"":{""kind"":""all_day""},""fri"":{""kind"":""all_day""},""sat"":{""kind"":""all_day""},""sun"":{""kind"":""all_day""}}",,,,,,,OPERATIONAL,Coffee shop|Coffee shop,https://seattlesbest.com.ph/,true,
ChIJKxZWiL-3lzMRuWAEoHgdsoU,Seattle's Best Coffee - Fiesta Carnival Araneta City,"77 Gen. Aguinaldo Ave, Cubao, Quezon City",14.620752099999999,121.0544427,"{""mon"":{""kind"":""all_day""},""tue"":{""kind"":""all_day""},""wed"":{""kind"":""all_day""},""thu"":{""kind"":""all_day""},""fri"":{""kind"":""all_day""},""sat"":{""kind"":""all_day""},""sun"":{""kind"":""all_day""}}",,,,,,,OPERATIONAL,Coffee shop|Coffee shop,https://seattlesbest.com.ph/,true,
ChIJrZUzRwDLlzMRcqLU24WqWMQ,Sept Coffee,"777 Ongpin St, Binondo, Manila",14.6019714,120.97665289999999,"{""mon"":{""kind"":""open"",""open"":""08:30"",""close"":""21:00""},""tue"":{""kind"":""open"",""open"":""08:30"",""close"":""21:00""},""wed"":{""kind"":""open"",""open"":""08:30"",""close"":""21:00""},""thu"":{""kind"":""open"",""open"":""08:30"",""close"":""21:00""},""fri"":{""kind"":""open"",""open"":""08:30"",""close"":""21:00""},""sat"":{""kind"":""open"",""open"":""08:30"",""close"":""21:00""},""sun"":{""kind"":""open"",""open"":""08:30"",""close"":""21:00""}}",,,,,,,OPERATIONAL,Coffee shop|Coffee shop,https://www.instagram.com/septcoffee.mnl?igsh=NXNjdXJuaW52ZHli&utm_source=qr,true,
ChIJ5dtwAgBt-TIR5elSbVljND4,Serenitea,"Gateway, J.P. Laurel Ave, Lanang, Davao City",7.1017331,125.6325667,,,,,,,,OPERATIONAL,Coffee shop|Coffee shop,https://iloveserenitea.com/,false,missing_hours
ChIJYTf_CAAN-TIRWDSVALnLF5g,SerJes Café,"2GC2+8RW, De Guzman St, Toril, Davao City",7.0208645999999995,125.5020756,"{""mon"":{""kind"":""open"",""open"":""13:00"",""close"":""05:00""},""tue"":{""kind"":""open"",""open"":""13:00"",""close"":""05:00""},""wed"":{""kind"":""open"",""open"":""13:00"",""close"":""05:00""},""thu"":{""kind"":""open"",""open"":""13:00"",""close"":""05:00""},""fri"":{""kind"":""open"",""open"":""13:00"",""close"":""05:00""},""sat"":{""kind"":""open"",""open"":""13:00"",""close"":""05:00""},""sun"":{""kind"":""open"",""open"":""13:00"",""close"":""05:00""}}",,,,,,,OPERATIONAL,Coffee shop|Coffee shop,,true,
ChIJx94NxB1t-TIRWR4Or5Lb1TQ,Sheikh's Coffee,"Km. 6, Gothong Yard, Stall A1, J.P. Laurel Ave, Lanang, Davao City",7.100806599999999,125.63051879999999,,0976 029 0289,,,,,,OPERATIONAL,Coffee shop|Coffee shop,,false,missing_hours
ChIJK-av6SHJlzMRiFx8c7nUQvw,Sigay Cafe,"1717 Dominga Street, Barangay 41, Pasay City",14.5607454,120.99714639999999,"{""mon"":{""kind"":""open"",""open"":""09:30"",""close"":""02:00""},""tue"":{""kind"":""open"",""open"":""09:30"",""close"":""02:00""},""wed"":{""kind"":""open"",""open"":""09:30"",""close"":""02:00""},""thu"":{""kind"":""open"",""open"":""09:30"",""close"":""02:00""},""fri"":{""kind"":""open"",""open"":""09:30"",""close"":""02:00""},""sat"":{""kind"":""open"",""open"":""09:30"",""close"":""02:00""},""sun"":{""kind"":""open"",""open"":""09:30"",""close"":""02:00""}}",0928 169 8497,,,,,,OPERATIONAL,Coffee shop|Coffee shop,,true,
ChIJGw1uSQDJlzMREXzfLNGEOh0,Signature Coffee,"4495 Singian, Barangay Poblacion, Makati City",14.5674043,121.02922179999999,"{""mon"":{""kind"":""open"",""open"":""09:00"",""close"":""21:00""},""tue"":{""kind"":""open"",""open"":""09:00"",""close"":""21:00""},""wed"":{""kind"":""open"",""open"":""09:00"",""close"":""21:00""},""thu"":{""kind"":""open"",""open"":""09:00"",""close"":""23:00""},""fri"":{""kind"":""open"",""open"":""09:00"",""close"":""23:00""},""sat"":{""kind"":""open"",""open"":""09:00"",""close"":""23:00""},""sun"":{""kind"":""open"",""open"":""09:30"",""close"":""16:30""}}",0962 406 6068,,,,,,OPERATIONAL,Coffee shop|Coffee shop,https://www.facebook.com/share/12L79xKDuEp/,true,
ChIJBbCCgaCZqTMRy78ijRts2pU,Simply Brewed - Skyrise 1,"IT Park, I, Cebu City",10.331534,123.9077999,"{""mon"":{""kind"":""all_day""},""tue"":{""kind"":""all_day""},""wed"":{""kind"":""all_day""},""thu"":{""kind"":""all_day""},""fri"":{""kind"":""all_day""},""sat"":{""kind"":""all_day""},""sun"":{""kind"":""all_day""}}",,,,,,,OPERATIONAL,Coffee shop|Coffee shop,,true,
ChIJWfJmCACZqTMR6qfSbySoQME,Simply Brewed - Skyrise 4,"18th, I, Cebu I.T. Park, Barangay Apas, 4, Lahug, Cebu City",10.3299374,123.9059803,,,,,,,,OPERATIONAL,Coffee shop|Coffee shop,,false,missing_hours
ChIJQ0ffAgC5lzMR93tDzlSKINI,Single Origin - Eastwood,"Tower Two, G/F, Eastwood City, One Eastwood Ave, Quezon City",14.608011399999999,121.07974159999999,"{""mon"":{""kind"":""open"",""open"":""07:00"",""close"":""00:00""},""tue"":{""kind"":""open"",""open"":""07:00"",""close"":""00:00""},""wed"":{""kind"":""open"",""open"":""07:00"",""close"":""00:00""},""thu"":{""kind"":""open"",""open"":""07:00"",""close"":""00:00""},""fri"":{""kind"":""open"",""open"":""07:00"",""close"":""00:00""},""sat"":{""kind"":""open"",""open"":""07:00"",""close"":""00:00""},""sun"":{""kind"":""open"",""open"":""07:00"",""close"":""00:00""}}",0906 273 6048,,,,,,OPERATIONAL,Restaurant|Restaurant|Cafe|Coffee shop,http://singleoriginph.com/,true,
ChIJ3zQV08LJlzMRoUlBUIwEO8I,Single Origin - MOA Square,"Seashell Ln, Pasay City",14.532613699999999,120.9821638,"{""mon"":{""kind"":""open"",""open"":""07:00"",""close"":""00:00""},""tue"":{""kind"":""open"",""open"":""07:00"",""close"":""00:00""},""wed"":{""kind"":""open"",""open"":""07:00"",""close"":""00:00""},""thu"":{""kind"":""open"",""open"":""07:00"",""close"":""00:00""},""fri"":{""kind"":""open"",""open"":""07:00"",""close"":""00:00""},""sat"":{""kind"":""open"",""open"":""07:00"",""close"":""00:00""},""sun"":{""kind"":""open"",""open"":""07:00"",""close"":""00:00""}}",0926 615 9507,,,,,,OPERATIONAL,Cafe|Cafe|Coffee shop,https://www.singleoriginph.com/,true,
ChIJD46sgU-5lzMRrfkUh3TKsf8,Skybaked Coffee Kaalinsabay,"2071 Kaalinsabay, Pasig",14.6005557,121.1006913,"{""mon"":{""kind"":""open"",""open"":""10:00"",""close"":""01:30""},""tue"":{""kind"":""open"",""open"":""10:00"",""close"":""01:00""},""wed"":{""kind"":""open"",""open"":""10:00"",""close"":""01:00""},""thu"":{""kind"":""open"",""open"":""10:00"",""close"":""00:00""},""fri"":{""kind"":""all_day""},""sat"":{""kind"":""open"",""open"":""10:00"",""close"":""02:00""},""sun"":{""kind"":""open"",""open"":""10:00"",""close"":""01:00""}}",0936 592 5828,,,,,,OPERATIONAL,Coffee shop|Coffee shop,https://www.facebook.com/skybaked.ph?mibextid=LQQJ4d,true,
ChIJJ5g7bKi3lzMRmQ1WL1jRI3A,Slowpoke Coffee,"83 Scout Fuentebella, Tomas Morato Ave, Diliman, Quezon City",14.632224299999999,121.035136,"{""mon"":{""kind"":""open"",""open"":""10:00"",""close"":""20:00""},""tue"":{""kind"":""open"",""open"":""10:00"",""close"":""20:00""},""wed"":{""kind"":""open"",""open"":""10:00"",""close"":""20:00""},""thu"":{""kind"":""open"",""open"":""10:00"",""close"":""20:00""},""fri"":{""kind"":""open"",""open"":""10:00"",""close"":""20:00""},""sat"":{""kind"":""open"",""open"":""10:00"",""close"":""20:00""},""sun"":{""kind"":""open"",""open"":""08:00"",""close"":""22:00""}}",0954 266 9469,,,,,,OPERATIONAL,Coffee shop|Coffee shop,https://instagram.com/slowpoke.ph,true,
ChIJeUusayRt-TIR-uCt7RnwE7Q,SM Lanang Premier,"J.P. Laurel Ave, Agdao District, Davao City",7.0990116,125.63152269999999,"{""mon"":{""kind"":""open"",""open"":""10:00"",""close"":""21:00""},""tue"":{""kind"":""open"",""open"":""10:00"",""close"":""21:00""},""wed"":{""kind"":""open"",""open"":""10:00"",""close"":""21:00""},""thu"":{""kind"":""open"",""open"":""10:00"",""close"":""21:00""},""fri"":{""kind"":""open"",""open"":""10:00"",""close"":""22:00""},""sat"":{""kind"":""open"",""open"":""10:00"",""close"":""22:00""},""sun"":{""kind"":""open"",""open"":""10:00"",""close"":""21:00""}}",,,,,,,OPERATIONAL,Shopping mall|Shopping mall,https://www.smsupermalls.com/mall-directory/sm-lanang/information/?ref=mall_directory#/,true,
ChIJK6Y5HAAN-TIR2WIOfaHDYc8,Snd Coffee House,"2F6W+RG4, M. Guardian St, Toril, Davao City",7.0120244,125.4963334,"{""mon"":{""kind"":""open"",""open"":""09:00"",""close"":""23:00""},""tue"":{""kind"":""open"",""open"":""09:00"",""close"":""23:00""},""wed"":{""kind"":""open"",""open"":""09:00"",""close"":""23:00""},""thu"":{""kind"":""open"",""open"":""09:00"",""close"":""23:00""},""fri"":{""kind"":""open"",""open"":""09:00"",""close"":""23:00""},""sat"":{""kind"":""open"",""open"":""09:00"",""close"":""23:00""},""sun"":{""kind"":""open"",""open"":""09:00"",""close"":""23:00""}}",0953 495 8928,,,,,,OPERATIONAL,Coffee shop|Coffee shop,,true,
ChIJ_8_k2xaZqTMRRJq9pqNy6aI,Sol Cafe,"F. Gochan St, Cebu City",10.3216582,123.912673,"{""mon"":{""kind"":""all_day""},""tue"":{""kind"":""all_day""},""wed"":{""kind"":""all_day""},""thu"":{""kind"":""all_day""},""fri"":{""kind"":""all_day""},""sat"":{""kind"":""all_day""},""sun"":{""kind"":""all_day""}}",0915 759 1019,available,,,available,,OPERATIONAL,Cafe|Cafe,https://blog.naver.com/native1826/221499530023,true,
ChIJc7J9NEUN-TIRMNYpuYFuPIA,Solace - Coffee Club,"Near St, just before Davao Central College Rasay School, John Hospital, Rasay St, Toril, Davao City",7.0171000999999995,125.50320749999999,"{""mon"":{""kind"":""open"",""open"":""13:00"",""close"":""05:00""},""tue"":{""kind"":""open"",""open"":""13:00"",""close"":""05:00""},""wed"":{""kind"":""open"",""open"":""13:00"",""close"":""05:00""},""thu"":{""kind"":""open"",""open"":""13:00"",""close"":""05:00""},""fri"":{""kind"":""open"",""open"":""13:00"",""close"":""05:00""},""sat"":{""kind"":""open"",""open"":""13:00"",""close"":""05:00""},""sun"":{""kind"":""open"",""open"":""13:00"",""close"":""05:00""}}",0956 150 7353,,,,,,OPERATIONAL,Coffee shop|Coffee shop,,true,
ChIJKY9HTQpz-TIR8iZPRUN5bnw,Solara Coffee & Blooms,"Phase 1, Ecoland Subd, 307 6 A St, Talomo, Davao City",7.0508128,125.59358839999999,"{""mon"":{""kind"":""open"",""open"":""16:00"",""close"":""22:00""},""tue"":{""kind"":""open"",""open"":""16:00"",""close"":""22:00""},""wed"":{""kind"":""open"",""open"":""16:00"",""close"":""22:00""},""thu"":{""kind"":""open"",""open"":""16:00"",""close"":""22:00""},""fri"":{""kind"":""open"",""open"":""15:00"",""close"":""00:00""},""sat"":{""kind"":""open"",""open"":""15:00"",""close"":""00:00""},""sun"":{""kind"":""closed""}}",,,,,,,OPERATIONAL,Coffee shop|Coffee shop,https://www.facebook.com/profile.php?id=61583822115871,true,
ChIJWS8JPCvJlzMREQygxbOzG24,Soul Good Greenfield,"The Hub Greenfield District, Mayflower St, Mandaluyong City",14.5792527,121.05454619999999,"{""mon"":{""kind"":""open"",""open"":""10:00"",""close"":""20:30""},""tue"":{""kind"":""open"",""open"":""10:00"",""close"":""20:30""},""wed"":{""kind"":""open"",""open"":""10:00"",""close"":""20:30""},""thu"":{""kind"":""open"",""open"":""10:00"",""close"":""20:30""},""fri"":{""kind"":""open"",""open"":""10:00"",""close"":""20:30""},""sat"":{""kind"":""open"",""open"":""10:00"",""close"":""20:30""},""sun"":{""kind"":""open"",""open"":""10:00"",""close"":""20:30""}}",0956 943 4133,,,,,,OPERATIONAL,Cafe|Cafe,https://lnk.bio/soulgood.ph,true,
ChIJ3fJmaQDJlzMRNoVpSj1FN8Q,Soul Good Kapitolyo,"57 E Capitol Dr, Pasig",14.5686135,121.0599294,"{""mon"":{""kind"":""open"",""open"":""10:00"",""close"":""22:00""},""tue"":{""kind"":""open"",""open"":""10:00"",""close"":""22:00""},""wed"":{""kind"":""open"",""open"":""10:00"",""close"":""22:00""},""thu"":{""kind"":""open"",""open"":""10:00"",""close"":""22:00""},""fri"":{""kind"":""open"",""open"":""10:00"",""close"":""22:00""},""sat"":{""kind"":""open"",""open"":""10:00"",""close"":""22:00""},""sun"":{""kind"":""open"",""open"":""10:00"",""close"":""22:00""}}",0916 738 4019,,,,,,OPERATIONAL,Cafe|Cafe,https://lnk.bio/soulgood.ph,true,
ChIJ74ykOiK3lzMRUngFXFVqJZs,Sourdough Cafe Tomas Morato,"JSB BLDG, Tomas Morato Ave, Diliman, Quezon City",14.6301148,121.03412349999999,"{""mon"":{""kind"":""open"",""open"":""10:00"",""close"":""00:00""},""tue"":{""kind"":""open"",""open"":""10:00"",""close"":""00:00""},""wed"":{""kind"":""open"",""open"":""10:00"",""close"":""00:00""},""thu"":{""kind"":""open"",""open"":""10:00"",""close"":""00:00""},""fri"":{""kind"":""open"",""open"":""10:00"",""close"":""00:00""},""sat"":{""kind"":""open"",""open"":""08:00"",""close"":""00:00""},""sun"":{""kind"":""open"",""open"":""08:00"",""close"":""22:00""}}",0917 185 9463,,,,,,OPERATIONAL,Restaurant|Restaurant,https://www.facebook.com/sourdoughcafedeli?mibextid=LQQJ4d,true,
ChIJ2WQNyG9z-TIRcib99Wu7-N8,Space-Arabica,"Door 1, Focal Point Building, Eco W Dr, Ecoland, Davao City",7.0483915999999995,125.5868632,"{""mon"":{""kind"":""open"",""open"":""10:30"",""close"":""05:00""},""tue"":{""kind"":""open"",""open"":""10:30"",""close"":""05:00""},""wed"":{""kind"":""open"",""open"":""10:30"",""close"":""05:00""},""thu"":{""kind"":""open"",""open"":""10:30"",""close"":""05:00""},""fri"":{""kind"":""open"",""open"":""10:30"",""close"":""05:00""},""sat"":{""kind"":""open"",""open"":""10:30"",""close"":""05:00""},""sun"":{""kind"":""open"",""open"":""14:30"",""close"":""01:00""}}",0975 310 4689,,,,,,OPERATIONAL,Coffee shop|Coffee shop,,true,
ChIJWWBJDQCZqTMRaW0uOE4A0Jk,Sparrow Cafe Culture,"IT Park V. Padriga St, Cebu City",10.329700599999999,123.90720689999999,"{""mon"":{""kind"":""open"",""open"":""07:30"",""close"":""23:00""},""tue"":{""kind"":""open"",""open"":""07:30"",""close"":""23:00""},""wed"":{""kind"":""open"",""open"":""07:30"",""close"":""23:00""},""thu"":{""kind"":""open"",""open"":""07:30"",""close"":""23:00""},""fri"":{""kind"":""open"",""open"":""07:30"",""close"":""00:00""},""sat"":{""kind"":""open"",""open"":""07:30"",""close"":""00:00""},""sun"":{""kind"":""open"",""open"":""07:30"",""close"":""23:00""}}",0999 229 2433,,,,available,,OPERATIONAL,Cafe|Cafe,,true,
ChIJ3416PwCZqTMRn1ZO2zDLKNo,Starblack Mabolo,"8W86+7M5, L. Tudtud St, Cebu City",10.3156311,123.9117455,,,,,,,,OPERATIONAL,Coffee shop|Coffee shop,,false,missing_hours
ChIJc1nGUqdt-TIRJlQJOqJR8dQ,Starbucks,"109 F. Torres St, Poblacion District, Davao City",7.081416099999999,125.6100311,"{""mon"":{""kind"":""open"",""open"":""06:30"",""close"":""01:00""},""tue"":{""kind"":""open"",""open"":""06:30"",""close"":""01:00""},""wed"":{""kind"":""open"",""open"":""06:30"",""close"":""01:00""},""thu"":{""kind"":""open"",""open"":""06:30"",""close"":""01:00""},""fri"":{""kind"":""open"",""open"":""06:30"",""close"":""01:00""},""sat"":{""kind"":""open"",""open"":""06:30"",""close"":""01:00""},""sun"":{""kind"":""open"",""open"":""06:30"",""close"":""01:00""}}",,,,,,,OPERATIONAL,Coffee shop|Coffee shop,https://www.starbucks.ph/,true,
ChIJq9Asiz6ZqTMRfXN_5KPnlnw,Starbucks,"Level 1, Unit E110, Cebu Business Park, Biliran Rd, Cebu City",10.3193737,123.905265,"{""mon"":{""kind"":""open"",""open"":""07:00"",""close"":""22:30""},""tue"":{""kind"":""open"",""open"":""07:00"",""close"":""22:30""},""wed"":{""kind"":""open"",""open"":""07:00"",""close"":""22:30""},""thu"":{""kind"":""open"",""open"":""07:00"",""close"":""22:30""},""fri"":{""kind"":""open"",""open"":""07:00"",""close"":""23:00""},""sat"":{""kind"":""open"",""open"":""07:00"",""close"":""23:00""},""sun"":{""kind"":""open"",""open"":""07:00"",""close"":""22:30""}}",,,,,available,,OPERATIONAL,Coffee shop|Coffee shop,https://www.starbucks.ph/,true,
ChIJt1DepW2ZqTMRLFIIzOTSXKk,Starbucks,"San Jose Dela Montana corner MJ Cuenco A Cebu City, 07, Cebu City",10.3115557,123.91940059999999,"{""mon"":{""kind"":""open"",""open"":""10:00"",""close"":""21:00""},""tue"":{""kind"":""open"",""open"":""10:00"",""close"":""21:00""},""wed"":{""kind"":""open"",""open"":""10:00"",""close"":""21:00""},""thu"":{""kind"":""open"",""open"":""10:00"",""close"":""21:00""},""fri"":{""kind"":""open"",""open"":""10:00"",""close"":""22:00""},""sat"":{""kind"":""open"",""open"":""10:00"",""close"":""22:00""},""sun"":{""kind"":""open"",""open"":""10:00"",""close"":""21:00""}}",,,,,available,,OPERATIONAL,Coffee shop|Coffee shop,http://www.starbucks.com/,true,
ChIJvStUmSGZqTMRgeyHMROFhIE,Starbucks,"G/F, I2 Point Bldg., Asia Town, Drive, Cebu City",10.3277293,123.9066788,,,,,,available,,OPERATIONAL,Coffee shop|Coffee shop,https://www.starbucks.ph/,false,unsupported_hours
ChIJb3xGJapt-TIRkcGU_JHpOFg,Starbucks - Abreeza Mall,"KM 3 J.P. Laurel Ave, Poblacion District, Davao City",7.0907393999999995,125.6115322,"{""mon"":{""kind"":""open"",""open"":""07:00"",""close"":""23:30""},""tue"":{""kind"":""open"",""open"":""07:00"",""close"":""23:30""},""wed"":{""kind"":""open"",""open"":""07:00"",""close"":""23:30""},""thu"":{""kind"":""open"",""open"":""07:00"",""close"":""23:30""},""fri"":{""kind"":""open"",""open"":""07:00"",""close"":""23:30""},""sat"":{""kind"":""open"",""open"":""07:00"",""close"":""23:30""},""sun"":{""kind"":""open"",""open"":""07:00"",""close"":""23:30""}}",,,,,,,OPERATIONAL,Coffee shop|Coffee shop,https://starbucks.ph/,true,
ChIJQy7nnCGZqTMR4msjFs3d4xk,Starbucks - eBloc 2 Tower Branch,"G/F, eBloc 2 Tower, Cebu IT Park, W Geonzon St, Brgy Apas, Cebu City",10.3307629,123.90538769999999,"{""mon"":{""kind"":""open"",""open"":""07:00"",""close"":""00:00""},""tue"":{""kind"":""open"",""open"":""07:00"",""close"":""00:00""},""wed"":{""kind"":""open"",""open"":""07:00"",""close"":""00:00""},""thu"":{""kind"":""open"",""open"":""07:00"",""close"":""01:00""},""fri"":{""kind"":""open"",""open"":""07:00"",""close"":""01:00""},""sat"":{""kind"":""open"",""open"":""07:00"",""close"":""00:00""},""sun"":{""kind"":""open"",""open"":""07:00"",""close"":""00:00""}}",,,,,available,,OPERATIONAL,Coffee shop|Coffee shop,https://starbucks.ph/,true,
ChIJQ5biUABt-TIRYJtjq9M5MJY,Starbucks - GMall of Davao,"Gaisano Mall of Davao, Bajada, Davao City",7.078574,125.6142194,"{""mon"":{""kind"":""open"",""open"":""08:00"",""close"":""22:00""},""tue"":{""kind"":""open"",""open"":""08:00"",""close"":""22:00""},""wed"":{""kind"":""open"",""open"":""08:00"",""close"":""22:00""},""thu"":{""kind"":""open"",""open"":""08:00"",""close"":""22:00""},""fri"":{""kind"":""open"",""open"":""08:00"",""close"":""22:00""},""sat"":{""kind"":""open"",""open"":""08:00"",""close"":""22:00""},""sun"":{""kind"":""open"",""open"":""08:00"",""close"":""22:00""}}",,,,,,,OPERATIONAL,Coffee shop|Coffee shop,http://starbucks.ph/,true,
ChIJvYo0scRt-TIRFxCn771Pvtc,Starbucks - Matina IT Park,"Matina IT Park, McArthur Highway, Matina, Davao City",7.0617383,125.591476,"{""mon"":{""kind"":""open"",""open"":""07:00"",""close"":""00:00""},""tue"":{""kind"":""open"",""open"":""07:00"",""close"":""00:00""},""wed"":{""kind"":""open"",""open"":""07:00"",""close"":""00:00""},""thu"":{""kind"":""open"",""open"":""07:00"",""close"":""00:00""},""fri"":{""kind"":""open"",""open"":""07:00"",""close"":""00:00""},""sat"":{""kind"":""open"",""open"":""07:00"",""close"":""00:00""},""sun"":{""kind"":""open"",""open"":""09:30"",""close"":""00:00""}}",,,,,,,OPERATIONAL,Coffee shop|Coffee shop,http://www.starbucks.ph/,true,
ChIJRy8Nk5dy-TIRJk9XBmpchtU,Starbucks - SM City Davao,"Ecoland Loc. EA101, G/F, Quimpo Blvd, Tulip Dr, Talomo, Davao City",7.0507219,125.58903149999999,"{""mon"":{""kind"":""open"",""open"":""09:00"",""close"":""00:00""},""tue"":{""kind"":""open"",""open"":""09:00"",""close"":""00:00""},""wed"":{""kind"":""open"",""open"":""09:00"",""close"":""00:00""},""thu"":{""kind"":""open"",""open"":""09:00"",""close"":""00:00""},""fri"":{""kind"":""open"",""open"":""09:00"",""close"":""00:00""},""sat"":{""kind"":""open"",""open"":""09:00"",""close"":""00:00""},""sun"":{""kind"":""open"",""open"":""09:00"",""close"":""00:00""}}",,,,,,,OPERATIONAL,Coffee shop|Coffee shop,http://www.starbucks.ph/,true,
ChIJ56qE3Els-TIR4rct0Tqu3FI,Starbucks - SM Lanang,"SM Lanang Premier, J.P. Laurel Ave, Lanang, Davao City",7.0987494,125.6309299,"{""mon"":{""kind"":""open"",""open"":""10:00"",""close"":""21:00""},""tue"":{""kind"":""open"",""open"":""10:00"",""close"":""21:00""},""wed"":{""kind"":""open"",""open"":""10:00"",""close"":""21:00""},""thu"":{""kind"":""open"",""open"":""10:00"",""close"":""21:00""},""fri"":{""kind"":""open"",""open"":""10:00"",""close"":""22:00""},""sat"":{""kind"":""open"",""open"":""10:00"",""close"":""22:00""},""sun"":{""kind"":""open"",""open"":""10:00"",""close"":""21:00""}}",,,,,,,OPERATIONAL,Coffee shop|Coffee shop,http://www.starbucks.ph/,true,
ChIJ2fVcbABz-TIR-QAj3Mxcv3I,Starbucks - The Annex at SM City Davao,"Van Transit Station, Quimpo Blvd, Talomo, Davao City",7.0494122,125.5865075,"{""mon"":{""kind"":""open"",""open"":""07:00"",""close"":""22:00""},""tue"":{""kind"":""open"",""open"":""07:00"",""close"":""22:00""},""wed"":{""kind"":""open"",""open"":""07:00"",""close"":""22:00""},""thu"":{""kind"":""open"",""open"":""07:00"",""close"":""22:00""},""fri"":{""kind"":""open"",""open"":""07:00"",""close"":""22:00""},""sat"":{""kind"":""open"",""open"":""07:00"",""close"":""22:00""},""sun"":{""kind"":""open"",""open"":""07:00"",""close"":""22:00""}}",,,,,,,OPERATIONAL,Coffee shop|Coffee shop,https://www.starbucks.ph/,true,
ChIJS0qYPwCfqTMRvqXU-D28b7s,Starbucks - TOPS Cebu,"9VCC+J8V, Tops Road, Cebu City",10.3716195,123.87079879999999,,,,,,,,OPERATIONAL,Coffee shop|Coffee shop,,false,missing_hours
ChIJKQLhfwCbqTMRH7xeoms3Yrs,Starbucks 368 Gaisano Capital South,"Leon Kilat Street, corner Colon St, Cebu City",10.2957197,123.8968281,"{""mon"":{""kind"":""open"",""open"":""07:00"",""close"":""21:00""},""tue"":{""kind"":""open"",""open"":""07:00"",""close"":""21:00""},""wed"":{""kind"":""open"",""open"":""07:00"",""close"":""21:00""},""thu"":{""kind"":""open"",""open"":""07:00"",""close"":""21:00""},""fri"":{""kind"":""open"",""open"":""07:00"",""close"":""21:00""},""sat"":{""kind"":""open"",""open"":""07:30"",""close"":""21:00""},""sun"":{""kind"":""open"",""open"":""07:30"",""close"":""21:00""}}",,,,,available,,OPERATIONAL,Coffee shop|Coffee shop,https://www.starbucks.ph/,true,
ChIJabGIkzeZqTMR-HZg0by1-_M,Starbucks Axis Entertainment Drive-Thru,"N Escario St, Cebu City",10.318043999999999,123.8958019,"{""mon"":{""kind"":""open"",""open"":""06:00"",""close"":""02:00""},""tue"":{""kind"":""open"",""open"":""06:00"",""close"":""02:00""},""wed"":{""kind"":""open"",""open"":""06:00"",""close"":""02:00""},""thu"":{""kind"":""open"",""open"":""06:00"",""close"":""02:00""},""fri"":{""kind"":""open"",""open"":""06:00"",""close"":""02:00""},""sat"":{""kind"":""open"",""open"":""06:00"",""close"":""02:00""},""sun"":{""kind"":""open"",""open"":""06:00"",""close"":""02:00""}}",0917 106 7195,,,,available,,OPERATIONAL,Coffee shop|Coffee shop,https://www.starbucks.ph/,true,
ChIJR6nEAT-ZqTMRgOintPoXTgw,Starbucks Ayala Center Annex Level 4,"Ayala Center, Cebu City",10.31754,123.90570559999999,"{""mon"":{""kind"":""open"",""open"":""10:00"",""close"":""21:00""},""tue"":{""kind"":""open"",""open"":""10:00"",""close"":""21:00""},""wed"":{""kind"":""open"",""open"":""10:00"",""close"":""21:00""},""thu"":{""kind"":""open"",""open"":""10:00"",""close"":""21:00""},""fri"":{""kind"":""open"",""open"":""10:00"",""close"":""21:00""},""sat"":{""kind"":""open"",""open"":""10:00"",""close"":""22:00""},""sun"":{""kind"":""open"",""open"":""10:00"",""close"":""22:00""}}",,,,,available,,OPERATIONAL,Coffee shop|Coffee shop,https://www.starbucks.ph/,true,
ChIJmVIbKwBt-TIRWWX7Of255WE,Starbucks Azuela Cove,"4J2W+F79 Azuela High Street, Vicente Hizon Sr, Davao City",7.1011513,125.6457356,"{""mon"":{""kind"":""open"",""open"":""11:00"",""close"":""23:00""},""tue"":{""kind"":""open"",""open"":""11:00"",""close"":""23:00""},""wed"":{""kind"":""open"",""open"":""11:00"",""close"":""23:00""},""thu"":{""kind"":""open"",""open"":""11:00"",""close"":""23:00""},""fri"":{""kind"":""open"",""open"":""11:00"",""close"":""23:00""},""sat"":{""kind"":""open"",""open"":""11:00"",""close"":""23:00""},""sun"":{""kind"":""open"",""open"":""11:00"",""close"":""23:00""}}",,,,,,,OPERATIONAL,Coffee shop|Coffee shop,https://www.facebook.com/StarbucksPhilippines/,true,
ChIJAXqp0vtt-TIRJUGhNpNk6v8,Starbucks Azuela Highstreet Davao,"Km 7, R. Castillo St, corner J.P. Laurel Ave, Lanang, Davao City",7.1020625,125.6452896,"{""mon"":{""kind"":""open"",""open"":""11:00"",""close"":""23:00""},""tue"":{""kind"":""open"",""open"":""11:00"",""close"":""23:00""},""wed"":{""kind"":""open"",""open"":""11:00"",""close"":""23:00""},""thu"":{""kind"":""open"",""open"":""11:00"",""close"":""23:00""},""fri"":{""kind"":""open"",""open"":""11:00"",""close"":""23:00""},""sat"":{""kind"":""open"",""open"":""11:00"",""close"":""23:00""},""sun"":{""kind"":""open"",""open"":""11:00"",""close"":""23:00""}}",,,,,,,OPERATIONAL,Coffee shop|Coffee shop,https://www.starbucks.ph/,true,
ChIJmSLVMACfqTMRy9YuFcyBt70,Starbucks Banawa,"Banawa R. Duterte St, Cebu City",10.309039499999999,123.876374,"{""mon"":{""kind"":""open"",""open"":""07:00"",""close"":""00:30""},""tue"":{""kind"":""open"",""open"":""07:00"",""close"":""00:30""},""wed"":{""kind"":""open"",""open"":""07:00"",""close"":""00:30""},""thu"":{""kind"":""open"",""open"":""07:00"",""close"":""00:30""},""fri"":{""kind"":""open"",""open"":""07:00"",""close"":""00:30""},""sat"":{""kind"":""open"",""open"":""07:00"",""close"":""00:30""},""sun"":{""kind"":""open"",""open"":""07:00"",""close"":""00:30""}}",0968 153 0547,,,,available,,OPERATIONAL,Coffee shop|Coffee shop|Hiking area,https://www.starbucks.ph/,true,
ChIJr3-gcUaZqTMRxuEjRIb0WII,Starbucks BPI Corporate Center,"G/F, BPI Corporate Center, Archbishop Reyes Ave, corner Luzon Ave, Cebu City",10.317235199999999,123.9030841,"{""mon"":{""kind"":""open"",""open"":""06:00"",""close"":""02:00""},""tue"":{""kind"":""open"",""open"":""06:00"",""close"":""02:00""},""wed"":{""kind"":""open"",""open"":""06:00"",""close"":""02:00""},""thu"":{""kind"":""open"",""open"":""06:00"",""close"":""02:00""},""fri"":{""kind"":""open"",""open"":""06:00"",""close"":""02:00""},""sat"":{""kind"":""open"",""open"":""06:00"",""close"":""00:00""},""sun"":{""kind"":""open"",""open"":""06:00"",""close"":""00:00""}}",,,,,available,,OPERATIONAL,Coffee shop|Coffee shop,http://www.starbucks.ph/,true,
ChIJU7GETIht-TIR1g609IJrqmM,Starbucks Damosa IT Park Drive-Thru,"Brgy, Damosa Complex, Mamay Rd, Angliongto Lanang, Davao City",7.103121499999999,125.6329013,"{""mon"":{""kind"":""open"",""open"":""06:00"",""close"":""00:00""},""tue"":{""kind"":""open"",""open"":""06:00"",""close"":""00:00""},""wed"":{""kind"":""open"",""open"":""06:00"",""close"":""00:00""},""thu"":{""kind"":""open"",""open"":""06:00"",""close"":""00:30""},""fri"":{""kind"":""open"",""open"":""06:00"",""close"":""00:30""},""sat"":{""kind"":""open"",""open"":""06:00"",""close"":""00:30""},""sun"":{""kind"":""open"",""open"":""06:00"",""close"":""00:00""}}",,,,,,,OPERATIONAL,Coffee shop|Coffee shop,http://www.starbucks.ph/,true,
ChIJ_adR3gPPlzMRtSBs3WDv5SU,Starbucks Doña Soledad,"F2MQ+83Q Better Living Subdivision, 45 Doña Soledad Ave, Parañaque",14.4836572,121.03755679999999,"{""mon"":{""kind"":""open"",""open"":""06:00"",""close"":""01:00""},""tue"":{""kind"":""open"",""open"":""06:00"",""close"":""01:00""},""wed"":{""kind"":""open"",""open"":""06:00"",""close"":""01:00""},""thu"":{""kind"":""open"",""open"":""06:00"",""close"":""03:00""},""fri"":{""kind"":""open"",""open"":""06:00"",""close"":""03:00""},""sat"":{""kind"":""open"",""open"":""06:00"",""close"":""03:00""},""sun"":{""kind"":""open"",""open"":""06:00"",""close"":""01:00""}}",,,,,,,OPERATIONAL,Coffee shop|Coffee shop,http://www.starbucks.ph/,true,
ChIJv31djR24lzMRCPIjLqyioL0,Starbucks Eastwood City Walk,"G/F, Eastwood Citywalk2, 2nd St, Quezon City",14.609798699999999,121.0814662,"{""mon"":{""kind"":""open"",""open"":""06:00"",""close"":""01:00""},""tue"":{""kind"":""open"",""open"":""06:00"",""close"":""01:00""},""wed"":{""kind"":""open"",""open"":""06:00"",""close"":""01:00""},""thu"":{""kind"":""open"",""open"":""06:00"",""close"":""01:00""},""fri"":{""kind"":""open"",""open"":""06:00"",""close"":""02:00""},""sat"":{""kind"":""open"",""open"":""06:00"",""close"":""02:00""},""sun"":{""kind"":""open"",""open"":""07:00"",""close"":""01:00""}}",,,,,,,OPERATIONAL,Coffee shop|Coffee shop|Restaurant,https://www.starbucks.ph/,true,
ChIJt1ZmPgCdqTMRiZcK2a6A2t0,Starbucks Nustar The Mall,"Nustar Cebu Kawit Island, Cebu City",10.2718484,123.88096669999999,"{""mon"":{""kind"":""open"",""open"":""10:00"",""close"":""22:30""},""tue"":{""kind"":""open"",""open"":""10:00"",""close"":""22:30""},""wed"":{""kind"":""open"",""open"":""10:00"",""close"":""22:30""},""thu"":{""kind"":""open"",""open"":""10:00"",""close"":""22:30""},""fri"":{""kind"":""open"",""open"":""10:00"",""close"":""23:30""},""sat"":{""kind"":""open"",""open"":""10:00"",""close"":""23:30""},""sun"":{""kind"":""open"",""open"":""10:00"",""close"":""23:30""}}",,,,,available,,OPERATIONAL,Coffee shop|Coffee shop,https://www.starbucks.ph/,true,
ChIJN3WH2_uZqTMRw1YvENoc5RA,Starbucks Primeway,"Primeway Plaza, 176 F. Ramos St, Cebu City",10.3089706,123.8948841,"{""mon"":{""kind"":""open"",""open"":""06:00"",""close"":""02:00""},""tue"":{""kind"":""open"",""open"":""06:00"",""close"":""02:00""},""wed"":{""kind"":""open"",""open"":""06:00"",""close"":""02:00""},""thu"":{""kind"":""open"",""open"":""06:00"",""close"":""02:00""},""fri"":{""kind"":""open"",""open"":""06:00"",""close"":""02:00""},""sat"":{""kind"":""open"",""open"":""07:00"",""close"":""00:30""},""sun"":{""kind"":""open"",""open"":""07:00"",""close"":""00:30""}}",0917 153 3847,,,,available,,OPERATIONAL,Coffee shop|Coffee shop,http://starbucks.ph/,true,
ChIJxV_JLnqZqTMR7tCqHeiWTdg,Starbucks Reserve Ayala Central Bloc,"G/F, Ayala malls, Central Bloc, V. Padriga St, Cebu City",10.3302123,123.9069981,"{""mon"":{""kind"":""open"",""open"":""08:00"",""close"":""00:00""},""tue"":{""kind"":""open"",""open"":""08:00"",""close"":""00:00""},""wed"":{""kind"":""open"",""open"":""08:00"",""close"":""00:00""},""thu"":{""kind"":""open"",""open"":""08:00"",""close"":""00:00""},""fri"":{""kind"":""open"",""open"":""08:00"",""close"":""00:00""},""sat"":{""kind"":""open"",""open"":""08:00"",""close"":""00:00""},""sun"":{""kind"":""open"",""open"":""08:00"",""close"":""00:00""}}",,,,,available,,OPERATIONAL,Coffee shop|Coffee shop|Cafe,https://www.starbucks.ph/,true,
ChIJoQi3R1yZqTMRAvPri7GseVk,Starbucks Robinsons Cybergate,"8V6R+8JQ, Cebu City",10.3108451,123.891633,"{""mon"":{""kind"":""open"",""open"":""06:00"",""close"":""23:30""},""tue"":{""kind"":""open"",""open"":""06:00"",""close"":""23:30""},""wed"":{""kind"":""open"",""open"":""06:00"",""close"":""23:30""},""thu"":{""kind"":""open"",""open"":""06:00"",""close"":""23:30""},""fri"":{""kind"":""open"",""open"":""06:00"",""close"":""23:30""},""sat"":{""kind"":""open"",""open"":""06:00"",""close"":""23:30""},""sun"":{""kind"":""open"",""open"":""06:30"",""close"":""23:00""}}",,,,,available,,OPERATIONAL,Coffee shop|Coffee shop,https://www.starbucks.ph/,true,
ChIJH1uqOGaZqTMRjbdyzRnt1yo,Starbucks Robinsons Galleria Cebu,"GF Robinsons Galleria Cebu, General Maxilom Ave Ext, Cebu City",10.3044321,123.91154139999999,"{""mon"":{""kind"":""open"",""open"":""07:00"",""close"":""21:30""},""tue"":{""kind"":""open"",""open"":""07:00"",""close"":""21:30""},""wed"":{""kind"":""open"",""open"":""07:00"",""close"":""21:30""},""thu"":{""kind"":""open"",""open"":""07:00"",""close"":""21:30""},""fri"":{""kind"":""open"",""open"":""07:00"",""close"":""21:30""},""sat"":{""kind"":""open"",""open"":""07:30"",""close"":""21:30""},""sun"":{""kind"":""open"",""open"":""07:30"",""close"":""21:30""}}",,,,,available,,OPERATIONAL,Coffee shop|Coffee shop,https://starbucks.ph/,true,
ChIJu6Dbg3KZqTMR9s_yk7UkufE,Starbucks SM Cebu,"San Jose Dela Montana corner MJ Cuenco A, Upper Ground Floor, Cebu City",10.3105282,123.91877629999999,"{""mon"":{""kind"":""open"",""open"":""08:00"",""close"":""21:30""},""tue"":{""kind"":""open"",""open"":""08:00"",""close"":""21:30""},""wed"":{""kind"":""open"",""open"":""08:00"",""close"":""21:30""},""thu"":{""kind"":""open"",""open"":""08:00"",""close"":""21:30""},""fri"":{""kind"":""open"",""open"":""08:00"",""close"":""21:30""},""sat"":{""kind"":""open"",""open"":""09:00"",""close"":""22:30""},""sun"":{""kind"":""open"",""open"":""09:00"",""close"":""21:30""}}",,,,,available,,OPERATIONAL,Coffee shop|Coffee shop,https://www.starbucks.ph/,true,
ChIJD10tRwCZqTMRdfvZA6H_3yI,Starbucks SM Cebu Northwing,"Mabolo, Cebu City",10.312377999999999,123.9195438,"{""mon"":{""kind"":""open"",""open"":""09:00"",""close"":""21:30""},""tue"":{""kind"":""open"",""open"":""09:00"",""close"":""21:30""},""wed"":{""kind"":""open"",""open"":""09:00"",""close"":""21:30""},""thu"":{""kind"":""open"",""open"":""09:00"",""close"":""21:30""},""fri"":{""kind"":""open"",""open"":""09:00"",""close"":""21:30""},""sat"":{""kind"":""open"",""open"":""09:00"",""close"":""22:30""},""sun"":{""kind"":""open"",""open"":""09:00"",""close"":""22:30""}}",,,,,available,,OPERATIONAL,Coffee shop|Coffee shop,https://www.starbucks.ph/,true,
ChIJNRm5JwBz-TIR9btOrDJI3HQ,Starbucks SM Davao Expansion Wing,"Van Transit Station, Quimpo Blvd, Talomo, Davao City",7.0494417,125.5865989,"{""mon"":{""kind"":""open"",""open"":""07:00"",""close"":""22:00""},""tue"":{""kind"":""open"",""open"":""07:00"",""close"":""22:00""},""wed"":{""kind"":""open"",""open"":""07:00"",""close"":""22:00""},""thu"":{""kind"":""open"",""open"":""07:00"",""close"":""22:00""},""fri"":{""kind"":""open"",""open"":""07:00"",""close"":""22:00""},""sat"":{""kind"":""open"",""open"":""07:00"",""close"":""22:00""},""sun"":{""kind"":""open"",""open"":""07:00"",""close"":""22:00""}}",0917 104 7330,,,,,,OPERATIONAL,Coffee shop|Coffee shop|Cafe|Coffee roastery|Coffee stand|Coffee store|Espresso bar|Restaurant|Sandwich shop|Tea store,https://www.starbucks.ph/,true,
ChIJTfIrZQucqTMR4d2ifDwGmIQ,Starbucks SM Seaside,"SM Seaside City, Cebu South Coastal Rd, Cebu City",10.2815406,123.88128139999999,"{""mon"":{""kind"":""open"",""open"":""09:00"",""close"":""21:30""},""tue"":{""kind"":""open"",""open"":""09:00"",""close"":""21:30""},""wed"":{""kind"":""open"",""open"":""09:00"",""close"":""21:30""},""thu"":{""kind"":""open"",""open"":""09:00"",""close"":""21:30""},""fri"":{""kind"":""open"",""open"":""09:00"",""close"":""22:30""},""sat"":{""kind"":""open"",""open"":""09:00"",""close"":""22:30""},""sun"":{""kind"":""open"",""open"":""09:00"",""close"":""21:30""}}",,,,,available,,OPERATIONAL,Coffee shop|Coffee shop,https://starbucks.ph/,true,
ChIJHwdjObO3lzMRmCBt11sOTV4,Starbucks Tomas Morato,"212 Morato Ave, corner Sct. Dr. Lazcano St, Diliman, Quezon City",14.630424699999999,121.03444239999999,"{""mon"":{""kind"":""open"",""open"":""07:00"",""close"":""04:00""},""tue"":{""kind"":""open"",""open"":""07:00"",""close"":""04:00""},""wed"":{""kind"":""open"",""open"":""07:00"",""close"":""04:00""},""thu"":{""kind"":""open"",""open"":""07:00"",""close"":""00:00""},""fri"":{""kind"":""all_day""},""sat"":{""kind"":""all_day""},""sun"":{""kind"":""open"",""open"":""07:00"",""close"":""04:00""}}",0917 109 3297,,,,,,OPERATIONAL,Coffee shop|Coffee shop|Cafe|Coffee roastery|Coffee stand|Coffee store|Espresso bar|Restaurant|Sandwich shop|Tea store,https://www.starbucks.ph/,true,
ChIJyVF9IsFt-TIRLyOogpQ-Nec,STASH Coffee Co.,"2/F, Corner Iñigo, Porras St, Poblacion District, Davao City",7.0853128,125.6138453,"{""mon"":{""kind"":""open"",""open"":""08:30"",""close"":""21:30""},""tue"":{""kind"":""open"",""open"":""08:30"",""close"":""21:30""},""wed"":{""kind"":""open"",""open"":""08:30"",""close"":""21:30""},""thu"":{""kind"":""open"",""open"":""08:30"",""close"":""21:30""},""fri"":{""kind"":""open"",""open"":""08:30"",""close"":""21:30""},""sat"":{""kind"":""open"",""open"":""08:30"",""close"":""21:30""},""sun"":{""kind"":""open"",""open"":""08:00"",""close"":""20:30""}}",,,,,,,OPERATIONAL,Cafe|Cafe,,true,
ChIJ44e_m9kX-TIRvssulPxm2ig,Steep Coffee,"Purok 2, Baguio District, Calinan-Baguio-Cadalian Rd, Davao City",7.189914099999999,125.430127,"{""mon"":{""kind"":""open"",""open"":""09:00"",""close"":""21:00""},""tue"":{""kind"":""open"",""open"":""09:00"",""close"":""21:00""},""wed"":{""kind"":""open"",""open"":""09:00"",""close"":""21:00""},""thu"":{""kind"":""open"",""open"":""09:00"",""close"":""21:00""},""fri"":{""kind"":""open"",""open"":""09:00"",""close"":""21:00""},""sat"":{""kind"":""open"",""open"":""09:00"",""close"":""21:00""},""sun"":{""kind"":""open"",""open"":""09:00"",""close"":""21:00""}}",0945 133 8067,,,,,,OPERATIONAL,Coffee shop|Coffee shop,,true,
ChIJ8yoBmvHLlzMRbHA1Qicauj4,Still Cafe,"380 Jaboneros St, San Nicolas, Manila",14.5984599,120.9709606,,,,,,,,OPERATIONAL,Coffee shop|Coffee shop,,false,missing_hours
ChIJvyEwFADNlzMR9xuc0lU7Cio,Still Café,"27 F. Ocampo Ave, Las Piñas",14.4503776,120.9835878,"{""mon"":{""kind"":""open"",""open"":""10:00"",""close"":""22:00""},""tue"":{""kind"":""open"",""open"":""10:00"",""close"":""22:00""},""wed"":{""kind"":""open"",""open"":""10:00"",""close"":""22:00""},""thu"":{""kind"":""open"",""open"":""10:00"",""close"":""22:00""},""fri"":{""kind"":""open"",""open"":""10:00"",""close"":""22:00""},""sat"":{""kind"":""open"",""open"":""10:00"",""close"":""22:00""},""sun"":{""kind"":""closed""}}",,,,,,,OPERATIONAL,Coffee shop|Coffee shop,,true,
ChIJlw5plTKZqTMRl6XAgPtXDQ8,Stone & Pebble Cafe,"Center New Wing Capitol Site, 1F Base Line Dr, Cebu City",10.3131417,123.8939221,"{""mon"":{""kind"":""open"",""open"":""08:00"",""close"":""23:00""},""tue"":{""kind"":""open"",""open"":""08:00"",""close"":""23:00""},""wed"":{""kind"":""open"",""open"":""08:00"",""close"":""23:00""},""thu"":{""kind"":""open"",""open"":""08:00"",""close"":""23:00""},""fri"":{""kind"":""open"",""open"":""08:00"",""close"":""23:00""},""sat"":{""kind"":""open"",""open"":""08:00"",""close"":""23:00""},""sun"":{""kind"":""open"",""open"":""08:00"",""close"":""23:00""}}",,available,,,available,,OPERATIONAL,Cafe|Cafe,https://www.snpeats.com/,true,
ChIJe6myLACZqTMRdQZ3wGAVmuU,Sugar Cafe - Mabolo,"1458 L. Tudtud St, Cebu City",10.315416599999999,123.9118362,"{""mon"":{""kind"":""open"",""open"":""09:00"",""close"":""22:00""},""tue"":{""kind"":""open"",""open"":""09:00"",""close"":""22:00""},""wed"":{""kind"":""open"",""open"":""09:00"",""close"":""22:00""},""thu"":{""kind"":""open"",""open"":""09:00"",""close"":""22:00""},""fri"":{""kind"":""open"",""open"":""09:00"",""close"":""22:00""},""sat"":{""kind"":""open"",""open"":""09:00"",""close"":""22:00""},""sun"":{""kind"":""open"",""open"":""09:00"",""close"":""22:00""}}",0925 532 2477,,,,,,OPERATIONAL,Coffee shop|Coffee shop,https://www.facebook.com/profile.php?id=61571491306105&mibextid=ZbWKwL,true,
ChIJuYzlfwDJlzMRF0sgY7lVw8s,Sulok Coffee,"3/F, Salcedo One Center, 170 Salcedo, Makati City",14.5579083,121.01545209999999,"{""mon"":{""kind"":""open"",""open"":""08:00"",""close"":""19:00""},""tue"":{""kind"":""open"",""open"":""08:00"",""close"":""19:00""},""wed"":{""kind"":""open"",""open"":""08:00"",""close"":""19:00""},""thu"":{""kind"":""open"",""open"":""08:00"",""close"":""19:00""},""fri"":{""kind"":""open"",""open"":""08:00"",""close"":""19:00""},""sat"":{""kind"":""open"",""open"":""08:00"",""close"":""19:00""},""sun"":{""kind"":""open"",""open"":""08:00"",""close"":""19:00""}}",0917 814 6449,,,,,,OPERATIONAL,Coffee shop|Coffee shop,,true,
ChIJzTYItV_LlzMRySNS1cnjs2I,Sun Café,"586 Quintin Paredes, Cor Ongpin St, Binondo, Manila",14.599926499999999,120.9748295,"{""mon"":{""kind"":""open"",""open"":""09:00"",""close"":""23:00""},""tue"":{""kind"":""open"",""open"":""09:00"",""close"":""23:00""},""wed"":{""kind"":""open"",""open"":""09:00"",""close"":""23:00""},""thu"":{""kind"":""open"",""open"":""09:00"",""close"":""23:00""},""fri"":{""kind"":""open"",""open"":""09:00"",""close"":""23:00""},""sat"":{""kind"":""open"",""open"":""09:00"",""close"":""23:00""},""sun"":{""kind"":""open"",""open"":""09:00"",""close"":""23:00""}}",0945 166 1777,,,,,,OPERATIONAL,Coffee shop|Coffee shop,,true,
ChIJueICTQDLlzMRkgu5zv74H3M,Sun Cafe Red Planet Binondo,"4th Floor, Red Planet Binondo, Juan Luna St, Binondo, Manila",14.59811,120.97469249999999,,,,,,,,OPERATIONAL,Coffee shop|Coffee shop,,false,missing_hours
ChIJwe9acgDJlzMRpf1b0R31ZE8,Switch Coffee - Pasay City,"66 Don B. Hernandez, Pasay City",14.538445099999999,120.993968,"{""mon"":{""kind"":""open"",""open"":""10:30"",""close"":""18:00""},""tue"":{""kind"":""open"",""open"":""10:30"",""close"":""18:00""},""wed"":{""kind"":""open"",""open"":""10:30"",""close"":""18:00""},""thu"":{""kind"":""open"",""open"":""10:30"",""close"":""18:00""},""fri"":{""kind"":""open"",""open"":""10:30"",""close"":""18:00""},""sat"":{""kind"":""open"",""open"":""10:30"",""close"":""18:00""},""sun"":{""kind"":""closed""}}",,,,,,,OPERATIONAL,Coffee shop|Coffee shop,http://facebook.com/switchcoffeeph,true,
ChIJBwPOLAC3lzMRseww6LxHVrU,"Switch Coffee - Sct Rallos, QC","39 Sct. Torillo, cor Sct. Rallos St, Sacred Heart, Diliman, Quezon City",14.6339279,121.0372651,"{""mon"":{""kind"":""open"",""open"":""10:00"",""close"":""00:00""},""tue"":{""kind"":""open"",""open"":""10:00"",""close"":""00:00""},""wed"":{""kind"":""open"",""open"":""10:00"",""close"":""00:00""},""thu"":{""kind"":""open"",""open"":""10:00"",""close"":""00:00""},""fri"":{""kind"":""open"",""open"":""10:00"",""close"":""02:00""},""sat"":{""kind"":""open"",""open"":""10:00"",""close"":""02:00""},""sun"":{""kind"":""open"",""open"":""10:00"",""close"":""02:00""}}",,,,,,,OPERATIONAL,Coffee shop|Coffee shop,https://www.facebook.com/SwitchCoffeePH,true,
ChIJgVHbxaFt-TIR0h6Wz8uj6hU,T'Brews Cafe,"Bo. Obrero, 553 Lacson St, Obrero, Davao City",7.0870729,125.61451419999999,"{""mon"":{""kind"":""open"",""open"":""12:00"",""close"":""20:00""},""tue"":{""kind"":""closed""},""wed"":{""kind"":""open"",""open"":""12:00"",""close"":""20:00""},""thu"":{""kind"":""open"",""open"":""12:00"",""close"":""20:00""},""fri"":{""kind"":""open"",""open"":""12:00"",""close"":""20:00""},""sat"":{""kind"":""open"",""open"":""12:00"",""close"":""20:00""},""sun"":{""kind"":""open"",""open"":""12:00"",""close"":""20:00""}}",,,,,,,OPERATIONAL,Coffee shop|Coffee shop,,true,
ChIJlyLegZmZqTMRwrn6yuBnJGA,"Ta Kapi - Beans & Brews at The Median, IT Park, Cebu City","GF, The Median Showroom, Calyx Center, W Geonzon St, Cebu City",10.328652499999999,123.90538769999999,"{""mon"":{""kind"":""open"",""open"":""07:00"",""close"":""00:00""},""tue"":{""kind"":""open"",""open"":""07:00"",""close"":""00:00""},""wed"":{""kind"":""open"",""open"":""07:00"",""close"":""00:00""},""thu"":{""kind"":""open"",""open"":""07:00"",""close"":""00:00""},""fri"":{""kind"":""open"",""open"":""07:00"",""close"":""00:00""},""sat"":{""kind"":""open"",""open"":""07:00"",""close"":""18:00""},""sun"":{""kind"":""closed""}}",0962 083 4471,,,,available,,OPERATIONAL,Coffee shop|Coffee shop,,true,
ChIJBbP_cQBt-TIRG9mVl7bUyxQ,TALA Cafe,"Beside ADKM Aircondition Trading, Panorama 13 Tigatto Rd, Buhangin, Davao City",7.1128592,125.6053661,"{""mon"":{""kind"":""closed""},""tue"":{""kind"":""open"",""open"":""11:00"",""close"":""21:00""},""wed"":{""kind"":""open"",""open"":""11:00"",""close"":""21:00""},""thu"":{""kind"":""open"",""open"":""11:00"",""close"":""21:00""},""fri"":{""kind"":""open"",""open"":""11:00"",""close"":""21:00""},""sat"":{""kind"":""open"",""open"":""11:00"",""close"":""21:00""},""sun"":{""kind"":""open"",""open"":""11:00"",""close"":""21:00""}}",,,,,,,OPERATIONAL,Coffee shop|Coffee shop,https://www.tala.cafe/,true,
ChIJDeB1jeaYqTMROY0amR-laso,Tamp Cafe & Co.,"Unit 101, Banilad Town Center, Cebu City",10.340851599999999,123.9121358,"{""mon"":{""kind"":""open"",""open"":""07:30"",""close"":""22:00""},""tue"":{""kind"":""open"",""open"":""07:30"",""close"":""22:00""},""wed"":{""kind"":""open"",""open"":""07:30"",""close"":""22:00""},""thu"":{""kind"":""open"",""open"":""07:30"",""close"":""22:00""},""fri"":{""kind"":""open"",""open"":""07:30"",""close"":""22:00""},""sat"":{""kind"":""open"",""open"":""07:30"",""close"":""22:00""},""sun"":{""kind"":""open"",""open"":""07:30"",""close"":""22:00""}}",0933 811 1211,,,,available,,OPERATIONAL,Restaurant|Restaurant|Breakfast restaurant|Cafe|Cake shop|Coffee shop|Dessert shop|Dinner theater|Lunch restaurant,https://www.tampcafe.com/,true,
ChIJK7SY4ECZqTMRZ04koG8BDXQ,Tamp Cafe & Co. KASAMBAGAN,"12 President Aguinaldo Street, Cebu City",10.3224796,123.9126417,"{""mon"":{""kind"":""open"",""open"":""07:30"",""close"":""22:00""},""tue"":{""kind"":""open"",""open"":""07:30"",""close"":""22:00""},""wed"":{""kind"":""open"",""open"":""07:30"",""close"":""22:00""},""thu"":{""kind"":""open"",""open"":""07:30"",""close"":""22:00""},""fri"":{""kind"":""open"",""open"":""07:30"",""close"":""22:00""},""sat"":{""kind"":""open"",""open"":""07:30"",""close"":""22:00""},""sun"":{""kind"":""open"",""open"":""07:30"",""close"":""22:00""}}",0919 096 5707,available,,,available,,OPERATIONAL,Restaurant|Restaurant|Cafe|Coffee store|Dessert shop,https://www.tampcafe.com/,true,
ChIJTY1xbeWZqTMRTampX_eEU_A,Tamp Cafe & Co. LAHUG,"11 Wilson St, Apas, Cebu City",10.3313463,123.89997609999999,"{""mon"":{""kind"":""open"",""open"":""07:30"",""close"":""22:00""},""tue"":{""kind"":""open"",""open"":""07:30"",""close"":""22:00""},""wed"":{""kind"":""open"",""open"":""07:30"",""close"":""22:00""},""thu"":{""kind"":""open"",""open"":""07:30"",""close"":""22:00""},""fri"":{""kind"":""open"",""open"":""07:30"",""close"":""22:00""},""sat"":{""kind"":""open"",""open"":""07:30"",""close"":""22:00""},""sun"":{""kind"":""open"",""open"":""07:30"",""close"":""22:00""}}",0933 875 1159,,,,available,,OPERATIONAL,Cafe|Cafe,http://www.tampcafe.com/,true,
ChIJJxHLqzefqTMRDfDszPcCAvk,Tamp Cafe & Co. Paseo Banawa,"R. Arcenas St, Cebu City",10.3094345,123.8742972,"{""mon"":{""kind"":""open"",""open"":""07:30"",""close"":""22:00""},""tue"":{""kind"":""open"",""open"":""07:30"",""close"":""22:00""},""wed"":{""kind"":""open"",""open"":""07:30"",""close"":""22:00""},""thu"":{""kind"":""open"",""open"":""07:30"",""close"":""22:00""},""fri"":{""kind"":""open"",""open"":""07:30"",""close"":""22:00""},""sat"":{""kind"":""open"",""open"":""07:30"",""close"":""22:00""},""sun"":{""kind"":""open"",""open"":""07:30"",""close"":""22:00""}}",0928 511 8884,,,,available,,OPERATIONAL,Restaurant|Restaurant,https://www.tampcafe.com/,true,
ChIJmXAc4CbTlzMR2ZwmtIowoOg,Taste Notes Coffee,"149 Gloria Diaz, Las Piñas",14.441678,120.97989729999999,"{""mon"":{""kind"":""open"",""open"":""07:00"",""close"":""21:00""},""tue"":{""kind"":""open"",""open"":""07:00"",""close"":""21:00""},""wed"":{""kind"":""open"",""open"":""07:00"",""close"":""21:00""},""thu"":{""kind"":""open"",""open"":""07:00"",""close"":""21:00""},""fri"":{""kind"":""open"",""open"":""07:00"",""close"":""21:00""},""sat"":{""kind"":""open"",""open"":""07:00"",""close"":""21:00""},""sun"":{""kind"":""open"",""open"":""07:00"",""close"":""21:00""}}",0906 229 4647,,,,,,OPERATIONAL,Coffee shop|Coffee shop,,true,
ChIJO9P0MTvOlzMRqDl6N_C61nU,The Alex Coffee,"F229+585, Aguirre Ave, Parañaque",14.450381499999999,121.01837479999999,"{""mon"":{""kind"":""open"",""open"":""07:30"",""close"":""00:30""},""tue"":{""kind"":""open"",""open"":""07:30"",""close"":""00:30""},""wed"":{""kind"":""open"",""open"":""07:30"",""close"":""00:30""},""thu"":{""kind"":""open"",""open"":""07:30"",""close"":""00:30""},""fri"":{""kind"":""open"",""open"":""07:30"",""close"":""00:30""},""sat"":{""kind"":""open"",""open"":""07:30"",""close"":""00:30""},""sun"":{""kind"":""open"",""open"":""07:30"",""close"":""00:30""}}",,,,,,,OPERATIONAL,Coffee shop|Coffee shop,,true,
ChIJiRECNwDJlzMRPQ5lyyKREJo,The Beach House,"11 C E Capitol Dr, Pasig",14.5718268,121.06085379999999,"{""mon"":{""kind"":""open"",""open"":""09:00"",""close"":""21:00""},""tue"":{""kind"":""open"",""open"":""09:00"",""close"":""21:00""},""wed"":{""kind"":""open"",""open"":""09:00"",""close"":""21:00""},""thu"":{""kind"":""open"",""open"":""09:00"",""close"":""21:00""},""fri"":{""kind"":""open"",""open"":""09:00"",""close"":""21:00""},""sat"":{""kind"":""open"",""open"":""09:00"",""close"":""21:00""},""sun"":{""kind"":""open"",""open"":""09:00"",""close"":""21:00""}}",,,,,,,OPERATIONAL,Coffee shop|Coffee shop,http://instagram.com/thebeachhouseph,true,
ChIJG2QNCF5z-TIRTVgTa9buiHA,The Bloom Coffee & Start-Up Space,"Ecoland Subdivision Basketball Court, Corner Walnut Street &, Ecoland Dr, Talomo, Davao City",7.0501081999999995,125.596419,"{""mon"":{""kind"":""all_day""},""tue"":{""kind"":""all_day""},""wed"":{""kind"":""all_day""},""thu"":{""kind"":""all_day""},""fri"":{""kind"":""all_day""},""sat"":{""kind"":""all_day""},""sun"":{""kind"":""all_day""}}",0908 771 9203,,,,,,OPERATIONAL,Coffee shop|Coffee shop|Coworking space,https://thebloomcoffee.com.ph/,true,
ChIJwY1U-mRz-TIRtnP8ATMeEWY,The Bloom Specialty,"Ground Floor, RL Building, Ecoland Subd, Ecoland Dr, Talomo, Davao City",7.0469212,125.59395529999999,"{""mon"":{""kind"":""open"",""open"":""06:00"",""close"":""00:00""},""tue"":{""kind"":""open"",""open"":""06:00"",""close"":""00:00""},""wed"":{""kind"":""open"",""open"":""06:00"",""close"":""00:00""},""thu"":{""kind"":""open"",""open"":""06:00"",""close"":""00:00""},""fri"":{""kind"":""open"",""open"":""06:00"",""close"":""00:00""},""sat"":{""kind"":""open"",""open"":""06:00"",""close"":""00:00""},""sun"":{""kind"":""open"",""open"":""06:00"",""close"":""00:00""}}",,,,,,,OPERATIONAL,Coffee shop|Coffee shop,https://thebloomcoffee.com.ph/,true,
ChIJXZtjpvG3lzMRBVCJXGNZG78,The Brewman Coffee,"Cubao Expo, 3 General Romulo Ave, Cubao, Quezon City",14.622354,121.0564654,"{""mon"":{""kind"":""closed""},""tue"":{""kind"":""open"",""open"":""10:00"",""close"":""23:00""},""wed"":{""kind"":""open"",""open"":""10:00"",""close"":""23:00""},""thu"":{""kind"":""open"",""open"":""10:00"",""close"":""23:00""},""fri"":{""kind"":""open"",""open"":""10:00"",""close"":""23:00""},""sat"":{""kind"":""open"",""open"":""10:00"",""close"":""23:00""},""sun"":{""kind"":""open"",""open"":""10:00"",""close"":""23:00""}}",,,,,,,OPERATIONAL,Coffee shop|Coffee shop,https://www.instagram.com/thebrewmancoffee/,true,
ChIJn3CvCEZt-TIRERj_I5rUsuo,The Coffee Bar at GMall of Davao,"5th Floor, The Peak, Gaisano Mall of Davao, J.P. Laurel Ave, Bajada, Davao City",7.0780905999999995,125.61370749999999,"{""mon"":{""kind"":""open"",""open"":""10:00"",""close"":""20:00""},""tue"":{""kind"":""open"",""open"":""10:00"",""close"":""20:00""},""wed"":{""kind"":""open"",""open"":""10:00"",""close"":""20:00""},""thu"":{""kind"":""open"",""open"":""10:00"",""close"":""20:00""},""fri"":{""kind"":""open"",""open"":""10:00"",""close"":""21:00""},""sat"":{""kind"":""open"",""open"":""10:00"",""close"":""21:00""},""sun"":{""kind"":""open"",""open"":""10:00"",""close"":""20:00""}}",0998 216 4817,,,,,,OPERATIONAL,Coffee shop|Coffee shop,,true,
ChIJi3vF-gQN-TIR5k9zgDGMPrc,"The Coffee Bar, Gaisano Mall of Toril","2nd Floor, Gaisano Mall National Highway Corner Lim Street Toril 3rd District, Toril, Davao City",7.016657899999999,125.49367919999999,"{""mon"":{""kind"":""open"",""open"":""10:00"",""close"":""20:00""},""tue"":{""kind"":""open"",""open"":""10:00"",""close"":""20:00""},""wed"":{""kind"":""open"",""open"":""10:00"",""close"":""20:00""},""thu"":{""kind"":""open"",""open"":""10:00"",""close"":""20:00""},""fri"":{""kind"":""open"",""open"":""10:00"",""close"":""20:00""},""sat"":{""kind"":""open"",""open"":""10:00"",""close"":""20:00""},""sun"":{""kind"":""open"",""open"":""10:00"",""close"":""20:00""}}",0948 480 2533,,,,,,OPERATIONAL,Coffee shop|Coffee shop,https://www.facebook.com/thecoffeebarofficial,true,
ChIJPVZ8lGmZqTMRc_GRQWzfAxA,The Coffee Bean & Tea Leaf,"Block 11, Garden Row, Abad St, Cebu City",10.328996,123.90632169999999,"{""mon"":{""kind"":""all_day""},""tue"":{""kind"":""all_day""},""wed"":{""kind"":""all_day""},""thu"":{""kind"":""all_day""},""fri"":{""kind"":""all_day""},""sat"":{""kind"":""all_day""},""sun"":{""kind"":""all_day""}}",,,,,available,,OPERATIONAL,Coffee shop|Coffee shop,https://www.coffeebean.com.ph/,true,
ChIJS5H0hMm5lzMRbFGfCMmzESc,The Coffee Bean & Tea Leaf,"1 Building, 1800 Eastwood Ave, Bagumbayan, Quezon City",14.609642,121.07974379999999,"{""mon"":{""kind"":""open"",""open"":""07:00"",""close"":""23:00""},""tue"":{""kind"":""open"",""open"":""07:00"",""close"":""23:00""},""wed"":{""kind"":""open"",""open"":""07:00"",""close"":""23:00""},""thu"":{""kind"":""open"",""open"":""07:00"",""close"":""23:00""},""fri"":{""kind"":""open"",""open"":""07:00"",""close"":""23:00""},""sat"":{""kind"":""open"",""open"":""07:00"",""close"":""23:00""},""sun"":{""kind"":""open"",""open"":""07:00"",""close"":""23:00""}}",,,,,,,OPERATIONAL,Cafe|Cafe,https://www.coffeebean.com.ph/,true,
ChIJoaVsOqpt-TIRxCF7u09S23o,The Coffee Bean & Tea Leaf - Abreeza,"Ground Floor 1109, Abreeza Mall, J.P. Laurel Ave, Poblacion District, Davao City",7.091643599999999,125.6125134,"{""mon"":{""kind"":""open"",""open"":""09:00"",""close"":""22:00""},""tue"":{""kind"":""open"",""open"":""09:00"",""close"":""22:00""},""wed"":{""kind"":""open"",""open"":""09:00"",""close"":""22:00""},""thu"":{""kind"":""open"",""open"":""09:00"",""close"":""22:00""},""fri"":{""kind"":""open"",""open"":""09:00"",""close"":""22:00""},""sat"":{""kind"":""open"",""open"":""09:00"",""close"":""22:00""},""sun"":{""kind"":""open"",""open"":""09:00"",""close"":""22:00""}}",,,,,,,OPERATIONAL,Cafe|Cafe|Coffee shop,http://www.coffeebean.com.ph/,true,
ChIJUddN1kls-TIRaRwi0D8xYFM,The Coffee Bean & Tea Leaf SM Lanang Davao,"SM Lanang Premier, J.P. Laurel Ave, Lanang, Davao City",7.0993492,125.631299,"{""mon"":{""kind"":""open"",""open"":""10:00"",""close"":""22:00""},""tue"":{""kind"":""open"",""open"":""10:00"",""close"":""22:00""},""wed"":{""kind"":""open"",""open"":""10:00"",""close"":""22:00""},""thu"":{""kind"":""open"",""open"":""10:00"",""close"":""22:00""},""fri"":{""kind"":""open"",""open"":""10:00"",""close"":""22:00""},""sat"":{""kind"":""open"",""open"":""10:00"",""close"":""22:00""},""sun"":{""kind"":""open"",""open"":""10:00"",""close"":""22:00""}}",,,,,,,OPERATIONAL,Coffee shop|Coffee shop,http://coffeebean.com.ph/,true,
ChIJ5VOBWgDLlzMRpfP8jrjsAao,The Coffee Bee,"Pedro Gil St, Malate, Manila",14.575799199999999,120.9878511,"{""mon"":{""kind"":""open"",""open"":""06:00"",""close"":""01:00""},""tue"":{""kind"":""open"",""open"":""06:00"",""close"":""01:00""},""wed"":{""kind"":""open"",""open"":""06:00"",""close"":""01:00""},""thu"":{""kind"":""open"",""open"":""06:00"",""close"":""01:00""},""fri"":{""kind"":""open"",""open"":""06:00"",""close"":""01:00""},""sat"":{""kind"":""open"",""open"":""06:00"",""close"":""01:00""},""sun"":{""kind"":""open"",""open"":""06:00"",""close"":""01:00""}}",,,,,,,OPERATIONAL,Coffee shop|Coffee shop,https://www.facebook.com/profile.php?id=61571078574366&mibextid=ZbWKwL,true,
ChIJdRZqFOtt-TIRR_ETEIxEL-o,The Coffee Cove,"SK Complex, J.P. Laurel Ave, Bajada, Davao City",7.093650299999999,125.6131253,"{""mon"":{""kind"":""open"",""open"":""10:00"",""close"":""00:00""},""tue"":{""kind"":""open"",""open"":""10:00"",""close"":""00:00""},""wed"":{""kind"":""open"",""open"":""10:00"",""close"":""00:00""},""thu"":{""kind"":""open"",""open"":""10:00"",""close"":""00:00""},""fri"":{""kind"":""open"",""open"":""10:00"",""close"":""00:00""},""sat"":{""kind"":""open"",""open"":""10:00"",""close"":""00:00""},""sun"":{""kind"":""open"",""open"":""10:00"",""close"":""00:00""}}",,,,,,,OPERATIONAL,Coffee shop|Coffee shop,,true,
ChIJkTPUITPHlzMR6bU5DFUGvWE,The Coffee Series - The Stand,"35 Topaz St., Dona Juana Subd., C.Raymundo Ave Rosario Pasig, Pasig",14.582734199999999,121.0876953,"{""mon"":{""kind"":""open"",""open"":""09:00"",""close"":""22:00""},""tue"":{""kind"":""open"",""open"":""09:00"",""close"":""22:00""},""wed"":{""kind"":""open"",""open"":""09:00"",""close"":""22:00""},""thu"":{""kind"":""open"",""open"":""09:00"",""close"":""22:00""},""fri"":{""kind"":""open"",""open"":""09:00"",""close"":""22:00""},""sat"":{""kind"":""open"",""open"":""09:00"",""close"":""22:00""},""sun"":{""kind"":""open"",""open"":""09:00"",""close"":""22:00""}}",0961 653 1223,,,,,,OPERATIONAL,Coffee shop|Coffee shop,http://thecoffeeseries.carrd.co/,true,
ChIJcWfjf4gW-TIRfWYtsUl0ZOk,The Coffee Spot & Lounge,"5FG8+RWR, Calinan District, Davao City",7.1771134,125.4672643,"{""mon"":{""kind"":""open"",""open"":""10:00"",""close"":""21:00""},""tue"":{""kind"":""open"",""open"":""10:00"",""close"":""21:00""},""wed"":{""kind"":""open"",""open"":""10:00"",""close"":""21:00""},""thu"":{""kind"":""open"",""open"":""10:00"",""close"":""21:00""},""fri"":{""kind"":""open"",""open"":""10:00"",""close"":""21:00""},""sat"":{""kind"":""open"",""open"":""10:00"",""close"":""21:00""},""sun"":{""kind"":""open"",""open"":""10:00"",""close"":""21:00""}}",,,,,,,OPERATIONAL,Coffee shop|Coffee shop|Lounge bar,,true,
ChIJ1ymYzvZt-TIRlbyqCy-EISk,The Crazy Bite Co. Sky Cafe,"Near GH office Depot, Monteverde Building, Roofdeck 6th floor, LHL, corner Sales St, Poblacion District, Davao City",7.0753502,125.6197236,"{""mon"":{""kind"":""all_day""},""tue"":{""kind"":""all_day""},""wed"":{""kind"":""all_day""},""thu"":{""kind"":""all_day""},""fri"":{""kind"":""all_day""},""sat"":{""kind"":""all_day""},""sun"":{""kind"":""all_day""}}",,,,,,,OPERATIONAL,Cafe|Cafe|Breakfast restaurant|Coffee shop|Diner|Hamburger restaurant|Lunch restaurant|Restaurant|Snack bar,https://treats.app/thecrazybiteco,true,
ChIJV8q4GxvKlzMRnjt6wydJKNo,The Den,"HUB Make Lab, First United Building, 413 Escolta St, Binondo, Manila",14.5988397,120.9794994,"{""mon"":{""kind"":""open"",""open"":""10:00"",""close"":""18:00""},""tue"":{""kind"":""open"",""open"":""10:00"",""close"":""18:00""},""wed"":{""kind"":""open"",""open"":""10:00"",""close"":""18:00""},""thu"":{""kind"":""open"",""open"":""10:00"",""close"":""18:00""},""fri"":{""kind"":""open"",""open"":""10:00"",""close"":""19:00""},""sat"":{""kind"":""open"",""open"":""10:00"",""close"":""19:00""},""sun"":{""kind"":""open"",""open"":""10:00"",""close"":""19:00""}}",,,,,,,OPERATIONAL,Cafe|Cafe|Coffee shop|Coffee store,http://www.thedenmanila.com/,true,
ChIJ59RXEcvRlzMREQVyWdrNn7c,The Dirty Work - Molito Alabang,"Molito Lifestyle Center Building 3 Madrigal Avenue, cor Alabang–Zapote Rd, Ayala Alabang, Muntinlupa",14.4254214,121.0273419,"{""mon"":{""kind"":""open"",""open"":""08:00"",""close"":""22:00""},""tue"":{""kind"":""open"",""open"":""08:00"",""close"":""22:00""},""wed"":{""kind"":""open"",""open"":""08:00"",""close"":""22:00""},""thu"":{""kind"":""open"",""open"":""08:00"",""close"":""22:00""},""fri"":{""kind"":""open"",""open"":""08:00"",""close"":""22:00""},""sat"":{""kind"":""open"",""open"":""08:00"",""close"":""23:00""},""sun"":{""kind"":""open"",""open"":""08:00"",""close"":""23:00""}}",0927 596 2186,,,,,,OPERATIONAL,Cafe|Cafe,,true,
ChIJRXCsGTTRlzMRxYg4YBcCWL4,The Fat Seed Cafe + Roastery Molito,"Molito Lifestyle Center Madrigal Avenue, corner Commerce Ave, Ayala Alabang, Muntinlupa",14.4236133,121.0261204,"{""mon"":{""kind"":""open"",""open"":""07:00"",""close"":""22:00""},""tue"":{""kind"":""open"",""open"":""07:00"",""close"":""22:00""},""wed"":{""kind"":""open"",""open"":""07:00"",""close"":""22:00""},""thu"":{""kind"":""open"",""open"":""07:00"",""close"":""22:00""},""fri"":{""kind"":""open"",""open"":""07:00"",""close"":""00:00""},""sat"":{""kind"":""open"",""open"":""07:00"",""close"":""00:00""},""sun"":{""kind"":""open"",""open"":""07:00"",""close"":""23:00""}}",0926 688 0554,,,,,,OPERATIONAL,Restaurant|Restaurant|Breakfast restaurant|Brunch restaurant|Cafe|Coffee machine supplier|Coffee roastery|Coffee shop|Coffee wholesaler|Lunch restaurant|Western restaurant,https://www.fatseed.com.ph/,true,
ChIJoTVFn2O3lzMR8bZt6jn1MTc,The Fat Seed Cafe + Roastery UPTC Quezon City,"G/F, Phase 2, UP Town Center, Diliman, Quezon City",14.6521101,121.075137,"{""mon"":{""kind"":""open"",""open"":""09:00"",""close"":""21:00""},""tue"":{""kind"":""open"",""open"":""09:00"",""close"":""21:00""},""wed"":{""kind"":""open"",""open"":""09:00"",""close"":""21:00""},""thu"":{""kind"":""open"",""open"":""09:00"",""close"":""21:00""},""fri"":{""kind"":""open"",""open"":""09:00"",""close"":""22:00""},""sat"":{""kind"":""open"",""open"":""09:00"",""close"":""22:00""},""sun"":{""kind"":""open"",""open"":""09:00"",""close"":""22:00""}}",,,,,,,OPERATIONAL,Restaurant|Restaurant|Breakfast restaurant|Brunch restaurant|Cafe|Coffee machine supplier|Coffee roastery|Coffee shop|Coffee wholesaler|Lunch restaurant|Western restaurant,https://fatseed.com.ph/,true,
ChIJjd3oBwC5lzMR91E0RhqWOaM,The Matcha Tokyo - Eastwood,"GF, EASTWOOD OPEN PARK, BAGUMBAYAN DISTRICT 3, Eastwood Ave, Quezon City",14.610107,121.0794056,"{""mon"":{""kind"":""open"",""open"":""10:00"",""close"":""00:00""},""tue"":{""kind"":""open"",""open"":""10:00"",""close"":""00:00""},""wed"":{""kind"":""open"",""open"":""10:00"",""close"":""00:00""},""thu"":{""kind"":""open"",""open"":""10:00"",""close"":""00:00""},""fri"":{""kind"":""open"",""open"":""10:00"",""close"":""00:00""},""sat"":{""kind"":""open"",""open"":""10:00"",""close"":""00:00""},""sun"":{""kind"":""open"",""open"":""10:00"",""close"":""00:00""}}",0956 150 7156,,,,,,OPERATIONAL,Cafe|Cafe,https://thematchatokyo-ph.tablevibe.co/,true,
ChIJfY6FSwBz-TIR8-XoeKCQ5CY,The Matcha Tokyo - SM Davao,"Unit E-101 Ground Floor, Expansion Wing, SM City Davao, Ecoland Dr, Talomo, Davao City",7.0489375,125.58695039999999,"{""mon"":{""kind"":""open"",""open"":""10:00"",""close"":""21:00""},""tue"":{""kind"":""open"",""open"":""10:00"",""close"":""21:00""},""wed"":{""kind"":""open"",""open"":""10:00"",""close"":""21:00""},""thu"":{""kind"":""open"",""open"":""10:00"",""close"":""21:00""},""fri"":{""kind"":""open"",""open"":""10:00"",""close"":""22:00""},""sat"":{""kind"":""open"",""open"":""10:00"",""close"":""22:00""},""sun"":{""kind"":""open"",""open"":""10:00"",""close"":""21:00""}}",0956 345 2477,,,,,,OPERATIONAL,Cafe|Cafe,,true,
ChIJdZoa_ee3lzMRLc8FF2ciszw,The Millas Cafe,"48 Imperial, Cubao, Quezon City",14.6255394,121.0521976,"{""mon"":{""kind"":""open"",""open"":""08:00"",""close"":""19:00""},""tue"":{""kind"":""open"",""open"":""08:00"",""close"":""19:00""},""wed"":{""kind"":""open"",""open"":""08:00"",""close"":""23:00""},""thu"":{""kind"":""open"",""open"":""08:00"",""close"":""23:00""},""fri"":{""kind"":""open"",""open"":""08:00"",""close"":""23:00""},""sat"":{""kind"":""open"",""open"":""08:00"",""close"":""23:00""},""sun"":{""kind"":""open"",""open"":""08:00"",""close"":""23:00""}}",,,,,,,OPERATIONAL,Coffee shop|Coffee shop|Cafe,http://www.themillas.com/,true,
ChIJRZRP2p2fqTMR1WoOqNWCWLM,The Neighborhood Cafe,"J. Fortich St, Cebu City",10.3129157,123.88255129999999,"{""mon"":{""kind"":""open"",""open"":""07:30"",""close"":""21:00""},""tue"":{""kind"":""open"",""open"":""07:30"",""close"":""21:00""},""wed"":{""kind"":""open"",""open"":""07:30"",""close"":""21:00""},""thu"":{""kind"":""open"",""open"":""07:30"",""close"":""21:00""},""fri"":{""kind"":""open"",""open"":""07:30"",""close"":""22:00""},""sat"":{""kind"":""open"",""open"":""07:30"",""close"":""22:00""},""sun"":{""kind"":""open"",""open"":""07:30"",""close"":""21:00""}}",0995 912 4949,,,,available,,OPERATIONAL,Cafe|Cafe,https://www.facebook.com/theneighborhoodcafecebu/,true,
ChIJGbAWy3AN-TIR7E6O9fOyi54,The Secret Garden Cafe,"8000 23, 23 Opal St SM Village, Bangkal, Opal St, Talomo, Davao City",7.0595874,125.55998969999999,"{""mon"":{""kind"":""open"",""open"":""14:30"",""close"":""20:30""},""tue"":{""kind"":""open"",""open"":""14:30"",""close"":""20:30""},""wed"":{""kind"":""open"",""open"":""14:30"",""close"":""20:30""},""thu"":{""kind"":""open"",""open"":""14:30"",""close"":""20:30""},""fri"":{""kind"":""open"",""open"":""14:30"",""close"":""20:30""},""sat"":{""kind"":""open"",""open"":""14:30"",""close"":""20:30""},""sun"":{""kind"":""open"",""open"":""14:30"",""close"":""20:30""}}",0906 017 1616,,,,,,OPERATIONAL,Coffee shop|Coffee shop,https://thesecretgardencafe.wordpress.com/,true,
ChIJf8dKLgCZqTMRMPAvWgi9BxI,The Usual Coffee Shop,"North Agora Talamban, Cebu City",10.3714564,123.9175492,"{""mon"":{""kind"":""open"",""open"":""11:00"",""close"":""22:00""},""tue"":{""kind"":""open"",""open"":""11:00"",""close"":""22:00""},""wed"":{""kind"":""open"",""open"":""11:00"",""close"":""22:00""},""thu"":{""kind"":""open"",""open"":""11:00"",""close"":""22:00""},""fri"":{""kind"":""open"",""open"":""11:00"",""close"":""22:00""},""sat"":{""kind"":""open"",""open"":""11:00"",""close"":""22:00""},""sun"":{""kind"":""open"",""open"":""11:00"",""close"":""22:00""}}",,,,,,,OPERATIONAL,Coffee shop|Coffee shop,,true,
ChIJZ8moKs9t-TIRkVZ50tviJJs,The Village Grind.Cafe,"Sta Lucia Chapel, Pag asa St, Davao City",7.091537499999999,125.63599959999999,"{""mon"":{""kind"":""open"",""open"":""17:00"",""close"":""02:00""},""tue"":{""kind"":""open"",""open"":""17:00"",""close"":""02:00""},""wed"":{""kind"":""open"",""open"":""17:00"",""close"":""02:00""},""thu"":{""kind"":""open"",""open"":""17:00"",""close"":""02:00""},""fri"":{""kind"":""open"",""open"":""17:00"",""close"":""02:00""},""sat"":{""kind"":""open"",""open"":""17:00"",""close"":""02:00""},""sun"":{""kind"":""open"",""open"":""17:00"",""close"":""02:00""}}",0945 768 4118,,,,,,OPERATIONAL,Coffee shop|Coffee shop,,true,
ChIJE7UF4Upt-TIRz2XhwfAN6gk,The Yolk Society,"Juna Subdivision, Door 1, Emilio & Martha Building, 121 Camia Street, Matina, Talomo, Davao City",7.0616427999999996,125.5951934,"{""mon"":{""kind"":""open"",""open"":""07:30"",""close"":""22:00""},""tue"":{""kind"":""closed""},""wed"":{""kind"":""open"",""open"":""07:30"",""close"":""22:00""},""thu"":{""kind"":""open"",""open"":""07:30"",""close"":""22:00""},""fri"":{""kind"":""open"",""open"":""07:30"",""close"":""22:00""},""sat"":{""kind"":""open"",""open"":""07:30"",""close"":""22:00""},""sun"":{""kind"":""open"",""open"":""07:30"",""close"":""22:00""}}",,,,,,,OPERATIONAL,Coffee shop|Coffee shop,https://www.facebook.com/theyolksociety,true,
ChIJP2vTJuDJlzMRsxCZFL3bG6k,theVenti Coffee Poblacion,"5059 P Burgos Street, Poblacion Metro Manila, Metro Manila, Makati City, Poblacion Metro Manila, Metro Manila, Makati City, Poblacion, Makati City",14.5651753,121.03122259999999,"{""mon"":{""kind"":""all_day""},""tue"":{""kind"":""all_day""},""wed"":{""kind"":""all_day""},""thu"":{""kind"":""all_day""},""fri"":{""kind"":""all_day""},""sat"":{""kind"":""all_day""},""sun"":{""kind"":""all_day""}}",0924 471 6866,,,,,,OPERATIONAL,Cafe|Cafe|Coffee shop,http://theventi.ph/,true,
ChIJs0_T4qWZqTMRwKTdPd-DpaA,Third Wave Coffee Cebu - Bloq Cafe,"Bloq Residences Lobby Area, Cebu City",10.3032726,123.9016997,,0906 538 3984,available,,,available,,OPERATIONAL,Coffee shop|Coffee shop|Coffee store,,false,missing_hours
ChIJw7JZ3uuZqTMRLx3FGou5jMg,Three Two Brew,"Gov. M. Cuenco Ave, Kasambagan, Cebu City",10.326878299999999,123.90857969999999,"{""mon"":{""kind"":""open"",""open"":""08:00"",""close"":""21:00""},""tue"":{""kind"":""open"",""open"":""08:00"",""close"":""21:00""},""wed"":{""kind"":""open"",""open"":""08:00"",""close"":""21:00""},""thu"":{""kind"":""open"",""open"":""08:00"",""close"":""21:00""},""fri"":{""kind"":""open"",""open"":""07:00"",""close"":""23:00""},""sat"":{""kind"":""open"",""open"":""07:00"",""close"":""23:00""},""sun"":{""kind"":""open"",""open"":""07:00"",""close"":""23:00""}}",,available,,,available,,OPERATIONAL,Coffee shop|Coffee shop,,true,
ChIJefPkt4aZqTMR0UBAHnRYvrU,Tightrope Coffee,"8V4W+WXR, Cebu City",10.3073628,123.8973783,"{""mon"":{""kind"":""open"",""open"":""08:00"",""close"":""20:00""},""tue"":{""kind"":""open"",""open"":""08:00"",""close"":""20:00""},""wed"":{""kind"":""open"",""open"":""08:00"",""close"":""20:00""},""thu"":{""kind"":""open"",""open"":""08:00"",""close"":""20:00""},""fri"":{""kind"":""open"",""open"":""08:00"",""close"":""20:00""},""sat"":{""kind"":""open"",""open"":""08:00"",""close"":""20:00""},""sun"":{""kind"":""open"",""open"":""08:00"",""close"":""20:00""}}",,,,,available,,OPERATIONAL,Coffee shop|Coffee shop,,true,
ChIJK8FWebCZqTMRnFI3sLazYXg,Tightrope Coffee,"M. L. Quezon Avenue, F. Cabahug St, Cebu City",10.322747699999999,123.91303099999999,"{""mon"":{""kind"":""open"",""open"":""09:00"",""close"":""18:00""},""tue"":{""kind"":""open"",""open"":""09:00"",""close"":""18:00""},""wed"":{""kind"":""open"",""open"":""09:00"",""close"":""18:00""},""thu"":{""kind"":""open"",""open"":""09:00"",""close"":""18:00""},""fri"":{""kind"":""open"",""open"":""09:00"",""close"":""18:00""},""sat"":{""kind"":""open"",""open"":""09:00"",""close"":""18:00""},""sun"":{""kind"":""open"",""open"":""09:00"",""close"":""18:00""}}",,,,,available,,OPERATIONAL,Coffee shop|Coffee shop|Cafe,,true,
ChIJh9UarjyZqTMRnXgPFf5oFpk,Tightrope Coffee One Paseo,"One Paseo, Paseo Saturnino, Banilad, Cebu City",10.3434938,123.91159409999999,"{""mon"":{""kind"":""open"",""open"":""07:00"",""close"":""22:00""},""tue"":{""kind"":""open"",""open"":""07:00"",""close"":""22:00""},""wed"":{""kind"":""open"",""open"":""07:00"",""close"":""22:00""},""thu"":{""kind"":""open"",""open"":""07:00"",""close"":""22:00""},""fri"":{""kind"":""open"",""open"":""07:00"",""close"":""22:00""},""sat"":{""kind"":""open"",""open"":""07:00"",""close"":""22:00""},""sun"":{""kind"":""open"",""open"":""07:00"",""close"":""22:00""}}",,,,,available,,OPERATIONAL,Cafe|Cafe,,true,
ChIJHXcOCGPJlzMROjncoutKnn8,Timpla Specialty Coffee,"31 Industria, Pasig",14.5625588,121.0742545,"{""mon"":{""kind"":""open"",""open"":""07:00"",""close"":""21:00""},""tue"":{""kind"":""open"",""open"":""07:00"",""close"":""21:00""},""wed"":{""kind"":""open"",""open"":""07:00"",""close"":""21:00""},""thu"":{""kind"":""open"",""open"":""07:00"",""close"":""21:00""},""fri"":{""kind"":""open"",""open"":""07:00"",""close"":""21:00""},""sat"":{""kind"":""open"",""open"":""07:00"",""close"":""21:00""},""sun"":{""kind"":""open"",""open"":""07:00"",""close"":""21:00""}}",0955 581 8069,,,,,,OPERATIONAL,Coffee shop|Coffee shop|Cafe,,true,
ChIJaWjUVM-3lzMRrvJH9mSkNgU,TIPUN - Specialty Coffee,"Blue Ridge A, 202 Katipunan Ave, Project 4, Quezon City",14.6178957,121.0718813,"{""mon"":{""kind"":""open"",""open"":""08:00"",""close"":""21:00""},""tue"":{""kind"":""open"",""open"":""08:00"",""close"":""21:00""},""wed"":{""kind"":""open"",""open"":""08:00"",""close"":""21:00""},""thu"":{""kind"":""open"",""open"":""08:00"",""close"":""21:00""},""fri"":{""kind"":""open"",""open"":""08:00"",""close"":""21:00""},""sat"":{""kind"":""open"",""open"":""07:00"",""close"":""21:00""},""sun"":{""kind"":""open"",""open"":""07:00"",""close"":""21:00""}}",,,,,,,OPERATIONAL,Coffee shop|Coffee shop,,true,
ChIJq5C0QxfIlzMRve11q9GFhfI,Toby's Estate Coffee Roasters,"G/F, Robinsons Cyberscape Beta, Ruby Rd, Ortigas Center, Pasig",14.5879443,121.06090979999999,"{""mon"":{""kind"":""open"",""open"":""07:00"",""close"":""17:00""},""tue"":{""kind"":""open"",""open"":""07:00"",""close"":""17:00""},""wed"":{""kind"":""open"",""open"":""07:00"",""close"":""17:00""},""thu"":{""kind"":""open"",""open"":""07:00"",""close"":""17:00""},""fri"":{""kind"":""open"",""open"":""07:00"",""close"":""17:00""},""sat"":{""kind"":""open"",""open"":""07:00"",""close"":""17:00""},""sun"":{""kind"":""open"",""open"":""07:00"",""close"":""17:00""}}",,,,,,,OPERATIONAL,Cafe|Cafe|Coffee roastery|Coffee shop|Coffee store|Restaurant,http://tobysestateph.com/,true,
ChIJs7yGYmCZqTMRBgI4wZHH4_k,TOMORO COFFEE - Colon Cebu,"199 Colon St, Cebu City",10.295589099999999,123.89709889999999,"{""mon"":{""kind"":""open"",""open"":""07:30"",""close"":""20:30""},""tue"":{""kind"":""open"",""open"":""07:30"",""close"":""20:30""},""wed"":{""kind"":""open"",""open"":""07:30"",""close"":""20:30""},""thu"":{""kind"":""open"",""open"":""07:30"",""close"":""20:30""},""fri"":{""kind"":""open"",""open"":""07:30"",""close"":""20:30""},""sat"":{""kind"":""open"",""open"":""07:30"",""close"":""20:30""},""sun"":{""kind"":""open"",""open"":""07:30"",""close"":""20:30""}}",0928 780 8743,,,,,,OPERATIONAL,Coffee shop|Coffee shop,,true,
ChIJX-0bUX_JlzMRt9Nx6BxMVNE,TOMORO COFFEE - Padilla Building Ortigas,"GF, Padilla Building, Ortigas Center, Pasig",14.587451399999999,121.06148789999999,"{""mon"":{""kind"":""open"",""open"":""06:00"",""close"":""00:00""},""tue"":{""kind"":""open"",""open"":""06:00"",""close"":""00:00""},""wed"":{""kind"":""open"",""open"":""06:00"",""close"":""00:00""},""thu"":{""kind"":""open"",""open"":""06:00"",""close"":""00:00""},""fri"":{""kind"":""open"",""open"":""06:00"",""close"":""00:00""},""sat"":{""kind"":""open"",""open"":""06:00"",""close"":""00:00""},""sun"":{""kind"":""open"",""open"":""06:00"",""close"":""00:00""}}",0954 304 5456,,,,,,OPERATIONAL,Coffee shop|Coffee shop,,true,
ChIJJQ77dACZqTMRO0Fu8eurPgE,TOMORO COFFEE- Elizabeth Mall Cebu,"Elizabeth Mall, Sanciangko St, Cebu City",10.2979608,123.8953638,"{""mon"":{""kind"":""open"",""open"":""09:00"",""close"":""21:00""},""tue"":{""kind"":""open"",""open"":""09:00"",""close"":""21:00""},""wed"":{""kind"":""open"",""open"":""09:00"",""close"":""21:00""},""thu"":{""kind"":""open"",""open"":""09:00"",""close"":""21:00""},""fri"":{""kind"":""open"",""open"":""09:00"",""close"":""21:00""},""sat"":{""kind"":""open"",""open"":""09:00"",""close"":""21:00""},""sun"":{""kind"":""open"",""open"":""09:00"",""close"":""21:00""}}",0955 277 2334,,,,available,,OPERATIONAL,Coffee shop|Coffee shop,,true,
ChIJk9q9egAN-TIRCNOJfTxxYyE,Top Spatula,"De Guzman St, Toril, Davao City",7.0162885,125.4989619,"{""mon"":{""kind"":""open"",""open"":""07:00"",""close"":""02:00""},""tue"":{""kind"":""open"",""open"":""07:00"",""close"":""02:00""},""wed"":{""kind"":""open"",""open"":""07:00"",""close"":""02:00""},""thu"":{""kind"":""open"",""open"":""07:00"",""close"":""02:00""},""fri"":{""kind"":""open"",""open"":""07:00"",""close"":""02:00""},""sat"":{""kind"":""open"",""open"":""07:00"",""close"":""02:00""},""sun"":{""kind"":""open"",""open"":""07:00"",""close"":""02:00""}}",0945 698 6501,,,,,,OPERATIONAL,Coffee shop|Coffee shop,http://top-spatula.vercel.app/,true,
ChIJDaiUan_JlzMRJ-Kk5VmMWM0,TREEHOUSE Bar & Art Café,"5966 Fermina St, cor Alfonso, Poblacion, Makati City",14.563028399999999,121.03207719999999,"{""mon"":{""kind"":""open"",""open"":""10:00"",""close"":""02:00""},""tue"":{""kind"":""open"",""open"":""10:00"",""close"":""02:00""},""wed"":{""kind"":""open"",""open"":""10:00"",""close"":""02:00""},""thu"":{""kind"":""open"",""open"":""10:00"",""close"":""02:00""},""fri"":{""kind"":""open"",""open"":""10:00"",""close"":""02:00""},""sat"":{""kind"":""open"",""open"":""10:00"",""close"":""02:00""},""sun"":{""kind"":""open"",""open"":""10:00"",""close"":""02:00""}}",0968 644 9731,,,,,,OPERATIONAL,Art cafe|Art cafe|Art supply store|Bar|Brunch restaurant|Cafe|Italian restaurant|Lunch restaurant|Restaurant|Snack bar|Wine bar,http://tree-house.ph/,true,
ChIJ8yWC-dG3lzMRDeN22XD5K30,Trovare,"90 Sct. Fernandez St, Diliman, Quezon City",14.6326181,121.0352958,"{""mon"":{""kind"":""open"",""open"":""10:00"",""close"":""23:00""},""tue"":{""kind"":""open"",""open"":""10:00"",""close"":""23:00""},""wed"":{""kind"":""open"",""open"":""10:00"",""close"":""23:00""},""thu"":{""kind"":""open"",""open"":""10:00"",""close"":""23:00""},""fri"":{""kind"":""open"",""open"":""10:00"",""close"":""00:00""},""sat"":{""kind"":""open"",""open"":""10:00"",""close"":""00:00""},""sun"":{""kind"":""open"",""open"":""10:00"",""close"":""23:00""}}",,,,,,,OPERATIONAL,Coffee shop|Coffee shop,http://trovare.one/,true,
ChIJidUejgW5lzMRh2fbeAg4Iew,Turning Tides,"10 G. Fernando, cor Guerilla, Marikina",14.636489,121.10181089999999,"{""mon"":{""kind"":""open"",""open"":""07:00"",""close"":""03:00""},""tue"":{""kind"":""open"",""open"":""07:00"",""close"":""03:00""},""wed"":{""kind"":""open"",""open"":""07:00"",""close"":""03:00""},""thu"":{""kind"":""open"",""open"":""07:00"",""close"":""03:00""},""fri"":{""kind"":""open"",""open"":""07:00"",""close"":""03:00""},""sat"":{""kind"":""open"",""open"":""07:00"",""close"":""03:00""},""sun"":{""kind"":""open"",""open"":""07:00"",""close"":""03:00""}}",0921 459 7608,,,,,,OPERATIONAL,Restaurant|Restaurant|Bar|Coffee shop|Gastropub,,true,
ChIJb9qo1wBz-TIRS0QBUOVxaJM,Twelve Coffee Davao - Ecoland,"Phase 2, Unit 3, R8 Bldg, Ecoland, 226 Eagle St, Talomo, Davao City",7.053376999999999,125.60070409999999,"{""mon"":{""kind"":""open"",""open"":""10:00"",""close"":""22:00""},""tue"":{""kind"":""open"",""open"":""10:00"",""close"":""22:00""},""wed"":{""kind"":""open"",""open"":""10:00"",""close"":""22:00""},""thu"":{""kind"":""open"",""open"":""10:00"",""close"":""22:00""},""fri"":{""kind"":""open"",""open"":""10:00"",""close"":""00:00""},""sat"":{""kind"":""open"",""open"":""10:00"",""close"":""00:00""},""sun"":{""kind"":""open"",""open"":""13:00"",""close"":""21:00""}}",0999 880 3166,,,,,,OPERATIONAL,Coffee shop|Coffee shop,,true,
ChIJR31kSH-3lzMRfwgbBE-PlNg,Tyler's Cafe,"319 Katipunan Ave, Quezon City",14.6395583,121.0742611,"{""mon"":{""kind"":""open"",""open"":""07:00"",""close"":""21:00""},""tue"":{""kind"":""open"",""open"":""07:00"",""close"":""21:00""},""wed"":{""kind"":""open"",""open"":""07:00"",""close"":""21:00""},""thu"":{""kind"":""open"",""open"":""07:00"",""close"":""21:00""},""fri"":{""kind"":""open"",""open"":""07:00"",""close"":""21:00""},""sat"":{""kind"":""open"",""open"":""07:00"",""close"":""21:00""},""sun"":{""kind"":""open"",""open"":""07:00"",""close"":""21:00""}}",0927 337 8417,,,,,,OPERATIONAL,Restaurant|Restaurant,https://tylerscafe.com/,true,
ChIJLTxhhNPJlzMRdvOzN1d2dcI,Type A - NBS Park,"NBS Park, Pioneer St, Highway Hills, Mandaluyong City",14.5721676,121.0532616,"{""mon"":{""kind"":""open"",""open"":""08:00"",""close"":""18:00""},""tue"":{""kind"":""open"",""open"":""08:00"",""close"":""18:00""},""wed"":{""kind"":""open"",""open"":""08:00"",""close"":""18:00""},""thu"":{""kind"":""open"",""open"":""08:00"",""close"":""18:00""},""fri"":{""kind"":""open"",""open"":""08:00"",""close"":""18:00""},""sat"":{""kind"":""open"",""open"":""08:00"",""close"":""18:00""},""sun"":{""kind"":""open"",""open"":""08:00"",""close"":""18:00""}}",0917 639 7246,,,,,,OPERATIONAL,Coffee shop|Coffee shop|Coffee store,https://www.type-a.xyz/,true,
ChIJhTO3F3bLlzMRu0DoiXDauJ4,U ME KAPE - RECTO,"1985 Recto Ave, Sampaloc, Manila",14.6020474,120.9878186,"{""mon"":{""kind"":""all_day""},""tue"":{""kind"":""all_day""},""wed"":{""kind"":""all_day""},""thu"":{""kind"":""all_day""},""fri"":{""kind"":""all_day""},""sat"":{""kind"":""all_day""},""sun"":{""kind"":""all_day""}}",0954 345 6688,,,,,,OPERATIONAL,Coffee shop|Coffee shop,https://www.facebook.com/profile.php?id=61574422136197,true,
ChIJveAtOr3JlzMRS9UXpXTJf2I,U ME KAPE - TAFT,"G/F, Manor Building, 2635-E Taft Ave, Malate, Manila",14.5618213,120.9952162,"{""mon"":{""kind"":""all_day""},""tue"":{""kind"":""all_day""},""wed"":{""kind"":""all_day""},""thu"":{""kind"":""all_day""},""fri"":{""kind"":""all_day""},""sat"":{""kind"":""all_day""},""sun"":{""kind"":""all_day""}}",0954 345 6688,,,,,,OPERATIONAL,Coffee shop|Coffee shop,https://www.instagram.com/umekape?igsh=MTRmaXJvY3Q1cnBi&utm_source=qr,true,
ChIJa2xlbAC3lzMRp1CgaQ13HFg,Ubra de Kapi,"2nd floor, 78 Main Ave, Socorro, Cubao, Quezon City",14.6161405,121.0599136,"{""mon"":{""kind"":""open"",""open"":""10:00"",""close"":""22:30""},""tue"":{""kind"":""open"",""open"":""10:00"",""close"":""22:30""},""wed"":{""kind"":""open"",""open"":""10:00"",""close"":""22:30""},""thu"":{""kind"":""open"",""open"":""10:00"",""close"":""22:30""},""fri"":{""kind"":""open"",""open"":""10:00"",""close"":""22:30""},""sat"":{""kind"":""open"",""open"":""10:00"",""close"":""22:30""},""sun"":{""kind"":""closed""}}",,,,,,,OPERATIONAL,Coffee shop|Coffee shop,https://ubradekapi.com/,true,
ChIJbUsS-i6ZqTMRGBYb-IGkaqI,UCC Clockwork Bonifacio Cebu,"Bonifacio District, 341 F. Cabahug St, Mandaue",10.3261003,123.9174,"{""mon"":{""kind"":""open"",""open"":""07:00"",""close"":""23:00""},""tue"":{""kind"":""open"",""open"":""07:00"",""close"":""23:00""},""wed"":{""kind"":""open"",""open"":""07:00"",""close"":""23:00""},""thu"":{""kind"":""open"",""open"":""08:00"",""close"":""23:00""},""fri"":{""kind"":""open"",""open"":""07:00"",""close"":""23:00""},""sat"":{""kind"":""open"",""open"":""07:00"",""close"":""23:00""},""sun"":{""kind"":""open"",""open"":""07:00"",""close"":""23:00""}}",,,,,available,,OPERATIONAL,Coffee shop|Coffee shop,,true,
ChIJuY6ogx24lzMRejXjESHKNeo,UCC Park Cafe Eastwood,"Tower 2, Eastwood City, One Eastwood Ave, Quezon City",14.608293399999999,121.0801127,"{""mon"":{""kind"":""open"",""open"":""07:00"",""close"":""00:00""},""tue"":{""kind"":""open"",""open"":""07:00"",""close"":""00:00""},""wed"":{""kind"":""open"",""open"":""07:00"",""close"":""00:00""},""thu"":{""kind"":""open"",""open"":""07:00"",""close"":""00:00""},""fri"":{""kind"":""open"",""open"":""07:00"",""close"":""01:00""},""sat"":{""kind"":""open"",""open"":""07:00"",""close"":""01:00""},""sun"":{""kind"":""open"",""open"":""07:00"",""close"":""00:00""}}",0976 476 1275,,,,,,OPERATIONAL,Coffee shop|Coffee shop,http://www.facebook.com/ucccafeph,true,
ChIJTXyKJgCZqTMREgGe9HO6DnQ,Uncle Brew (Colon Branch),"Gaisano Main, Vicente Gullas St, Cebu City",10.2975522,123.90183909999999,,,,,,,,OPERATIONAL,Coffee shop|Coffee shop,,false,missing_hours
ChIJkZoSbwCfqTMRfqzXd2iBst4,Uncle Brew Prime Guadalupe,"490-2 Cor. V. Rama Ave, J Labra St, Cebu City",10.3294491,123.8809352,"{""mon"":{""kind"":""all_day""},""tue"":{""kind"":""all_day""},""wed"":{""kind"":""all_day""},""thu"":{""kind"":""all_day""},""fri"":{""kind"":""all_day""},""sat"":{""kind"":""all_day""},""sun"":{""kind"":""open"",""open"":""00:00"",""close"":""23:49""}}",0916 544 9004,,,,available,,OPERATIONAL,Coffee shop|Coffee shop,https://www.facebook.com/unclebrewprimeguadalupe,true,
ChIJZcDTBD-ZqTMR9WvIKBUefAE,Unity Coffee • Vinyl,"8V8V+37W, Don Jose Avila St, Cebu City",10.3152425,123.89321319999999,"{""mon"":{""kind"":""open"",""open"":""07:00"",""close"":""23:00""},""tue"":{""kind"":""open"",""open"":""07:00"",""close"":""23:00""},""wed"":{""kind"":""open"",""open"":""07:00"",""close"":""23:00""},""thu"":{""kind"":""open"",""open"":""07:00"",""close"":""23:00""},""fri"":{""kind"":""open"",""open"":""07:00"",""close"":""23:00""},""sat"":{""kind"":""open"",""open"":""07:00"",""close"":""23:00""},""sun"":{""kind"":""open"",""open"":""07:00"",""close"":""23:00""}}",0985 762 1542,available,,,available,,OPERATIONAL,Coffee shop|Coffee shop,,true,
ChIJVR9kopPRlzMRG3ezlL2ocuw,UNLIKELY Coffee and Cocktails,"B 36 L 25 Vatican City Dr, Las Piñas",14.427722399999999,120.9880953,"{""mon"":{""kind"":""open"",""open"":""07:00"",""close"":""23:00""},""tue"":{""kind"":""open"",""open"":""07:00"",""close"":""23:00""},""wed"":{""kind"":""open"",""open"":""07:00"",""close"":""23:00""},""thu"":{""kind"":""open"",""open"":""07:00"",""close"":""23:00""},""fri"":{""kind"":""open"",""open"":""07:00"",""close"":""01:00""},""sat"":{""kind"":""open"",""open"":""07:00"",""close"":""01:00""},""sun"":{""kind"":""open"",""open"":""07:00"",""close"":""00:00""}}",0917 193 7711,,,,,,OPERATIONAL,Cafe|Cafe,https://www.facebook.com/unlikely.ph/,true,
ChIJR2BUZpqYqTMRzuvb9ddIF0Y,"Vamos Cafe at 1073-13 Kalubihan (Sitio Tago), Talamban Cebu City 6000","Kalubihan Road, Cebu City",10.363558,123.9159806,"{""mon"":{""kind"":""closed""},""tue"":{""kind"":""open"",""open"":""09:00"",""close"":""21:00""},""wed"":{""kind"":""open"",""open"":""09:00"",""close"":""21:00""},""thu"":{""kind"":""open"",""open"":""09:00"",""close"":""21:00""},""fri"":{""kind"":""open"",""open"":""09:00"",""close"":""21:00""},""sat"":{""kind"":""open"",""open"":""09:00"",""close"":""21:00""},""sun"":{""kind"":""open"",""open"":""09:00"",""close"":""21:00""}}",,,,,,,OPERATIONAL,Shopping mall|Shopping mall|Coffee shop|Snack bar|Tea store,https://www.facebook.com/vamoscoffeedrips,true,
ChIJyQ7xIUkN-TIRI0jdzeZsvSA,Vanitea Cafe,"11 Rasay St, Toril, Davao City",7.0187238999999995,125.49987619999999,"{""mon"":{""kind"":""open"",""open"":""10:00"",""close"":""03:00""},""tue"":{""kind"":""open"",""open"":""10:00"",""close"":""03:00""},""wed"":{""kind"":""open"",""open"":""10:00"",""close"":""03:00""},""thu"":{""kind"":""open"",""open"":""10:00"",""close"":""03:00""},""fri"":{""kind"":""open"",""open"":""10:00"",""close"":""03:00""},""sat"":{""kind"":""open"",""open"":""10:00"",""close"":""03:00""},""sun"":{""kind"":""open"",""open"":""10:00"",""close"":""03:00""}}",0969 113 2074,,,,,,OPERATIONAL,Cafe|Cafe,,true,
ChIJBxyy_ZuYqTMRHc-wRbO3G2Q,Ven’s Cafe,"9W87+VG7, Cebu City",10.367160799999999,123.9138079,"{""mon"":{""kind"":""open"",""open"":""06:00"",""close"":""22:00""},""tue"":{""kind"":""open"",""open"":""08:00"",""close"":""22:00""},""wed"":{""kind"":""open"",""open"":""08:00"",""close"":""22:00""},""thu"":{""kind"":""open"",""open"":""08:00"",""close"":""22:00""},""fri"":{""kind"":""open"",""open"":""08:00"",""close"":""22:00""},""sat"":{""kind"":""open"",""open"":""08:00"",""close"":""22:00""},""sun"":{""kind"":""open"",""open"":""06:00"",""close"":""22:00""}}",,,,,,,OPERATIONAL,Cafe|Cafe,https://www.google.com.ph/amp/s/www.zomato.com/cebu/vens-cafe-talamban%3Famp=1,true,
ChIJb2OlHYoX-TIRFUwKmFcJ3dc,Verdeli Garden & Cafe,"Purok 3B Brgy, Calinan, Baguio District, Davao City",7.1917661,125.44027109999999,"{""mon"":{""kind"":""open"",""open"":""10:00"",""close"":""19:00""},""tue"":{""kind"":""open"",""open"":""10:00"",""close"":""19:00""},""wed"":{""kind"":""open"",""open"":""10:00"",""close"":""19:00""},""thu"":{""kind"":""open"",""open"":""10:00"",""close"":""19:00""},""fri"":{""kind"":""open"",""open"":""10:00"",""close"":""19:00""},""sat"":{""kind"":""open"",""open"":""08:00"",""close"":""21:00""},""sun"":{""kind"":""open"",""open"":""08:00"",""close"":""21:00""}}",0969 625 1600,,,,,,OPERATIONAL,Restaurant|Restaurant|Farm,https://bit.ly/m/verdeli,true,
ChIJUeHQ6RexlzMR28GrZRLPN44,Vibe / Bean Cafe,"1 Everlasting St, corner Zapote Rd, Caloocan",14.751562499999999,121.05381249999999,"{""mon"":{""kind"":""open"",""open"":""08:00"",""close"":""22:30""},""tue"":{""kind"":""open"",""open"":""08:00"",""close"":""22:30""},""wed"":{""kind"":""open"",""open"":""08:00"",""close"":""22:30""},""thu"":{""kind"":""open"",""open"":""08:00"",""close"":""22:30""},""fri"":{""kind"":""open"",""open"":""08:00"",""close"":""00:30""},""sat"":{""kind"":""open"",""open"":""08:00"",""close"":""00:30""},""sun"":{""kind"":""open"",""open"":""08:00"",""close"":""00:30""}}",0919 430 0142,,,,,,OPERATIONAL,Cafe|Cafe,,true,
ChIJhQw5APi5lzMRT0EkNeVepl8,VITA BELLA COFFEE AND BUBBLE TEA SHOP - CONCEPCION UNO MARIKINA CITY,"9 H. Bautista St, Concepcion Uno, Marikina",14.653030399999999,121.1036532,"{""mon"":{""kind"":""open"",""open"":""10:00"",""close"":""21:00""},""tue"":{""kind"":""open"",""open"":""10:00"",""close"":""21:00""},""wed"":{""kind"":""open"",""open"":""10:00"",""close"":""21:00""},""thu"":{""kind"":""open"",""open"":""10:00"",""close"":""21:00""},""fri"":{""kind"":""open"",""open"":""10:00"",""close"":""21:00""},""sat"":{""kind"":""open"",""open"":""10:00"",""close"":""21:00""},""sun"":{""kind"":""open"",""open"":""10:00"",""close"":""21:00""}}",0929 475 4867,,,,,,OPERATIONAL,Coffee shop|Coffee shop,,true,
ChIJgwV_ZUXPlzMRo3bY39dekU4,Wake and Make Coffee,"Phase 1, Metro Manila, 129-D2 Armstrong Ave, Moonwalk, Parañaque",14.500279299999999,121.0152392,"{""mon"":{""kind"":""open"",""open"":""07:00"",""close"":""22:00""},""tue"":{""kind"":""open"",""open"":""07:00"",""close"":""22:00""},""wed"":{""kind"":""open"",""open"":""07:00"",""close"":""22:00""},""thu"":{""kind"":""open"",""open"":""07:00"",""close"":""22:00""},""fri"":{""kind"":""open"",""open"":""07:00"",""close"":""22:00""},""sat"":{""kind"":""open"",""open"":""07:00"",""close"":""22:00""},""sun"":{""kind"":""open"",""open"":""07:00"",""close"":""22:00""}}",0960 887 5825,,,,,,OPERATIONAL,Coffee shop|Coffee shop,https://www.facebook.com/wakeandmakecoffeeph,true,
ChIJm1nHZjVt-TIRUGw4c2CYJqU,Wakeful Coffee - Obrero,"Obrero Suites Bldg, Teodoro Palma Gil St, Poblacion District, Davao City",7.0840638,125.6171258,"{""mon"":{""kind"":""open"",""open"":""08:00"",""close"":""00:00""},""tue"":{""kind"":""open"",""open"":""08:00"",""close"":""00:00""},""wed"":{""kind"":""open"",""open"":""08:00"",""close"":""00:00""},""thu"":{""kind"":""open"",""open"":""08:00"",""close"":""00:00""},""fri"":{""kind"":""open"",""open"":""08:00"",""close"":""00:00""},""sat"":{""kind"":""open"",""open"":""11:00"",""close"":""23:00""},""sun"":{""kind"":""open"",""open"":""11:00"",""close"":""23:00""}}",0977 012 5454,,,,,,OPERATIONAL,Coffee shop|Coffee shop,https://web.facebook.com/WakefulCoffee/,true,
ChIJhXNZPwDRlzMRpxdmvLVbNWs,We The People Coffee & Tea Co.,"Unit 109 Ground Floor, Admiralty Bldg, Industry St, Ayala Alabang, Muntinlupa",14.426088799999999,121.02659159999999,"{""mon"":{""kind"":""open"",""open"":""07:00"",""close"":""19:00""},""tue"":{""kind"":""open"",""open"":""07:00"",""close"":""19:00""},""wed"":{""kind"":""open"",""open"":""07:00"",""close"":""19:00""},""thu"":{""kind"":""open"",""open"":""07:00"",""close"":""21:00""},""fri"":{""kind"":""open"",""open"":""07:00"",""close"":""21:00""},""sat"":{""kind"":""open"",""open"":""07:00"",""close"":""21:00""},""sun"":{""kind"":""open"",""open"":""07:00"",""close"":""19:00""}}",0985 364 3708,,,,,,OPERATIONAL,Coffee roastery|Coffee roastery|Cafe|Coffee shop,http://wtpcoffee.com/,true,
ChIJxcX20YvJlzMRGH2swooleIE,Weekday Coffee BGC,"GSC Corporate Tower, Triangle Dr, Taguig",14.5596506,121.0571111,"{""mon"":{""kind"":""open"",""open"":""09:00"",""close"":""21:00""},""tue"":{""kind"":""open"",""open"":""09:00"",""close"":""21:00""},""wed"":{""kind"":""open"",""open"":""09:00"",""close"":""21:00""},""thu"":{""kind"":""open"",""open"":""09:00"",""close"":""21:00""},""fri"":{""kind"":""open"",""open"":""09:00"",""close"":""21:00""},""sat"":{""kind"":""open"",""open"":""09:00"",""close"":""18:00""},""sun"":{""kind"":""open"",""open"":""09:00"",""close"":""18:00""}}",0928 520 4112,,,,,,OPERATIONAL,Coffee shop|Coffee shop,https://www.instagram.com/weekdaycoffeeph/?hl=en,true,
ChIJAYchIc3JlzMRku58iQvPL0A,Weekday Coffee Ortigas,"125, Grand Emerald Tower, F. Ortigas Jr. Rd, Ortigas Center, Pasig",14.588096199999999,121.06151,"{""mon"":{""kind"":""open"",""open"":""07:00"",""close"":""18:00""},""tue"":{""kind"":""open"",""open"":""07:00"",""close"":""20:00""},""wed"":{""kind"":""open"",""open"":""07:00"",""close"":""20:00""},""thu"":{""kind"":""open"",""open"":""07:00"",""close"":""20:00""},""fri"":{""kind"":""open"",""open"":""07:00"",""close"":""20:00""},""sat"":{""kind"":""open"",""open"":""07:00"",""close"":""18:00""},""sun"":{""kind"":""open"",""open"":""07:00"",""close"":""18:00""}}",0928 520 4112,,,,,,OPERATIONAL,Coffee shop|Coffee shop,https://www.instagram.com/weekdaycoffeeph,true,
ChIJxWjMBgC3lzMRlkgJXNXQBrY,What About Coffee? (WACO) Katipunan,"149 B. Gonzales, Quezon City",14.642066199999999,121.0737922,"{""mon"":{""kind"":""open"",""open"":""07:00"",""close"":""22:00""},""tue"":{""kind"":""open"",""open"":""07:00"",""close"":""22:00""},""wed"":{""kind"":""open"",""open"":""07:00"",""close"":""22:00""},""thu"":{""kind"":""open"",""open"":""07:00"",""close"":""22:00""},""fri"":{""kind"":""open"",""open"":""07:00"",""close"":""23:00""},""sat"":{""kind"":""open"",""open"":""07:00"",""close"":""23:00""},""sun"":{""kind"":""open"",""open"":""07:00"",""close"":""22:00""}}",0962 810 0883,,,,,,OPERATIONAL,Cafe|Cafe|Coffee shop,,true,
ChIJKw2xcQBz-TIRPyT-r8tS9qQ,Whisk Davao Matcha,"2nd Floor, Juna the compound, Tulip Dr, Talomo, Davao City",7.056044399999999,125.58879119999999,"{""mon"":{""kind"":""open"",""open"":""09:00"",""close"":""23:00""},""tue"":{""kind"":""open"",""open"":""09:00"",""close"":""23:00""},""wed"":{""kind"":""open"",""open"":""09:00"",""close"":""23:00""},""thu"":{""kind"":""open"",""open"":""09:00"",""close"":""23:00""},""fri"":{""kind"":""open"",""open"":""09:00"",""close"":""23:00""},""sat"":{""kind"":""open"",""open"":""09:00"",""close"":""23:00""},""sun"":{""kind"":""open"",""open"":""07:00"",""close"":""22:00""}}",0909 391 1461,,,,,,OPERATIONAL,Coffee shop|Coffee shop,,true,
ChIJ8Vg-uyi3lzMR4X6ddnineSk,Wicked Coffee,"69a Bignay, Quezon City",14.6318934,121.0586486,"{""mon"":{""kind"":""open"",""open"":""08:30"",""close"":""19:00""},""tue"":{""kind"":""open"",""open"":""08:30"",""close"":""19:00""},""wed"":{""kind"":""open"",""open"":""08:30"",""close"":""19:00""},""thu"":{""kind"":""open"",""open"":""08:30"",""close"":""19:00""},""fri"":{""kind"":""open"",""open"":""08:30"",""close"":""19:00""},""sat"":{""kind"":""open"",""open"":""08:30"",""close"":""19:00""},""sun"":{""kind"":""open"",""open"":""08:30"",""close"":""19:00""}}",,,,,,,OPERATIONAL,Coffee shop|Coffee shop,https://wickedcoffee.cococart.co/,true,
ChIJ5xFQNADJlzMR7xGRA501850,Windy Ridge Coffee,"2202 Taft Ave, Malate, Manila",14.5684454,120.9925244,"{""mon"":{""kind"":""open"",""open"":""06:00"",""close"":""22:00""},""tue"":{""kind"":""open"",""open"":""06:00"",""close"":""22:00""},""wed"":{""kind"":""open"",""open"":""06:00"",""close"":""22:00""},""thu"":{""kind"":""open"",""open"":""06:00"",""close"":""22:00""},""fri"":{""kind"":""open"",""open"":""06:00"",""close"":""22:00""},""sat"":{""kind"":""open"",""open"":""06:00"",""close"":""22:00""},""sun"":{""kind"":""closed""}}",,,,,,,OPERATIONAL,Coffee shop|Coffee shop,,true,
ChIJUcqBRKgT-TIRMlM7Y3M6I7M,Wood and Coffee Davao,"Upper Dampa, Magtuod, Talomo, Davao City",7.1168309,125.56484359999999,"{""mon"":{""kind"":""open"",""open"":""09:00"",""close"":""23:00""},""tue"":{""kind"":""open"",""open"":""09:00"",""close"":""23:00""},""wed"":{""kind"":""open"",""open"":""09:00"",""close"":""23:00""},""thu"":{""kind"":""open"",""open"":""09:00"",""close"":""23:00""},""fri"":{""kind"":""open"",""open"":""09:00"",""close"":""23:00""},""sat"":{""kind"":""open"",""open"":""08:00"",""close"":""23:00""},""sun"":{""kind"":""open"",""open"":""08:00"",""close"":""23:00""}}",,,,,,,OPERATIONAL,Coffee shop|Coffee shop,,true,
ChIJNSsZNADJlzMRawmYJPsw6ts,Yardstick Coffee | The Corner House,"P Guevarra, cor Recto, San Juan City",14.596236699999999,121.03830409999999,"{""mon"":{""kind"":""open"",""open"":""08:00"",""close"":""22:00""},""tue"":{""kind"":""open"",""open"":""08:00"",""close"":""22:00""},""wed"":{""kind"":""open"",""open"":""08:00"",""close"":""22:00""},""thu"":{""kind"":""open"",""open"":""08:00"",""close"":""22:00""},""fri"":{""kind"":""open"",""open"":""08:00"",""close"":""22:00""},""sat"":{""kind"":""open"",""open"":""08:00"",""close"":""22:00""},""sun"":{""kind"":""open"",""open"":""08:00"",""close"":""22:00""}}",0908 145 8643,,,,,,OPERATIONAL,Coffee shop|Coffee shop,https://store.yardstickcoffee.com/,true,
ChIJmzg4ZACZqTMRJXBY1uiOoSA,Your Daily Go Cafe,"Banilad Rd, Cebu City",10.326853999999999,123.9088745,"{""mon"":{""kind"":""open"",""open"":""08:00"",""close"":""22:00""},""tue"":{""kind"":""open"",""open"":""08:00"",""close"":""22:00""},""wed"":{""kind"":""open"",""open"":""08:00"",""close"":""22:00""},""thu"":{""kind"":""open"",""open"":""08:00"",""close"":""22:00""},""fri"":{""kind"":""open"",""open"":""08:00"",""close"":""22:00""},""sat"":{""kind"":""open"",""open"":""08:00"",""close"":""22:00""},""sun"":{""kind"":""open"",""open"":""08:00"",""close"":""22:00""}}",,,,,available,,OPERATIONAL,Coffee shop|Coffee shop,https://www.instagram.com/yourdailygo?igsh=cTZwa3hkNW5kdTgx&utm_source=qr,true,
ChIJh4PSE5dz-TIRnhwpA93cbYg,Yucca Bakery + Cafe - SM City Davao,"Expansion Wing, 2L Ecoland Dr, Talomo, Davao City",7.050125899999999,125.58665909999999,"{""mon"":{""kind"":""open"",""open"":""10:00"",""close"":""21:00""},""tue"":{""kind"":""open"",""open"":""10:00"",""close"":""21:00""},""wed"":{""kind"":""open"",""open"":""10:00"",""close"":""21:00""},""thu"":{""kind"":""open"",""open"":""10:00"",""close"":""21:00""},""fri"":{""kind"":""open"",""open"":""10:00"",""close"":""22:00""},""sat"":{""kind"":""open"",""open"":""10:00"",""close"":""22:00""},""sun"":{""kind"":""open"",""open"":""10:00"",""close"":""22:00""}}",0995 127 4317,,,,,,OPERATIONAL,Cafe|Cafe|Bakery,,true,
ChIJZz1sFgBt-TIRGKNIAhyQj_0,Zagu,"2nd Floor, SM Lanang Davao, J.P. Laurel Ave, Davao City",7.098967999999999,125.63190589999999,"{""mon"":{""kind"":""open"",""open"":""10:00"",""close"":""21:00""},""tue"":{""kind"":""open"",""open"":""10:00"",""close"":""21:00""},""wed"":{""kind"":""open"",""open"":""10:00"",""close"":""21:00""},""thu"":{""kind"":""open"",""open"":""10:00"",""close"":""21:00""},""fri"":{""kind"":""open"",""open"":""10:00"",""close"":""22:00""},""sat"":{""kind"":""open"",""open"":""10:00"",""close"":""22:00""},""sun"":{""kind"":""open"",""open"":""10:00"",""close"":""21:00""}}",,,,,,,OPERATIONAL,Coffee shop|Coffee shop,,true,
ChIJ95viNaSZqTMRGAp0qNVO9Ts,Zero-x Cafe,"757 V Rama Ave, Cebu City",10.3144954,123.88578559999999,"{""mon"":{""kind"":""open"",""open"":""08:30"",""close"":""22:00""},""tue"":{""kind"":""open"",""open"":""08:30"",""close"":""22:00""},""wed"":{""kind"":""open"",""open"":""08:30"",""close"":""22:00""},""thu"":{""kind"":""open"",""open"":""08:30"",""close"":""22:00""},""fri"":{""kind"":""open"",""open"":""08:30"",""close"":""22:00""},""sat"":{""kind"":""open"",""open"":""08:30"",""close"":""22:00""},""sun"":{""kind"":""open"",""open"":""08:30"",""close"":""22:00""}}",,,,,available,,OPERATIONAL,Coffee shop|Coffee shop,,true,
ChIJfeBkMACZqTMRoqzFyJpd1MI,Zus Coffee,"8WJ4+7JV, W Geonzon St, Cebu City",10.3307247,123.9067171,"{""mon"":{""kind"":""open"",""open"":""10:00"",""close"":""21:00""},""tue"":{""kind"":""open"",""open"":""10:00"",""close"":""21:00""},""wed"":{""kind"":""open"",""open"":""10:00"",""close"":""21:00""},""thu"":{""kind"":""open"",""open"":""10:00"",""close"":""21:00""},""fri"":{""kind"":""open"",""open"":""10:00"",""close"":""22:00""},""sat"":{""kind"":""open"",""open"":""10:00"",""close"":""22:00""},""sun"":{""kind"":""open"",""open"":""10:00"",""close"":""21:00""}}",,,,,available,,OPERATIONAL,Coffee shop|Coffee shop,,true,
ChIJZy5tExyZqTMRtGo0zvesycM,ZUS Coffee - Ayala Center Cebu,"Level 1, Stall M113, Ayala Center Cebu, Cebu Business Park, Archbishop Reyes Avenue, cor Cardinal Rosales Ave, Cebu City",10.3177757,123.9049519,"{""mon"":{""kind"":""open"",""open"":""10:00"",""close"":""21:00""},""tue"":{""kind"":""open"",""open"":""10:00"",""close"":""21:00""},""wed"":{""kind"":""open"",""open"":""10:00"",""close"":""21:00""},""thu"":{""kind"":""open"",""open"":""10:00"",""close"":""21:00""},""fri"":{""kind"":""open"",""open"":""10:00"",""close"":""21:00""},""sat"":{""kind"":""open"",""open"":""10:00"",""close"":""21:00""},""sun"":{""kind"":""open"",""open"":""10:00"",""close"":""21:00""}}",0927 170 0238,,,,,,OPERATIONAL,Cafe|Cafe,https://zuscoffee.com/,true,
ChIJ4cHmksm5lzMRxnsWSy05yJc,"ZUS Coffee - Le Grand Tower 2, Eastwood City","LG2-3 Eastwood, Le Grand 2, Palm Tree Ave, Bagumbayan, Quezon City",14.6076169,121.08173959999999,"{""mon"":{""kind"":""open"",""open"":""07:00"",""close"":""00:00""},""tue"":{""kind"":""open"",""open"":""07:00"",""close"":""00:00""},""wed"":{""kind"":""open"",""open"":""07:00"",""close"":""00:00""},""thu"":{""kind"":""open"",""open"":""07:00"",""close"":""00:00""},""fri"":{""kind"":""open"",""open"":""07:00"",""close"":""00:00""},""sat"":{""kind"":""open"",""open"":""07:00"",""close"":""22:00""},""sun"":{""kind"":""open"",""open"":""07:00"",""close"":""22:00""}}",0977 061 8018,,,,,,OPERATIONAL,Coffee store|Coffee store|Coffee shop,https://zuscoffee.ph/,true,
ChIJAR00kiqZqTMR_faMXDfxhio,ZUS Coffee - Robinsons Fuente,"Ground Floor, Level 1 00012, Sta. Cruz, Robinsons Fuente, Fuente Osmeña Cir, Cebu City",10.309535799999999,123.89395719999999,"{""mon"":{""kind"":""open"",""open"":""10:00"",""close"":""21:00""},""tue"":{""kind"":""open"",""open"":""10:00"",""close"":""21:00""},""wed"":{""kind"":""open"",""open"":""10:00"",""close"":""21:00""},""thu"":{""kind"":""open"",""open"":""10:00"",""close"":""21:00""},""fri"":{""kind"":""open"",""open"":""10:00"",""close"":""22:00""},""sat"":{""kind"":""open"",""open"":""10:00"",""close"":""22:00""},""sun"":{""kind"":""open"",""open"":""10:00"",""close"":""22:00""}}",,,,,available,,OPERATIONAL,Cafe|Cafe,https://zuscoffee.com/,true,
ChIJbSksAEiZqTMRhum27woc7bs,ZUS Coffee - Robinsons Galleria Cebu,"Level 3, Unit 3038-3039, Robinsons Galleria Cebu, Gen. Maxilom Avenue Extension, Sergio Osmeña Jr Blvd, Cebu City",10.304267,123.91119959999999,"{""mon"":{""kind"":""open"",""open"":""10:00"",""close"":""21:00""},""tue"":{""kind"":""open"",""open"":""10:00"",""close"":""21:00""},""wed"":{""kind"":""open"",""open"":""10:00"",""close"":""21:00""},""thu"":{""kind"":""open"",""open"":""10:00"",""close"":""21:00""},""fri"":{""kind"":""open"",""open"":""10:00"",""close"":""21:00""},""sat"":{""kind"":""open"",""open"":""10:00"",""close"":""21:00""},""sun"":{""kind"":""open"",""open"":""10:00"",""close"":""21:00""}}",,,,,available,,OPERATIONAL,Cafe|Cafe,https://zuscoffee.com/,true,
ChIJjY3p_jmZqTMRCbkEQ9_VVHM,ZUS Coffee - SM City Cebu,"2nd Floor, Unit B256-B257, SM City Cebu, Juan Luna Avenue cor. Cabahug and Kaoshiung Streets, North Reclamation Area, Cebu City",10.3121194,123.91965409999999,"{""mon"":{""kind"":""open"",""open"":""10:00"",""close"":""20:40""},""tue"":{""kind"":""open"",""open"":""10:00"",""close"":""20:40""},""wed"":{""kind"":""open"",""open"":""10:00"",""close"":""20:40""},""thu"":{""kind"":""open"",""open"":""10:00"",""close"":""20:40""},""fri"":{""kind"":""open"",""open"":""10:00"",""close"":""21:40""},""sat"":{""kind"":""open"",""open"":""10:00"",""close"":""21:40""},""sun"":{""kind"":""open"",""open"":""10:00"",""close"":""21:40""}}",0954 230 3038,,,,available,,OPERATIONAL,Cafe|Cafe,https://zuscoffee.com/,true,
ChIJ8XT-MwBz-TIR8BSX0cPRl70,ZUS Coffee - SM City Davao,"2F, SM City Davao, Quimpo Blvd cor. Tulip and, Ecoland Dr, Road, Davao City",7.0505431,125.58806449999999,"{""mon"":{""kind"":""open"",""open"":""10:00"",""close"":""21:00""},""tue"":{""kind"":""open"",""open"":""10:00"",""close"":""21:00""},""wed"":{""kind"":""open"",""open"":""10:00"",""close"":""21:00""},""thu"":{""kind"":""open"",""open"":""10:00"",""close"":""21:00""},""fri"":{""kind"":""open"",""open"":""10:00"",""close"":""22:00""},""sat"":{""kind"":""open"",""open"":""10:00"",""close"":""22:00""},""sun"":{""kind"":""open"",""open"":""10:00"",""close"":""21:00""}}",,,,,,,OPERATIONAL,Cafe|Cafe,https://zuscoffee.ph/,true,
ChIJNd-FtWCdqTMRtJH6gj9rKwQ,ZUS Coffee - SM Seaside City Cebu,"Third Floor, Unit 3045-3046, SM Seaside City Cebu, Cebu South Coastal Rd, Antuwanga",10.2819928,123.88242,"{""mon"":{""kind"":""open"",""open"":""10:00"",""close"":""21:00""},""tue"":{""kind"":""open"",""open"":""10:00"",""close"":""21:00""},""wed"":{""kind"":""open"",""open"":""10:00"",""close"":""21:00""},""thu"":{""kind"":""open"",""open"":""10:00"",""close"":""21:00""},""fri"":{""kind"":""open"",""open"":""10:00"",""close"":""21:00""},""sat"":{""kind"":""open"",""open"":""10:00"",""close"":""21:00""},""sun"":{""kind"":""open"",""open"":""10:00"",""close"":""21:00""}}",,,,,available,,OPERATIONAL,Cafe|Cafe,https://zuscoffee.com/,true,
