google_place_id,name,address,latitude,longitude,hours_json,contact_number,wifi,outlets,accepts_qr,accepts_card,accepts_cash,business_status,types,website,import_ready,skip_reason
ChIJWSA0TgBr-TIRh9dxebd5lB4,19TH DOSE CAFE,"THE PRESTIGE SUBDIVISION, BLK 69 LOT 1 Calla Lily St, Buhangin, Davao City",7.145732,125.60308529999999,,,,,,,,OPERATIONAL,Coffee shop|Coffee shop,,false,missing_hours
ChIJe9RUWE9t-TIRp9k3g4iJKIg,6th Republic Cafe and Restaurant,"6 Juna Ave, Juna Subdivision, Davao City",7.0609497999999995,125.59328459999999,"{""mon"":{""kind"":""open"",""open"":""10:00"",""close"":""21:00""},""tue"":{""kind"":""open"",""open"":""10:00"",""close"":""21:00""},""wed"":{""kind"":""open"",""open"":""10:00"",""close"":""21:00""},""thu"":{""kind"":""open"",""open"":""10:00"",""close"":""21:00""},""fri"":{""kind"":""open"",""open"":""10:00"",""close"":""21:00""},""sat"":{""kind"":""open"",""open"":""10:00"",""close"":""21:00""},""sun"":{""kind"":""open"",""open"":""10:00"",""close"":""21:00""}}",0917 129 8475,,,,,,OPERATIONAL,Restaurant|Restaurant|Cafe|Chinese restaurant|Coffee shop|Western restaurant,https://www.facebook.com/6threpublicph,true,
ChIJo4WXLwAX-TIRGom_DMvTvys,Almar’s,"Durian Village, 12280, Purok 19 De Lara St, Calinan District, Davao City",7.1863566,125.4612755,"{""mon"":{""kind"":""closed""},""tue"":{""kind"":""open"",""open"":""19:00"",""close"":""03:00""},""wed"":{""kind"":""open"",""open"":""19:00"",""close"":""03:00""},""thu"":{""kind"":""open"",""open"":""19:00"",""close"":""03:00""},""fri"":{""kind"":""open"",""open"":""19:00"",""close"":""03:00""},""sat"":{""kind"":""open"",""open"":""05:00"",""close"":""03:00""},""sun"":{""kind"":""open"",""open"":""17:00"",""close"":""03:00""}}",0977 289 1461,,,,,,OPERATIONAL,Cafe|Cafe,,true,
ChIJSSl4cwBt-TIR3s9hYFVb84Q,Amaii Cafe,"F, Bo. Obrero 2, 18-B, 222 Door F, Iñigo St, Poblacion District, Davao City",7.085065999999999,125.6138409,"{""mon"":{""kind"":""closed""},""tue"":{""kind"":""open"",""open"":""12:00"",""close"":""20:00""},""wed"":{""kind"":""open"",""open"":""12:00"",""close"":""19:00""},""thu"":{""kind"":""open"",""open"":""12:00"",""close"":""20:00""},""fri"":{""kind"":""open"",""open"":""12:00"",""close"":""20:00""},""sat"":{""kind"":""closed""},""sun"":{""kind"":""closed""}}",0917 174 3666,,,,,,OPERATIONAL,Coffee shop|Coffee shop,https://www.instagram.com/amaii.cafe?igsh=MW9xM2h1MzBicjlrZA%3D%3D&utm_source=qr,true,
ChIJXY4DXQAX-TIRYPnrt5RMCFI,Antensity Brew,"P28, Sagrada Familia Village, Calinan, Davao City",7.188662399999999,125.4554441,,,,,,,,OPERATIONAL,Coffee shop|Coffee shop,,false,missing_hours
ChIJ181AOyFt-TIRODOiAlD7pGc,Apo Cafe,"Mabini St, Aurora Quezon St, Poblacion District, Davao City",7.066753299999999,125.61461399999999,"{""mon"":{""kind"":""open"",""open"":""08:00"",""close"":""02:00""},""tue"":{""kind"":""open"",""open"":""08:00"",""close"":""02:00""},""wed"":{""kind"":""open"",""open"":""08:00"",""close"":""02:00""},""thu"":{""kind"":""open"",""open"":""08:00"",""close"":""02:00""},""fri"":{""kind"":""open"",""open"":""08:00"",""close"":""02:00""},""sat"":{""kind"":""open"",""open"":""08:00"",""close"":""02:00""},""sun"":{""kind"":""open"",""open"":""08:00"",""close"":""02:00""}}",,,,,,,OPERATIONAL,Coffee shop|Coffee shop|Restaurant,,true,
ChIJD07FFYxt-TIRRnF48ELf2yI,AtCurbside,"Paseo Uno Bldg, Ruby St, Poblacion District, Davao City",7.0816021,125.602054,"{""mon"":{""kind"":""open"",""open"":""07:00"",""close"":""20:00""},""tue"":{""kind"":""open"",""open"":""07:00"",""close"":""20:00""},""wed"":{""kind"":""open"",""open"":""07:00"",""close"":""20:00""},""thu"":{""kind"":""open"",""open"":""07:00"",""close"":""20:00""},""fri"":{""kind"":""open"",""open"":""07:00"",""close"":""20:00""},""sat"":{""kind"":""open"",""open"":""07:00"",""close"":""20:00""},""sun"":{""kind"":""open"",""open"":""08:00"",""close"":""20:00""}}",,,,,,,OPERATIONAL,Coffee shop|Coffee shop,http://www.atcurbside.com/,true,
ChIJpwZ1o-Bt-TIRotmtOCyH7II,AtCurbside North - Bajada,"Brgy Wildredo Aquino, Plainview Drive, J.P. Laurel Ave, Davao City",7.0965587999999995,125.62451539999999,"{""mon"":{""kind"":""open"",""open"":""07:00"",""close"":""20:00""},""tue"":{""kind"":""open"",""open"":""07:00"",""close"":""20:00""},""wed"":{""kind"":""open"",""open"":""07:00"",""close"":""20:00""},""thu"":{""kind"":""open"",""open"":""07:00"",""close"":""20:00""},""fri"":{""kind"":""open"",""open"":""07:00"",""close"":""20:00""},""sat"":{""kind"":""open"",""open"":""07:00"",""close"":""20:00""},""sun"":{""kind"":""open"",""open"":""08:00"",""close"":""20:00""}}",,,,,,,OPERATIONAL,Coffee shop|Coffee shop,http://www.atcurbside.com/,true,
ChIJ5_Y2cgAX-TIRAIi6iPt55NI,Badge and Brew Cafe,"4986+2VM, Calinan District, Davao City",7.1657392,125.4732945,"{""mon"":{""kind"":""open"",""open"":""10:00"",""close"":""22:00""},""tue"":{""kind"":""open"",""open"":""10:00"",""close"":""22:00""},""wed"":{""kind"":""open"",""open"":""10:00"",""close"":""22:00""},""thu"":{""kind"":""open"",""open"":""10:00"",""close"":""22:00""},""fri"":{""kind"":""open"",""open"":""10:00"",""close"":""22:00""},""sat"":{""kind"":""open"",""open"":""10:00"",""close"":""22:00""},""sun"":{""kind"":""open"",""open"":""10:00"",""close"":""22:00""}}",,,,,,,OPERATIONAL,Coffee shop|Coffee shop,,true,
ChIJk4fxQsFt-TIR--4Q0-Yo7Yo,Barok Cafe & Resto,"3J74+WM5, Magallanes Street, Poblacion District, Davao City",7.064767799999999,125.6067379,"{""mon"":{""kind"":""all_day""},""tue"":{""kind"":""all_day""},""wed"":{""kind"":""all_day""},""thu"":{""kind"":""all_day""},""fri"":{""kind"":""all_day""},""sat"":{""kind"":""all_day""},""sun"":{""kind"":""all_day""}}",,,,,,,OPERATIONAL,Coffee shop|Coffee shop,,true,
ChIJVefbHwBt-TIRH6Q1xdGquyI,Barok Cafe and Resto,"Pryce Business Park, J.P. Laurel Ave, Poblacion District, Davao City",7.0835938,125.6111754,"{""mon"":{""kind"":""all_day""},""tue"":{""kind"":""all_day""},""wed"":{""kind"":""all_day""},""thu"":{""kind"":""all_day""},""fri"":{""kind"":""all_day""},""sat"":{""kind"":""all_day""},""sun"":{""kind"":""all_day""}}",0926 694 5724,,,,,,OPERATIONAL,Coffee shop|Coffee shop,https://www.facebook.com/share/1Xu1gg2zt8/?mibextid=wwXIfr,true,
ChIJU9MIgvNt-TIRhOheS1bJQvY,Bean Xpress Matina Branch,"near crossing, Diversion Road, Matina Pangi Rd, Talomo, Davao City",7.069767,125.5743864,"{""mon"":{""kind"":""open"",""open"":""08:00"",""close"":""00:00""},""tue"":{""kind"":""open"",""open"":""08:00"",""close"":""00:00""},""wed"":{""kind"":""open"",""open"":""08:00"",""close"":""00:00""},""thu"":{""kind"":""open"",""open"":""08:00"",""close"":""00:00""},""fri"":{""kind"":""open"",""open"":""08:00"",""close"":""01:00""},""sat"":{""kind"":""open"",""open"":""08:00"",""close"":""01:00""},""sun"":{""kind"":""open"",""open"":""08:00"",""close"":""00:00""}}",,,,,,,OPERATIONAL,Coffee shop|Coffee shop,,true,
ChIJuyEK1ptz-TIRA4T3FfAqykk,BEANXPRESS PRIME FELCRIS MATINA,"FELCRIS, Matina Crossing, Talomo, Davao City",7.0606978,125.5701429,"{""mon"":{""kind"":""open"",""open"":""07:30"",""close"":""01:00""},""tue"":{""kind"":""open"",""open"":""07:30"",""close"":""01:00""},""wed"":{""kind"":""open"",""open"":""07:30"",""close"":""01:00""},""thu"":{""kind"":""open"",""open"":""07:30"",""close"":""01:00""},""fri"":{""kind"":""open"",""open"":""07:30"",""close"":""01:00""},""sat"":{""kind"":""open"",""open"":""07:30"",""close"":""01:00""},""sun"":{""kind"":""open"",""open"":""07:30"",""close"":""01:00""}}",0995 502 6567,,,,,,OPERATIONAL,Cafe|Cafe|Breakfast restaurant|Restaurant,,true,
ChIJzSuDb6xt-TIR1QNQzonpijo,Beholden Coffee Experience - CM Recto,"C. M. Recto St, Poblacion District, Davao City",7.071661199999999,125.61160679999999,"{""mon"":{""kind"":""open"",""open"":""07:00"",""close"":""00:00""},""tue"":{""kind"":""open"",""open"":""07:00"",""close"":""00:00""},""wed"":{""kind"":""open"",""open"":""07:00"",""close"":""00:00""},""thu"":{""kind"":""open"",""open"":""07:00"",""close"":""00:00""},""fri"":{""kind"":""open"",""open"":""07:00"",""close"":""00:00""},""sat"":{""kind"":""open"",""open"":""07:00"",""close"":""00:00""},""sun"":{""kind"":""open"",""open"":""07:00"",""close"":""00:00""}}",0917 627 8193,,,,,,OPERATIONAL,Coffee shop|Coffee shop,https://www.facebook.com/share/1HRb27HU7N/,true,
ChIJVYwkLwBz-TIRIsNXR7WYeJE,Better Beans Co. - Coffee Roaster (New Location),"Unit 4, Trust Home Depot, Antastic Complex, Quimpo Blvd, Talomo, Davao City",7.053369399999999,125.5979174,"{""mon"":{""kind"":""open"",""open"":""09:00"",""close"":""18:00""},""tue"":{""kind"":""open"",""open"":""09:00"",""close"":""18:00""},""wed"":{""kind"":""open"",""open"":""09:00"",""close"":""18:00""},""thu"":{""kind"":""open"",""open"":""09:00"",""close"":""18:00""},""fri"":{""kind"":""open"",""open"":""09:00"",""close"":""18:00""},""sat"":{""kind"":""open"",""open"":""09:00"",""close"":""18:00""},""sun"":{""kind"":""open"",""open"":""09:00"",""close"":""18:00""}}",,,,,,,OPERATIONAL,Coffee shop|Coffee shop,https://facebook.com/betterbeansco,true,
ChIJOS2TR6Zt-TIRUPXpQTcflKA,Black Scoop Cafe Matina,"Juna Subdivision, Camachilli St, corner Acacia, Matina, Davao City",7.0617111999999995,125.5968211,"{""mon"":{""kind"":""open"",""open"":""10:00"",""close"":""19:30""},""tue"":{""kind"":""open"",""open"":""10:00"",""close"":""19:30""},""wed"":{""kind"":""open"",""open"":""10:00"",""close"":""19:30""},""thu"":{""kind"":""open"",""open"":""10:00"",""close"":""19:30""},""fri"":{""kind"":""open"",""open"":""10:00"",""close"":""19:30""},""sat"":{""kind"":""open"",""open"":""10:00"",""close"":""19:30""},""sun"":{""kind"":""open"",""open"":""10:00"",""close"":""19:30""}}",,,,,,,OPERATIONAL,Cafe|Cafe,,true,
ChIJu5hVNS5t-TIRUamWmEK8du0,blank space coffee dvo,"3JM7+FXP, Loyola St, Poblacion District, Davao City",7.0837105,125.6149547,"{""mon"":{""kind"":""open"",""open"":""09:00"",""close"":""23:30""},""tue"":{""kind"":""open"",""open"":""09:00"",""close"":""23:30""},""wed"":{""kind"":""open"",""open"":""09:00"",""close"":""23:30""},""thu"":{""kind"":""open"",""open"":""09:00"",""close"":""23:30""},""fri"":{""kind"":""open"",""open"":""09:00"",""close"":""23:30""},""sat"":{""kind"":""open"",""open"":""09:00"",""close"":""23:30""},""sun"":{""kind"":""open"",""open"":""09:00"",""close"":""23:30""}}",,,,,,,OPERATIONAL,Coffee shop|Coffee shop,,true,
ChIJq9PUmlVt-TIRp3kLThRFdMY,Blk21 Cafe,"Blk 21, Lot 17, 3rd street, Guadalupe Village, 13 3rd, Lanang, Davao City",7.106094499999999,125.6398011,"{""mon"":{""kind"":""closed""},""tue"":{""kind"":""open"",""open"":""15:00"",""close"":""21:00""},""wed"":{""kind"":""open"",""open"":""15:00"",""close"":""21:00""},""thu"":{""kind"":""open"",""open"":""15:00"",""close"":""21:00""},""fri"":{""kind"":""open"",""open"":""15:00"",""close"":""21:00""},""sat"":{""kind"":""open"",""open"":""15:00"",""close"":""21:00""},""sun"":{""kind"":""open"",""open"":""12:00"",""close"":""21:00""}}",0966 694 4369,,,,,,OPERATIONAL,Soup restaurant|Soup restaurant|Coffee shop|Singaporean restaurant|Takoyaki restaurant,http://www.facebook.com/blk21cafedavao,true,
ChIJ0UIDiWkN-TIRO5sHWAdM4oo,Blugré Coffee,"3H7W+JM8, Matina Town Square Mc Arthur Hiway, Talomo, Davao City",7.064044,125.59668959999999,"{""mon"":{""kind"":""open"",""open"":""10:00"",""close"":""01:00""},""tue"":{""kind"":""open"",""open"":""10:00"",""close"":""01:00""},""wed"":{""kind"":""open"",""open"":""10:00"",""close"":""01:00""},""thu"":{""kind"":""open"",""open"":""10:00"",""close"":""01:00""},""fri"":{""kind"":""open"",""open"":""10:00"",""close"":""01:00""},""sat"":{""kind"":""open"",""open"":""10:00"",""close"":""01:00""},""sun"":{""kind"":""open"",""open"":""16:00"",""close"":""01:00""}}",,,,,,,OPERATIONAL,Coffee shop|Coffee shop,,true,
ChIJC2NvQEJt-TIRbcqG6JSbrFc,Breve Coffee & Matcha Davao,"49 Lacson Street, Brgy. Obrero, Obrero, Davao City",7.0877893,125.6153363,"{""mon"":{""kind"":""open"",""open"":""00:00"",""close"":""22:00""},""tue"":{""kind"":""open"",""open"":""12:00"",""close"":""22:00""},""wed"":{""kind"":""open"",""open"":""12:00"",""close"":""22:00""},""thu"":{""kind"":""open"",""open"":""12:00"",""close"":""22:00""},""fri"":{""kind"":""open"",""open"":""11:00"",""close"":""23:00""},""sat"":{""kind"":""open"",""open"":""11:00"",""close"":""23:00""},""sun"":{""kind"":""open"",""open"":""11:00"",""close"":""23:00""}}",0919 612 9087,,,,,,OPERATIONAL,Coffee shop|Coffee shop,https://www.facebook.com/p/Brev%C3%A9-Coffee-Matcha-Davao-61587768651181/,true,
ChIJCVkDeFZt-TIRDLLJpUW8dIM,Brew and Cinnamon Cafe,"Door 1 Ramona Building , 1st Street, Guadalupe Ave, Lanang, Davao City",7.1031857,125.63897379999999,"{""mon"":{""kind"":""open"",""open"":""15:00"",""close"":""00:00""},""tue"":{""kind"":""open"",""open"":""12:00"",""close"":""00:00""},""wed"":{""kind"":""open"",""open"":""12:00"",""close"":""00:00""},""thu"":{""kind"":""open"",""open"":""12:00"",""close"":""00:00""},""fri"":{""kind"":""open"",""open"":""12:00"",""close"":""00:00""},""sat"":{""kind"":""open"",""open"":""12:00"",""close"":""00:00""},""sun"":{""kind"":""open"",""open"":""12:00"",""close"":""00:00""}}",0919 436 5858,,,,,,OPERATIONAL,Cafe|Cafe,,true,
ChIJEzfmdABt-TIRfJN4koPJADw,Brew Lane Café,"Cva Building, J.P. Laurel Ave, Poblacion District, Davao City",7.0753549,125.6127757,"{""mon"":{""kind"":""open"",""open"":""09:00"",""close"":""00:00""},""tue"":{""kind"":""open"",""open"":""09:00"",""close"":""00:00""},""wed"":{""kind"":""open"",""open"":""09:00"",""close"":""00:00""},""thu"":{""kind"":""open"",""open"":""09:00"",""close"":""00:00""},""fri"":{""kind"":""open"",""open"":""09:00"",""close"":""00:00""},""sat"":{""kind"":""open"",""open"":""09:00"",""close"":""00:00""},""sun"":{""kind"":""open"",""open"":""09:00"",""close"":""00:00""}}",0977 704 5323,,,,,,OPERATIONAL,Coffee shop|Coffee shop,,true,
ChIJ3-JbdwBt-TIRL6bURalBlp8,BrewWay Coffee Co. - Durian Hotel,"3JQ6+84W Durian Hotel, Bajada, Davao City",7.0883563,125.61031369999999,"{""mon"":{""kind"":""open"",""open"":""20:00"",""close"":""03:00""},""tue"":{""kind"":""open"",""open"":""20:00"",""close"":""03:00""},""wed"":{""kind"":""open"",""open"":""20:00"",""close"":""03:00""},""thu"":{""kind"":""open"",""open"":""20:00"",""close"":""03:00""},""fri"":{""kind"":""open"",""open"":""20:00"",""close"":""03:00""},""sat"":{""kind"":""open"",""open"":""20:00"",""close"":""03:00""},""sun"":{""kind"":""open"",""open"":""20:00"",""close"":""03:00""}}",0924 381 9124,,,,,,OPERATIONAL,Coffee shop|Coffee shop,https://www.facebook.com/share/1SarLFucFq/?mibextid=wwXIfr,true,
ChIJXWKddEUN-TIRpWw4cPp9-Go,Cafe Basilico,"Crossing Bayabas, Toril, Davao City",7.0229801,125.4964433,"{""mon"":{""kind"":""open"",""open"":""11:00"",""close"":""22:00""},""tue"":{""kind"":""open"",""open"":""11:00"",""close"":""22:00""},""wed"":{""kind"":""open"",""open"":""11:00"",""close"":""22:00""},""thu"":{""kind"":""open"",""open"":""11:00"",""close"":""22:00""},""fri"":{""kind"":""open"",""open"":""11:00"",""close"":""22:00""},""sat"":{""kind"":""open"",""open"":""11:00"",""close"":""22:00""},""sun"":{""kind"":""open"",""open"":""11:00"",""close"":""22:00""}}",0960 267 0196,,,,,,OPERATIONAL,Coffee shop|Coffee shop,,true,
ChIJR4LRfTlt-TIR0pUDKZzs5uc,Café de Vivré,"3rd Floor Expansion Wing, Abreeza Mall, J.P. Laurel Ave, Poblacion District, Davao City",7.0915677,125.6106212,"{""mon"":{""kind"":""open"",""open"":""10:00"",""close"":""21:00""},""tue"":{""kind"":""open"",""open"":""10:00"",""close"":""21:00""},""wed"":{""kind"":""open"",""open"":""10:00"",""close"":""21:00""},""thu"":{""kind"":""open"",""open"":""10:00"",""close"":""21:00""},""fri"":{""kind"":""open"",""open"":""10:00"",""close"":""21:00""},""sat"":{""kind"":""open"",""open"":""10:00"",""close"":""21:00""},""sun"":{""kind"":""open"",""open"":""10:00"",""close"":""21:00""}}",0954 472 3339,,,,,,OPERATIONAL,Coffee shop|Coffee shop|Coffee roastery,http://www.maisoncroife.com/,true,
ChIJ5zlCrnRt-TIRLtU6AtseLtI,Cafe Demitasse,"727 F. Torres St, Poblacion District, Davao City",7.0772834,125.6052335,"{""mon"":{""kind"":""open"",""open"":""08:00"",""close"":""22:00""},""tue"":{""kind"":""open"",""open"":""08:00"",""close"":""22:00""},""wed"":{""kind"":""open"",""open"":""08:00"",""close"":""22:00""},""thu"":{""kind"":""open"",""open"":""08:00"",""close"":""22:00""},""fri"":{""kind"":""open"",""open"":""08:00"",""close"":""00:00""},""sat"":{""kind"":""open"",""open"":""08:00"",""close"":""00:00""},""sun"":{""kind"":""open"",""open"":""08:00"",""close"":""22:00""}}",,,,,,,OPERATIONAL,Restaurant|Restaurant|Cafe|Cake shop|Coffee store|Function room facility,https://www.cafedemitasse.ph/,true,
ChIJQejGNZFt-TIR8HAxJp2ZMJw,Cafe Gervacios - Pastry and Coffee in Davao City,"Ground Floor, State Investment Bldg, C. M. Recto St, Poblacion District, Davao City",7.068707,125.61104209999999,"{""mon"":{""kind"":""open"",""open"":""09:00"",""close"":""22:00""},""tue"":{""kind"":""closed""},""wed"":{""kind"":""open"",""open"":""09:00"",""close"":""22:00""},""thu"":{""kind"":""open"",""open"":""09:00"",""close"":""22:00""},""fri"":{""kind"":""open"",""open"":""09:00"",""close"":""23:00""},""sat"":{""kind"":""open"",""open"":""09:00"",""close"":""23:00""},""sun"":{""kind"":""open"",""open"":""07:00"",""close"":""22:00""}}",,,,,,,OPERATIONAL,Cafe|Cafe|Restaurant,https://www.facebook.com/cafegervacios?mibextid=ZbWKwL,true,
ChIJsfAqzAlz-TIRowzmZCJnlXo,Cafe Lounge - Ecoland Branch,"Ecoland Dr, Talomo, Davao City",7.0465531,125.5933987,"{""mon"":{""kind"":""open"",""open"":""07:00"",""close"":""19:00""},""tue"":{""kind"":""open"",""open"":""07:00"",""close"":""19:00""},""wed"":{""kind"":""open"",""open"":""07:00"",""close"":""19:00""},""thu"":{""kind"":""open"",""open"":""07:00"",""close"":""19:00""},""fri"":{""kind"":""open"",""open"":""07:00"",""close"":""19:00""},""sat"":{""kind"":""open"",""open"":""07:00"",""close"":""19:00""},""sun"":{""kind"":""open"",""open"":""07:00"",""close"":""19:00""}}",0916 604 1086,,,,,,OPERATIONAL,Coffee shop|Coffee shop,https://www.facebook.com/Cafeloungeco,true,
ChIJp5L8L_dt-TIRpwXEu1d1uUc,Café Prelaya by The Joaquins’ Cheesecakes,"Sputnik St, Poblacion District, Davao City",7.0810403,125.60763519999999,"{""mon"":{""kind"":""open"",""open"":""08:00"",""close"":""23:00""},""tue"":{""kind"":""open"",""open"":""08:00"",""close"":""23:00""},""wed"":{""kind"":""open"",""open"":""08:00"",""close"":""23:00""},""thu"":{""kind"":""open"",""open"":""08:00"",""close"":""23:00""},""fri"":{""kind"":""open"",""open"":""08:00"",""close"":""23:00""},""sat"":{""kind"":""open"",""open"":""08:00"",""close"":""23:00""},""sun"":{""kind"":""open"",""open"":""08:00"",""close"":""23:00""}}",,,,,,,OPERATIONAL,Coffee shop|Coffee shop,,true,
ChIJgR96N-ht-TIR-i2q4qDz6Yk,Café Racer Coffee - Lanang,"Lanang, Davao City, 8000 Davao del Sur",7.1012873,125.63246129999999,"{""mon"":{""kind"":""open"",""open"":""10:00"",""close"":""02:00""},""tue"":{""kind"":""open"",""open"":""10:00"",""close"":""02:00""},""wed"":{""kind"":""open"",""open"":""10:00"",""close"":""02:00""},""thu"":{""kind"":""open"",""open"":""10:00"",""close"":""02:00""},""fri"":{""kind"":""open"",""open"":""10:00"",""close"":""02:00""},""sat"":{""kind"":""open"",""open"":""10:00"",""close"":""02:00""},""sun"":{""kind"":""open"",""open"":""10:00"",""close"":""02:00""}}",0920 294 9668,,,,,,OPERATIONAL,Coffee shop|Coffee shop,,true,
ChIJO1CASwAN-TIRQxJlhfJXELs,CAFE!N COFFEE KIOSK,"2G92+C3P, Rasay St, Toril, Davao City",7.0185686,125.5002461,"{""mon"":{""kind"":""open"",""open"":""09:00"",""close"":""22:00""},""tue"":{""kind"":""open"",""open"":""09:00"",""close"":""22:00""},""wed"":{""kind"":""open"",""open"":""09:00"",""close"":""22:00""},""thu"":{""kind"":""open"",""open"":""09:00"",""close"":""22:00""},""fri"":{""kind"":""open"",""open"":""09:00"",""close"":""22:00""},""sat"":{""kind"":""open"",""open"":""09:00"",""close"":""22:00""},""sun"":{""kind"":""open"",""open"":""09:00"",""close"":""22:00""}}",,,,,,,OPERATIONAL,Coffee shop|Coffee shop,,true,
ChIJ9beJUgBz-TIRHzT_lmwtmac,Calibrated Coffee House Matina,"Mercury & Apollo Street, GSIS Heights, Corner Matina Pangi Rd, Talomo, Davao City",7.060725199999999,125.57745609999999,"{""mon"":{""kind"":""open"",""open"":""08:00"",""close"":""20:00""},""tue"":{""kind"":""open"",""open"":""08:00"",""close"":""20:00""},""wed"":{""kind"":""open"",""open"":""08:00"",""close"":""20:00""},""thu"":{""kind"":""open"",""open"":""08:00"",""close"":""20:00""},""fri"":{""kind"":""open"",""open"":""08:00"",""close"":""20:00""},""sat"":{""kind"":""open"",""open"":""08:00"",""close"":""20:00""},""sun"":{""kind"":""open"",""open"":""08:00"",""close"":""20:00""}}",,,,,,,OPERATIONAL,Coffee shop|Coffee shop,,true,
ChIJzZ2yPAAX-TIR5j56atzGtys,Carly’s Kitchen,"598W+4VX, Calinan - Carmen Rd, Davao City",7.165836,125.3968019,,,,,,,,OPERATIONAL,Coffee shop|Coffee shop,,false,missing_hours
ChIJqV2O20ls-TIRvpP9knXriGw,Chatime - SM Lanang Davao,"Upper Ground Floor, SM Lanang Premier, San Antonio, Davao City",7.098942,125.6310439,"{""mon"":{""kind"":""open"",""open"":""10:00"",""close"":""21:00""},""tue"":{""kind"":""open"",""open"":""10:00"",""close"":""21:00""},""wed"":{""kind"":""open"",""open"":""10:00"",""close"":""21:00""},""thu"":{""kind"":""open"",""open"":""10:00"",""close"":""21:00""},""fri"":{""kind"":""open"",""open"":""10:00"",""close"":""21:00""},""sat"":{""kind"":""open"",""open"":""10:00"",""close"":""21:00""},""sun"":{""kind"":""open"",""open"":""10:00"",""close"":""21:00""}}",,,,,,,OPERATIONAL,Cafe|Cafe,https://chatime.com.ph/locations/,true,
ChIJpX2EKQBr-TIRD-_hEv1htLw,Ciudad Kopi,"58 Rafflesia St, Buhangin, Davao City",7.1463871999999995,125.6049446,"{""mon"":{""kind"":""closed""},""tue"":{""kind"":""open"",""open"":""13:00"",""close"":""02:30""},""wed"":{""kind"":""open"",""open"":""13:00"",""close"":""02:00""},""thu"":{""kind"":""open"",""open"":""13:00"",""close"":""02:00""},""fri"":{""kind"":""open"",""open"":""13:00"",""close"":""02:00""},""sat"":{""kind"":""open"",""open"":""13:00"",""close"":""02:00""},""sun"":{""kind"":""open"",""open"":""16:00"",""close"":""00:00""}}",,,,,,,OPERATIONAL,Coffee shop|Coffee shop,,true,
ChIJYV8XSHQN-TIRuM9lbt8znIg,Clutch Cafe,"Purok Kalayaan, Sampaguita St, Toril, Davao City",7.0351405,125.5103551,"{""mon"":{""kind"":""open"",""open"":""15:30"",""close"":""02:00""},""tue"":{""kind"":""open"",""open"":""15:30"",""close"":""02:00""},""wed"":{""kind"":""open"",""open"":""15:30"",""close"":""02:00""},""thu"":{""kind"":""open"",""open"":""15:30"",""close"":""02:00""},""fri"":{""kind"":""open"",""open"":""15:30"",""close"":""02:00""},""sat"":{""kind"":""open"",""open"":""15:30"",""close"":""02:00""},""sun"":{""kind"":""open"",""open"":""15:30"",""close"":""02:00""}}",0952 476 2259,,,,,,OPERATIONAL,Coffee shop|Coffee shop,,true,
ChIJLxy1AQBt-TIRR-e799gxYmY,Coffee Co - Buhangin,"4J37+5J8, KM 5 Buhangin, Buhangin, Davao City",7.102904499999999,125.61408669999999,"{""mon"":{""kind"":""open"",""open"":""07:00"",""close"":""22:00""},""tue"":{""kind"":""open"",""open"":""07:00"",""close"":""22:00""},""wed"":{""kind"":""open"",""open"":""07:00"",""close"":""22:00""},""thu"":{""kind"":""open"",""open"":""07:00"",""close"":""22:00""},""fri"":{""kind"":""open"",""open"":""07:00"",""close"":""22:00""},""sat"":{""kind"":""open"",""open"":""07:00"",""close"":""22:00""},""sun"":{""kind"":""open"",""open"":""07:00"",""close"":""22:00""}}",,,,,,,OPERATIONAL,Coffee shop|Coffee shop,https://kaoonta.com/listings/coffee-co-buhangin/,true,
ChIJC2ccjb1y-TIRneVrOp7i9Go,Coffee For Peace at One Oasis,"Unit 6105, One Oasis, Eco W Dr, Talomo, Davao City",7.0466378999999995,125.5890082,"{""mon"":{""kind"":""open"",""open"":""09:00"",""close"":""21:00""},""tue"":{""kind"":""open"",""open"":""09:00"",""close"":""21:00""},""wed"":{""kind"":""open"",""open"":""09:00"",""close"":""21:00""},""thu"":{""kind"":""open"",""open"":""09:00"",""close"":""21:00""},""fri"":{""kind"":""open"",""open"":""09:00"",""close"":""21:00""},""sat"":{""kind"":""open"",""open"":""09:00"",""close"":""21:00""},""sun"":{""kind"":""closed""}}",0970 174 0877,,,,,,OPERATIONAL,Coffee shop|Coffee shop|Cafe,http://www.coffeeforpeace.com/,true,
ChIJfUUrKady-TIRC3qxXMy_ZRQ,Coffee For Peace Kiosk,"Abreeza Mall, J.P. Laurel Ave, Poblacion District, Davao City",7.0911903999999994,125.61129899999999,"{""mon"":{""kind"":""open"",""open"":""10:00"",""close"":""22:00""},""tue"":{""kind"":""open"",""open"":""10:00"",""close"":""22:00""},""wed"":{""kind"":""open"",""open"":""10:00"",""close"":""22:00""},""thu"":{""kind"":""open"",""open"":""10:00"",""close"":""22:00""},""fri"":{""kind"":""open"",""open"":""10:00"",""close"":""22:00""},""sat"":{""kind"":""open"",""open"":""10:00"",""close"":""22:00""},""sun"":{""kind"":""open"",""open"":""10:00"",""close"":""22:00""}}",,,,,,,OPERATIONAL,Coffee shop|Coffee shop|Cafe,http://www.coffeeforpeace.com/,true,
ChIJ96brjKdt-TIR4p9ZoW3bkmo,Coffee Fragrance (커피 향기),"Vincent Heights, Matthewsway Dr, Lanang, Davao City",7.1121437,125.631812,"{""mon"":{""kind"":""open"",""open"":""09:00"",""close"":""22:00""},""tue"":{""kind"":""open"",""open"":""09:00"",""close"":""22:00""},""wed"":{""kind"":""open"",""open"":""09:00"",""close"":""22:00""},""thu"":{""kind"":""open"",""open"":""09:00"",""close"":""22:00""},""fri"":{""kind"":""open"",""open"":""09:00"",""close"":""22:00""},""sat"":{""kind"":""open"",""open"":""09:00"",""close"":""22:00""},""sun"":{""kind"":""open"",""open"":""12:00"",""close"":""22:00""}}",0991 499 5814,,,,,,OPERATIONAL,Coffee shop|Coffee shop,,true,
ChIJkaubN0Rt-TIR8EI-cx9W3aY,Coffee Hub,"General Luna St, Poblacion District, Davao City",7.0713921,125.60544589999999,"{""mon"":{""kind"":""all_day""},""tue"":{""kind"":""all_day""},""wed"":{""kind"":""all_day""},""thu"":{""kind"":""all_day""},""fri"":{""kind"":""all_day""},""sat"":{""kind"":""all_day""},""sun"":{""kind"":""all_day""}}",,,,,,,OPERATIONAL,Coffee shop|Coffee shop,,true,
ChIJ302SIABt-TIR2H1iTnVuZQ4,Coffee Maybe Davao,"3J87+F58, Artiaga St, Poblacion District, Davao City",7.0660516,125.61307099999999,"{""mon"":{""kind"":""open"",""open"":""11:00"",""close"":""22:00""},""tue"":{""kind"":""open"",""open"":""11:00"",""close"":""22:00""},""wed"":{""kind"":""open"",""open"":""11:00"",""close"":""22:00""},""thu"":{""kind"":""open"",""open"":""11:00"",""close"":""22:00""},""fri"":{""kind"":""open"",""open"":""11:00"",""close"":""22:00""},""sat"":{""kind"":""open"",""open"":""11:00"",""close"":""22:00""},""sun"":{""kind"":""open"",""open"":""11:00"",""close"":""22:00""}}",0936 463 8009,,,,,,OPERATIONAL,Coffee shop|Coffee shop,https://www.facebook.com/profile.php?id=61569408440591&mibextid=wwXIfr&mibextid=wwXIfr,true,
ChIJ6TqdEQBt-TIRhHYDuprZxLE,Coffeebox | SM Lanang,"3JXJ+6C, Davao City",7.0980703,125.6309732,,,,,,,,OPERATIONAL,Coffee shop|Coffee shop,,false,missing_hours
ChIJHXCh8bFt-TIRzhIdXJKMaJY,Cornerhub Cafe,"Block 20, Lot 2 Iñigo St, Bo. Obrero, Davao City",7.0844909,125.61313899999999,,0926 581 2640,,,,,,OPERATIONAL,Cafe|Cafe,https://www.facebook.com/cornerhub.cafe/,false,missing_hours
ChIJsbUgelIT-TIRlemIT8MAv60,Craft Coffee,"San Francisco St, Barangay Mintal, Davao City",7.0914443,125.5028526,"{""mon"":{""kind"":""open"",""open"":""08:00"",""close"":""22:00""},""tue"":{""kind"":""open"",""open"":""08:00"",""close"":""22:00""},""wed"":{""kind"":""open"",""open"":""08:00"",""close"":""22:00""},""thu"":{""kind"":""open"",""open"":""08:00"",""close"":""22:00""},""fri"":{""kind"":""open"",""open"":""08:00"",""close"":""22:00""},""sat"":{""kind"":""open"",""open"":""08:00"",""close"":""22:00""},""sun"":{""kind"":""open"",""open"":""08:00"",""close"":""22:00""}}",0933 818 8309,,,,,,OPERATIONAL,Coffee shop|Coffee shop|Distribution service,https://www.facebook.com/craftcoffeedavao/,true,
ChIJeVYUdnFt-TIRkWs7Oz7QQJk,Craft Coffee & Roastery,"Ground floor Dacudao 888 Bldg. Vinson, Cor Dacudao Ave, Poblacion District, Davao City",7.0869665,125.62108749999999,"{""mon"":{""kind"":""open"",""open"":""07:00"",""close"":""22:00""},""tue"":{""kind"":""open"",""open"":""07:00"",""close"":""22:00""},""wed"":{""kind"":""open"",""open"":""07:00"",""close"":""22:00""},""thu"":{""kind"":""open"",""open"":""07:00"",""close"":""22:00""},""fri"":{""kind"":""open"",""open"":""07:00"",""close"":""22:00""},""sat"":{""kind"":""open"",""open"":""07:00"",""close"":""22:00""},""sun"":{""kind"":""open"",""open"":""07:00"",""close"":""22:00""}}",0917 777 5192,,,,,,OPERATIONAL,Cafe|Cafe,,true,
ChIJl7_zBwBt-TIR6DazFXjA8Aw,Daily Brew Coffee Co.,"Door A, Bo. Obrero, Lim Building, Lacson Street, Corner Cervantes St, Poblacion District, Davao City",7.0871381,125.61478869999999,"{""mon"":{""kind"":""open"",""open"":""08:00"",""close"":""02:00""},""tue"":{""kind"":""open"",""open"":""08:00"",""close"":""02:00""},""wed"":{""kind"":""open"",""open"":""08:00"",""close"":""02:00""},""thu"":{""kind"":""open"",""open"":""08:00"",""close"":""02:00""},""fri"":{""kind"":""open"",""open"":""08:00"",""close"":""03:00""},""sat"":{""kind"":""open"",""open"":""08:00"",""close"":""03:00""},""sun"":{""kind"":""open"",""open"":""08:00"",""close"":""03:00""}}",0956 754 8075,,,,,,OPERATIONAL,Coffee shop|Coffee shop,https://www.instagram.com/dailybrew.coffeedvo?igsh=OWY2dW9jZWJjZ3U1&utm_source=qr,true,
ChIJ6_XmfQBr-TIRvpDiv_MB6Q4,Daily Croissant,"5H2X+2G6, Cabantian Road, Buhangin, Davao City",7.1500281999999995,125.5987334,,,,,,,,OPERATIONAL,Coffee shop|Coffee shop,,false,missing_hours
ChIJp6lpXABt-TIRaVTNDgrkww8,Daleachious Cafe - Buhangin Branch,"Buhangin-Lapanday Rd, Buhangin, Davao City",7.1019673,125.6146177,"{""mon"":{""kind"":""all_day""},""tue"":{""kind"":""all_day""},""wed"":{""kind"":""all_day""},""thu"":{""kind"":""all_day""},""fri"":{""kind"":""all_day""},""sat"":{""kind"":""all_day""},""sun"":{""kind"":""all_day""}}",,,,,,,OPERATIONAL,Coffee shop|Coffee shop,http://www.facebook.com/daleachiouscafe,true,
ChIJz_VdaABt-TIRENThDEBeGxM,Daleachious Cafe - Davao Airport Road,"4JHP+7M4, Cyclone St, Buhangin, Davao City",7.1281474,125.63670499999999,"{""mon"":{""kind"":""all_day""},""tue"":{""kind"":""all_day""},""wed"":{""kind"":""all_day""},""thu"":{""kind"":""all_day""},""fri"":{""kind"":""all_day""},""sat"":{""kind"":""all_day""},""sun"":{""kind"":""all_day""}}",,,,,,,OPERATIONAL,Coffee shop|Coffee shop,http://www.daleachious.com/,true,
ChIJMefqbO1z-TIRne_HWekXYQk,Daleachious Cafe - Ecoland Branch,"Ecoland Dr, Talomo, Davao City",7.0503580999999995,125.5854222,"{""mon"":{""kind"":""all_day""},""tue"":{""kind"":""all_day""},""wed"":{""kind"":""all_day""},""thu"":{""kind"":""all_day""},""fri"":{""kind"":""all_day""},""sat"":{""kind"":""all_day""},""sun"":{""kind"":""all_day""}}",,,,,,,OPERATIONAL,Cafe|Cafe,https://www.facebook.com/daleachiouscafe,true,
ChIJGdQCpS5t-TIRNqkYZruP9Ug,Daleachious Cafe - Lanang Branch,"Sky Garden, SM Premier, Lanang, Davao City",7.0999946,125.6311855,"{""mon"":{""kind"":""all_day""},""tue"":{""kind"":""all_day""},""wed"":{""kind"":""all_day""},""thu"":{""kind"":""all_day""},""fri"":{""kind"":""all_day""},""sat"":{""kind"":""all_day""},""sun"":{""kind"":""all_day""}}",,,,,,,OPERATIONAL,Coffee shop|Coffee shop,,true,
ChIJc9218zds-TIR8pIkw1iH7jM,Damosa Gateway,"IT Building 2, Damosa IT Park Mamay Rd, Lanang, Davao City",7.1018805,125.6326675,"{""mon"":{""kind"":""all_day""},""tue"":{""kind"":""all_day""},""wed"":{""kind"":""all_day""},""thu"":{""kind"":""all_day""},""fri"":{""kind"":""all_day""},""sat"":{""kind"":""all_day""},""sun"":{""kind"":""all_day""}}",,,,,,,OPERATIONAL,Restaurant|Restaurant,,true,
ChIJe6SdBIRt-TIR-4zaykLAQKA,Darkk Coffee Co.,"91-73, 374-A, 374a Teodoro Palma Gil St, Obrero, Davao City",7.0845085999999995,125.617435,"{""mon"":{""kind"":""open"",""open"":""10:00"",""close"":""19:00""},""tue"":{""kind"":""open"",""open"":""10:00"",""close"":""19:00""},""wed"":{""kind"":""open"",""open"":""10:00"",""close"":""19:00""},""thu"":{""kind"":""open"",""open"":""10:00"",""close"":""19:00""},""fri"":{""kind"":""open"",""open"":""07:00"",""close"":""21:00""},""sat"":{""kind"":""open"",""open"":""07:00"",""close"":""21:00""},""sun"":{""kind"":""open"",""open"":""07:00"",""close"":""21:00""}}",0961 812 1546,,,,,,OPERATIONAL,Coffee shop|Coffee shop,,true,
ChIJze-4OAAN-TIRR01KUEDVxU0,DAWN BREW,"2FJV+XXC, Toril, Davao City",7.0324393999999995,125.4948938,"{""mon"":{""kind"":""open"",""open"":""14:00"",""close"":""01:00""},""tue"":{""kind"":""open"",""open"":""14:00"",""close"":""01:00""},""wed"":{""kind"":""open"",""open"":""14:00"",""close"":""01:00""},""thu"":{""kind"":""open"",""open"":""14:00"",""close"":""01:00""},""fri"":{""kind"":""open"",""open"":""14:00"",""close"":""01:00""},""sat"":{""kind"":""open"",""open"":""14:00"",""close"":""01:00""},""sun"":{""kind"":""open"",""open"":""14:00"",""close"":""01:00""}}",,,,,,,OPERATIONAL,Coffee shop|Coffee shop,,true,
ChIJ94U0AQBt-TIRdJLfCcdIt1A,Dear Cocoa,"Damosa Business Center, Alfonso Angliongto Sr, Buhangin, Davao City",7.1033607,125.6335785,"{""mon"":{""kind"":""open"",""open"":""11:00"",""close"":""23:00""},""tue"":{""kind"":""open"",""open"":""11:00"",""close"":""23:00""},""wed"":{""kind"":""open"",""open"":""11:00"",""close"":""23:00""},""thu"":{""kind"":""open"",""open"":""11:00"",""close"":""23:00""},""fri"":{""kind"":""open"",""open"":""11:00"",""close"":""23:00""},""sat"":{""kind"":""open"",""open"":""11:00"",""close"":""23:00""},""sun"":{""kind"":""open"",""open"":""11:00"",""close"":""23:00""}}",,,,,,,OPERATIONAL,Coffee shop|Coffee shop,,true,
ChIJl_PsIwBt-TIRFSd3iVxJRPo,"Dear Coffee, - Obrero","3JM9+XHG, Nicasio Torres St, Poblacion District, Davao City",7.084926899999999,125.61894509999999,,,,,,,,OPERATIONAL,Coffee shop|Coffee shop,,false,missing_hours
ChIJAUxZKQpt-TIRHa_tHB3qLDs,Draft Coffee,"Buhangin-Lapanday Rd, Buhangin, Davao City",7.1042703,125.61398299999999,"{""mon"":{""kind"":""open"",""open"":""20:00"",""close"":""03:00""},""tue"":{""kind"":""open"",""open"":""20:00"",""close"":""03:00""},""wed"":{""kind"":""open"",""open"":""20:00"",""close"":""03:00""},""thu"":{""kind"":""open"",""open"":""20:00"",""close"":""03:00""},""fri"":{""kind"":""open"",""open"":""20:00"",""close"":""03:00""},""sat"":{""kind"":""open"",""open"":""20:00"",""close"":""03:00""},""sun"":{""kind"":""open"",""open"":""15:00"",""close"":""03:00""}}",0947 190 1506,,,,,,OPERATIONAL,Coffee shop|Coffee shop,,true,
ChIJOSynXQ1r-TIRP4fIdUA1svA,Dreamers Coffee @ 37,"Lot 19, PonteStreet Foodpark, Block 2 Ponte Verde Dr, Communal, Buhangin, Davao City",7.1340052,125.6421967,"{""mon"":{""kind"":""open"",""open"":""10:00"",""close"":""01:00""},""tue"":{""kind"":""open"",""open"":""10:00"",""close"":""01:00""},""wed"":{""kind"":""open"",""open"":""10:00"",""close"":""01:00""},""thu"":{""kind"":""open"",""open"":""10:00"",""close"":""01:00""},""fri"":{""kind"":""open"",""open"":""10:00"",""close"":""01:00""},""sat"":{""kind"":""open"",""open"":""10:00"",""close"":""01:00""},""sun"":{""kind"":""open"",""open"":""10:00"",""close"":""01:00""}}",0956 620 3353,,,,,,OPERATIONAL,Coffee shop|Coffee shop,,true,
ChIJvzWdLj9t-TIRabzk7GD_5nM,DreamNest Play Cafe,"Azuela High Street, Lanang, Davao City",7.101228,125.6449825,"{""mon"":{""kind"":""open"",""open"":""11:00"",""close"":""21:00""},""tue"":{""kind"":""open"",""open"":""11:00"",""close"":""21:00""},""wed"":{""kind"":""open"",""open"":""11:00"",""close"":""21:00""},""thu"":{""kind"":""open"",""open"":""11:00"",""close"":""21:00""},""fri"":{""kind"":""open"",""open"":""11:00"",""close"":""21:00""},""sat"":{""kind"":""open"",""open"":""11:00"",""close"":""21:00""},""sun"":{""kind"":""open"",""open"":""11:00"",""close"":""21:00""}}",0917 550 5919,,,,,,OPERATIONAL,Coffee shop|Coffee shop,https://dreamnestplaycafe.com/,true,
ChIJNTQ8PY4N-TIRAB_v6LGfV3s,el KANTO Cafe,"Barangay Lizada, Babisa, Toril, Davao City",7.0061914,125.4922029,"{""mon"":{""kind"":""open"",""open"":""15:00"",""close"":""00:00""},""tue"":{""kind"":""open"",""open"":""15:00"",""close"":""00:00""},""wed"":{""kind"":""open"",""open"":""15:00"",""close"":""00:00""},""thu"":{""kind"":""open"",""open"":""15:00"",""close"":""00:00""},""fri"":{""kind"":""open"",""open"":""15:00"",""close"":""00:00""},""sat"":{""kind"":""open"",""open"":""15:00"",""close"":""00:00""},""sun"":{""kind"":""open"",""open"":""15:00"",""close"":""00:00""}}",0976 219 8265,,,,,,OPERATIONAL,Coffee shop|Coffee shop,https://www.facebook.com/share/188HK7E4hj/?mibextid=wwXIfr,true,
ChIJ8VP78lAX-TIRRXyIME1zvZg,Es.cafe,"Abayon, Subdivision, Davao City",7.1915740999999995,125.45288699999999,"{""mon"":{""kind"":""open"",""open"":""10:00"",""close"":""19:30""},""tue"":{""kind"":""open"",""open"":""10:00"",""close"":""19:30""},""wed"":{""kind"":""open"",""open"":""10:00"",""close"":""19:30""},""thu"":{""kind"":""open"",""open"":""10:00"",""close"":""19:30""},""fri"":{""kind"":""open"",""open"":""10:00"",""close"":""19:30""},""sat"":{""kind"":""open"",""open"":""10:00"",""close"":""19:30""},""sun"":{""kind"":""open"",""open"":""10:00"",""close"":""19:30""}}",0981 779 0831,,,,,,OPERATIONAL,Cafe|Cafe,,true,
ChIJ95SRsFlt-TIRqNIeyJnN-Fo,Espresso Lab Cafe Davao,"Ground Floor, The Lanang Suites Hotel, J.P. Laurel Ave, Agdao, Davao City",7.1009565,125.63264489999999,"{""mon"":{""kind"":""open"",""open"":""09:00"",""close"":""23:00""},""tue"":{""kind"":""open"",""open"":""09:00"",""close"":""23:00""},""wed"":{""kind"":""open"",""open"":""09:00"",""close"":""23:00""},""thu"":{""kind"":""open"",""open"":""09:00"",""close"":""23:00""},""fri"":{""kind"":""open"",""open"":""09:00"",""close"":""23:00""},""sat"":{""kind"":""open"",""open"":""09:00"",""close"":""23:00""},""sun"":{""kind"":""open"",""open"":""09:00"",""close"":""23:00""}}",0927 344 9678,,,,,,OPERATIONAL,Coffee shop|Coffee shop,,true,
ChIJnZIjT0IW-TIRdd56YFXzY_U,Farron Cafe,"Gaisano Building, Calinan, Davao City",7.1929612999999994,125.4540808,"{""mon"":{""kind"":""open"",""open"":""08:00"",""close"":""20:00""},""tue"":{""kind"":""open"",""open"":""08:00"",""close"":""20:00""},""wed"":{""kind"":""open"",""open"":""08:00"",""close"":""20:00""},""thu"":{""kind"":""open"",""open"":""08:00"",""close"":""20:00""},""fri"":{""kind"":""open"",""open"":""08:00"",""close"":""20:00""},""sat"":{""kind"":""open"",""open"":""08:00"",""close"":""20:00""},""sun"":{""kind"":""open"",""open"":""08:00"",""close"":""20:00""}}",0910 676 8750,,,,,,OPERATIONAL,Coffee shop|Coffee shop,,true,
ChIJYReM5Htt-TIR3xa1fvX0iqc,Fika Cafe - Buhangin,"Km. 5 Buhangin-Lapanday Rd, Buhangin Proper, Davao City",7.1048434,125.6141622,"{""mon"":{""kind"":""all_day""},""tue"":{""kind"":""all_day""},""wed"":{""kind"":""all_day""},""thu"":{""kind"":""all_day""},""fri"":{""kind"":""all_day""},""sat"":{""kind"":""all_day""},""sun"":{""kind"":""all_day""}}",0917 139 8732,,,,,,OPERATIONAL,Cafe|Cafe,,true,
ChIJMyUeY4Nt-TIRT3Uht5eQ34Q,Fourth Street Cafe,"Fourth Street Cafe, Barangay Narra St, Poblacion District, Davao City",7.0741420999999995,125.6169814,"{""mon"":{""kind"":""open"",""open"":""07:00"",""close"":""22:00""},""tue"":{""kind"":""open"",""open"":""07:00"",""close"":""22:00""},""wed"":{""kind"":""open"",""open"":""07:00"",""close"":""22:00""},""thu"":{""kind"":""open"",""open"":""07:00"",""close"":""22:00""},""fri"":{""kind"":""open"",""open"":""07:00"",""close"":""22:00""},""sat"":{""kind"":""open"",""open"":""07:00"",""close"":""22:00""},""sun"":{""kind"":""open"",""open"":""07:00"",""close"":""22:00""}}",0927 974 9146,,,,,,OPERATIONAL,Coffee shop|Coffee shop|Cafe,http://www.facebook.com/fourthstreetcafedvo,true,
ChIJK_0zeFRt-TIRnEKT4jfqabQ,Glasshouse Coffee,"At the Garden of Oboza Heritage House, 143, Rizal St, Poblacion District, Davao City",7.0663949,125.6087687,"{""mon"":{""kind"":""open"",""open"":""09:00"",""close"":""19:00""},""tue"":{""kind"":""open"",""open"":""09:00"",""close"":""21:00""},""wed"":{""kind"":""open"",""open"":""09:00"",""close"":""21:00""},""thu"":{""kind"":""open"",""open"":""09:00"",""close"":""21:00""},""fri"":{""kind"":""open"",""open"":""09:00"",""close"":""21:00""},""sat"":{""kind"":""open"",""open"":""09:00"",""close"":""21:00""},""sun"":{""kind"":""open"",""open"":""09:00"",""close"":""19:00""}}",,,,,,,OPERATIONAL,Coffee shop|Coffee shop,,true,
ChIJS7mGIlxz-TIRnLTokZDYMNA,Green Bread - Matina,"Kawayan Drive, Talomo, Davao City",7.0555312,125.57585189999999,"{""mon"":{""kind"":""all_day""},""tue"":{""kind"":""all_day""},""wed"":{""kind"":""all_day""},""thu"":{""kind"":""all_day""},""fri"":{""kind"":""all_day""},""sat"":{""kind"":""all_day""},""sun"":{""kind"":""all_day""}}",0948 962 5474,,,,,,OPERATIONAL,Coffee shop|Coffee shop,https://greenbreadcafe.my.canva.site/greenbreadcafe,true,
ChIJ-cTcx9Bt-TIR8zbf0PJw8LI,Green Coffee - Bacaca,"3JW3+X76, Fronting Ladislawa Gate, Bacaca Road, Poblacion District, Davao City",7.0927288,125.6044701,"{""mon"":{""kind"":""open"",""open"":""07:00"",""close"":""02:00""},""tue"":{""kind"":""open"",""open"":""07:00"",""close"":""02:00""},""wed"":{""kind"":""open"",""open"":""07:00"",""close"":""02:00""},""thu"":{""kind"":""open"",""open"":""07:00"",""close"":""02:00""},""fri"":{""kind"":""open"",""open"":""07:00"",""close"":""02:00""},""sat"":{""kind"":""open"",""open"":""07:00"",""close"":""02:00""},""sun"":{""kind"":""open"",""open"":""07:00"",""close"":""02:00""}}",,,,,,,OPERATIONAL,Coffee shop|Coffee shop,http://www.thegreencoffee.com/,true,
ChIJ6b9J7Ytz-TIRdYFSZMbnPVk,Green Coffee - Ecoland,"Quimpo Blvd, Ecoland, Davao City",7.0553738,125.59936549999999,"{""mon"":{""kind"":""open"",""open"":""07:00"",""close"":""01:00""},""tue"":{""kind"":""open"",""open"":""07:00"",""close"":""01:00""},""wed"":{""kind"":""open"",""open"":""07:00"",""close"":""01:00""},""thu"":{""kind"":""open"",""open"":""07:00"",""close"":""01:00""},""fri"":{""kind"":""open"",""open"":""07:00"",""close"":""01:00""},""sat"":{""kind"":""open"",""open"":""07:00"",""close"":""01:00""},""sun"":{""kind"":""open"",""open"":""07:00"",""close"":""01:00""}}",,,,,,,OPERATIONAL,Coffee shop|Coffee shop,http://www.thegreencoffee.com/,true,
ChIJdWH_Qktt-TIR1_DeWix-OrQ,Green Coffee - Lanang,"Km. 7 J.P. Laurel Ave, Davao City",7.1029344,125.6396594,"{""mon"":{""kind"":""open"",""open"":""07:00"",""close"":""02:00""},""tue"":{""kind"":""open"",""open"":""07:00"",""close"":""02:00""},""wed"":{""kind"":""open"",""open"":""07:00"",""close"":""02:00""},""thu"":{""kind"":""open"",""open"":""07:00"",""close"":""02:00""},""fri"":{""kind"":""open"",""open"":""07:00"",""close"":""02:00""},""sat"":{""kind"":""open"",""open"":""07:00"",""close"":""02:00""},""sun"":{""kind"":""open"",""open"":""07:00"",""close"":""02:00""}}",,,,,,,OPERATIONAL,Coffee shop|Coffee shop,http://www.thegreencoffee.com/,true,
ChIJS2kSKgxt-TIRRhOq69x_APg,Green Coffee - Marfori,"Ruby St, Poblacion District, Davao City",7.0820975,125.6017251,"{""mon"":{""kind"":""open"",""open"":""07:00"",""close"":""01:00""},""tue"":{""kind"":""open"",""open"":""07:00"",""close"":""01:00""},""wed"":{""kind"":""open"",""open"":""07:00"",""close"":""01:00""},""thu"":{""kind"":""open"",""open"":""07:00"",""close"":""01:00""},""fri"":{""kind"":""open"",""open"":""07:00"",""close"":""01:00""},""sat"":{""kind"":""open"",""open"":""07:00"",""close"":""01:00""},""sun"":{""kind"":""open"",""open"":""07:00"",""close"":""01:00""}}",,,,,,,OPERATIONAL,Coffee shop|Coffee shop,http://www.thegreencoffee.com/,true,
ChIJhXoX54Ft-TIRcpb7W2JKW_4,Green Coffee - Obrero,"P. Sobrecarey, Corner Gov Generoso St, Obrero, Davao City",7.084882299999999,125.6125876,"{""mon"":{""kind"":""open"",""open"":""07:00"",""close"":""01:00""},""tue"":{""kind"":""open"",""open"":""07:00"",""close"":""01:00""},""wed"":{""kind"":""open"",""open"":""07:00"",""close"":""01:00""},""thu"":{""kind"":""open"",""open"":""07:00"",""close"":""01:00""},""fri"":{""kind"":""open"",""open"":""07:00"",""close"":""01:00""},""sat"":{""kind"":""open"",""open"":""07:00"",""close"":""01:00""},""sun"":{""kind"":""open"",""open"":""07:00"",""close"":""01:00""}}",,,,,,,OPERATIONAL,Coffee shop|Coffee shop,http://www.thegreencoffee.com/,true,
ChIJnxY_Wwpt-TIRGilFjhs2EjI,Green Coffee - Polo,"Polo St, Obrero, Davao City",7.0818686,125.6137083,"{""mon"":{""kind"":""open"",""open"":""07:00"",""close"":""01:00""},""tue"":{""kind"":""open"",""open"":""07:00"",""close"":""01:00""},""wed"":{""kind"":""open"",""open"":""07:00"",""close"":""01:00""},""thu"":{""kind"":""open"",""open"":""07:00"",""close"":""01:00""},""fri"":{""kind"":""open"",""open"":""07:00"",""close"":""01:00""},""sat"":{""kind"":""open"",""open"":""07:00"",""close"":""01:00""},""sun"":{""kind"":""open"",""open"":""07:00"",""close"":""01:00""}}",,,,,,,OPERATIONAL,Coffee shop|Coffee shop,http://www.thegreencoffee.com/,true,
ChIJKx8v_7Vt-TIRtBpK7UX4L1E,Grind Coffee Mobile Bar,"Abreeza Mall, Poblacion District, Davao City",7.090131599999999,125.61070769999999,"{""mon"":{""kind"":""open"",""open"":""06:00"",""close"":""20:00""},""tue"":{""kind"":""open"",""open"":""06:00"",""close"":""20:00""},""wed"":{""kind"":""open"",""open"":""06:00"",""close"":""20:00""},""thu"":{""kind"":""open"",""open"":""06:00"",""close"":""20:00""},""fri"":{""kind"":""open"",""open"":""06:00"",""close"":""20:00""},""sat"":{""kind"":""open"",""open"":""06:00"",""close"":""20:00""},""sun"":{""kind"":""open"",""open"":""06:00"",""close"":""20:00""}}",0946 609 2560,,,,,,OPERATIONAL,Coffee shop|Coffee shop,https://www.facebook.com/grindcoffeebardvo,true,
ChIJs1S7S_tt-TIRIZ09MWWVgt0,Habitat Coffee - Lanang Branch,"Unit D, Lanang Business Park, J.P. Laurel Ave, Buhangin, Davao City",7.1029532,125.636968,"{""mon"":{""kind"":""open"",""open"":""07:00"",""close"":""22:00""},""tue"":{""kind"":""open"",""open"":""07:00"",""close"":""22:00""},""wed"":{""kind"":""open"",""open"":""07:00"",""close"":""22:00""},""thu"":{""kind"":""open"",""open"":""07:00"",""close"":""22:00""},""fri"":{""kind"":""open"",""open"":""07:00"",""close"":""22:00""},""sat"":{""kind"":""open"",""open"":""08:30"",""close"":""22:00""},""sun"":{""kind"":""open"",""open"":""08:30"",""close"":""22:00""}}",,,,,,,OPERATIONAL,Cafe|Cafe,,true,
ChIJZ_csgdIN-TIRJJU1HGe1P1c,Happy Valley Cafe Davao,"B22 L17 HAPPY VALLEY ST, Balusong Ave, MATINA, Davao City",7.0625143999999995,125.561853,"{""mon"":{""kind"":""open"",""open"":""08:00"",""close"":""19:00""},""tue"":{""kind"":""open"",""open"":""08:00"",""close"":""19:00""},""wed"":{""kind"":""open"",""open"":""08:00"",""close"":""19:00""},""thu"":{""kind"":""open"",""open"":""08:00"",""close"":""19:00""},""fri"":{""kind"":""open"",""open"":""08:00"",""close"":""19:00""},""sat"":{""kind"":""open"",""open"":""08:00"",""close"":""19:00""},""sun"":{""kind"":""closed""}}",,,,,,,OPERATIONAL,Cafe|Cafe,,true,
ChIJCWI_u2xt-TIRQC05uQa4EjU,Headspace Coffee,"J.P. Laurel Ave, Poblacion District, Davao City",7.0809220999999996,125.6129361,"{""mon"":{""kind"":""open"",""open"":""08:00"",""close"":""00:00""},""tue"":{""kind"":""open"",""open"":""08:00"",""close"":""00:00""},""wed"":{""kind"":""open"",""open"":""08:00"",""close"":""00:00""},""thu"":{""kind"":""open"",""open"":""08:00"",""close"":""00:00""},""fri"":{""kind"":""open"",""open"":""08:00"",""close"":""00:00""},""sat"":{""kind"":""open"",""open"":""08:00"",""close"":""00:00""},""sun"":{""kind"":""open"",""open"":""13:00"",""close"":""00:00""}}",0960 439 3795,,,,,,OPERATIONAL,Cafe|Cafe,https://headspacecoffee.co/,true,
ChIJwZI84Q1t-TIRrTNN-j2cWjA,Hid'n Coffee,"Palm Village, Nicasio Torres St, Obrero, Davao City",7.0901844,125.6145808,"{""mon"":{""kind"":""open"",""open"":""13:00"",""close"":""21:00""},""tue"":{""kind"":""open"",""open"":""06:00"",""close"":""23:00""},""wed"":{""kind"":""open"",""open"":""06:00"",""close"":""23:00""},""thu"":{""kind"":""open"",""open"":""06:00"",""close"":""23:00""},""fri"":{""kind"":""open"",""open"":""06:00"",""close"":""23:00""},""sat"":{""kind"":""open"",""open"":""06:00"",""close"":""23:00""},""sun"":{""kind"":""open"",""open"":""06:00"",""close"":""23:00""}}",,,,,,,OPERATIONAL,Coffee shop|Coffee shop,,true,
ChIJyXMIwAQP-TIR0zXnj5fBK9s,High Moon Haven,"Manambulan Tagakpan Rd, Toril, Davao City",7.031276699999999,125.494461,"{""mon"":{""kind"":""open"",""open"":""11:00"",""close"":""01:00""},""tue"":{""kind"":""open"",""open"":""11:00"",""close"":""01:00""},""wed"":{""kind"":""open"",""open"":""11:00"",""close"":""01:00""},""thu"":{""kind"":""open"",""open"":""11:00"",""close"":""01:00""},""fri"":{""kind"":""open"",""open"":""11:00"",""close"":""01:00""},""sat"":{""kind"":""open"",""open"":""11:00"",""close"":""01:00""},""sun"":{""kind"":""open"",""open"":""11:00"",""close"":""01:00""}}",0968 571 8099,,,,,,OPERATIONAL,Coffee shop|Coffee shop,,true,
ChIJC6f0FGIX-TIRerm9vMWRwCc,Hikaru de Cielo Cafe,"Purok 21, San Roque, Davao - Bukidnon Hwy, Calinan, Calinan District, Davao City",7.1750599,125.46989359999999,"{""mon"":{""kind"":""open"",""open"":""10:00"",""close"":""22:00""},""tue"":{""kind"":""open"",""open"":""10:00"",""close"":""22:00""},""wed"":{""kind"":""open"",""open"":""10:00"",""close"":""22:00""},""thu"":{""kind"":""open"",""open"":""10:00"",""close"":""22:00""},""fri"":{""kind"":""open"",""open"":""10:00"",""close"":""22:00""},""sat"":{""kind"":""open"",""open"":""10:00"",""close"":""22:00""},""sun"":{""kind"":""open"",""open"":""10:00"",""close"":""22:00""}}",,,,,,,OPERATIONAL,Coffee shop|Coffee shop,,true,
ChIJZwwJPEJt-TIRexOyEoVIzhI,Hills and Valleys Coffee - Buhangin Davao,"Block 20 Lot 51 and 53, Montclair Highlands, Tigatto Rd, Buhangin, Davao City",7.1111236,125.60927459999999,"{""mon"":{""kind"":""open"",""open"":""11:00"",""close"":""21:00""},""tue"":{""kind"":""open"",""open"":""09:00"",""close"":""02:00""},""wed"":{""kind"":""open"",""open"":""09:00"",""close"":""02:00""},""thu"":{""kind"":""open"",""open"":""09:00"",""close"":""02:00""},""fri"":{""kind"":""open"",""open"":""09:00"",""close"":""02:00""},""sat"":{""kind"":""open"",""open"":""11:00"",""close"":""21:00""},""sun"":{""kind"":""open"",""open"":""11:00"",""close"":""21:00""}}",,,,,,,OPERATIONAL,Coffee shop|Coffee shop,https://hillsandvalleys.ph/locations/coffee-shop-in-buhangin-davao/,true,
ChIJX5YsTdAX-TIRUQUhuD5B0Hw,HisHer by Purge Coffee,"Unit 1 Upper Ground Floor, Azuela Cove, G-Center, Lanang, Davao City",7.1029062,125.6440543,"{""mon"":{""kind"":""open"",""open"":""10:00"",""close"":""21:00""},""tue"":{""kind"":""open"",""open"":""10:00"",""close"":""21:00""},""wed"":{""kind"":""open"",""open"":""10:00"",""close"":""21:00""},""thu"":{""kind"":""open"",""open"":""10:00"",""close"":""21:00""},""fri"":{""kind"":""open"",""open"":""10:00"",""close"":""21:00""},""sat"":{""kind"":""open"",""open"":""10:00"",""close"":""21:00""},""sun"":{""kind"":""open"",""open"":""10:00"",""close"":""21:00""}}",,,,,,,OPERATIONAL,Coffee shop|Coffee shop,,true,
ChIJ7UTaNABt-TIRJUgFrvkAUPA,Ideal Coffee Roaster,"3JXJ+F9, Poblacion District, Davao City",7.0727533,125.60729359999999,,,,,,,,OPERATIONAL,Coffee shop|Coffee shop,https://www.facebook.com/share/1F7HAw5cov/,false,missing_hours
ChIJUxjrxVdz-TIR6_r1ljqarf4,IDK cafe PH,"Eight cafe, #004 Curacha St, Lanzona subdivision, Davao City",7.0508437,125.5745393,,0977 065 2446,,,,,,OPERATIONAL,Coffee shop|Coffee shop,,false,missing_hours
ChIJU_0EwhVt-TIR7AqzDUYlWqo,Indoor Café,"Block 8, Lot 3 Camia, Cabantian, Buhangin, Davao City",7.133152099999999,125.62341909999999,"{""mon"":{""kind"":""open"",""open"":""12:00"",""close"":""03:00""},""tue"":{""kind"":""open"",""open"":""12:00"",""close"":""03:00""},""wed"":{""kind"":""open"",""open"":""12:00"",""close"":""03:00""},""thu"":{""kind"":""open"",""open"":""12:00"",""close"":""03:00""},""fri"":{""kind"":""open"",""open"":""12:00"",""close"":""03:00""},""sat"":{""kind"":""open"",""open"":""12:00"",""close"":""03:00""},""sun"":{""kind"":""open"",""open"":""12:00"",""close"":""00:00""}}",0995 860 7789,,,,,,OPERATIONAL,Coffee shop|Coffee shop,https://www.facebook.com/profile.php?id=100088811694968,true,
ChIJKXGX2k1r-TIRm81TRJsHGOY,Inherent Coffee,"2nd Fl, JPP Commercial Bldg, Door 1 VDLR, Crossing Bayabas, Toril, Davao City",7.0217928999999994,125.4955851,"{""mon"":{""kind"":""open"",""open"":""11:00"",""close"":""05:00""},""tue"":{""kind"":""open"",""open"":""11:00"",""close"":""05:00""},""wed"":{""kind"":""open"",""open"":""11:00"",""close"":""05:00""},""thu"":{""kind"":""open"",""open"":""11:00"",""close"":""05:00""},""fri"":{""kind"":""open"",""open"":""11:00"",""close"":""05:00""},""sat"":{""kind"":""open"",""open"":""11:00"",""close"":""05:00""},""sun"":{""kind"":""open"",""open"":""11:00"",""close"":""05:00""}}",,,,,,,OPERATIONAL,Coffee shop|Coffee shop,,true,
ChIJydSBq_0X-TIRXDVbLtCPIyI,Isolate Coffee Shop,"2nd Floor, Chino's Box, Door 8 Malanos St, Calinan Poblacion, Davao City",7.1888518999999995,125.45341459999999,"{""mon"":{""kind"":""closed""},""tue"":{""kind"":""open"",""open"":""14:00"",""close"":""22:00""},""wed"":{""kind"":""open"",""open"":""14:00"",""close"":""22:00""},""thu"":{""kind"":""open"",""open"":""14:00"",""close"":""22:00""},""fri"":{""kind"":""open"",""open"":""14:00"",""close"":""22:00""},""sat"":{""kind"":""open"",""open"":""14:00"",""close"":""22:00""},""sun"":{""kind"":""open"",""open"":""14:00"",""close"":""22:00""}}",,,,,,,OPERATIONAL,Coffee shop|Coffee shop|Cafe,,true,
ChIJy2Z6cABt-TIROEPCUyaNPAE,Kafih - Davao,"Door 21 Medical School Dr, Poblacion District, Davao City",7.085700999999999,125.6080009,"{""mon"":{""kind"":""all_day""},""tue"":{""kind"":""all_day""},""wed"":{""kind"":""all_day""},""thu"":{""kind"":""all_day""},""fri"":{""kind"":""all_day""},""sat"":{""kind"":""all_day""},""sun"":{""kind"":""all_day""}}",0966 667 3576,,,,,,OPERATIONAL,Coffee shop|Coffee shop|Cafe|Lunch restaurant|Takeout Restaurant|Wi-Fi spot,,true,
ChIJdyEmUgBt-TIRyv6MqTB840o,KampoRide Brew Coffee,"Km.5 Buhangin-Lapanday Rd, Buhangin, Davao City",7.1061464,125.6139051,"{""mon"":{""kind"":""open"",""open"":""21:00"",""close"":""03:00""},""tue"":{""kind"":""open"",""open"":""21:00"",""close"":""03:00""},""wed"":{""kind"":""open"",""open"":""21:00"",""close"":""03:00""},""thu"":{""kind"":""open"",""open"":""21:00"",""close"":""03:00""},""fri"":{""kind"":""open"",""open"":""21:00"",""close"":""03:00""},""sat"":{""kind"":""open"",""open"":""21:00"",""close"":""03:00""},""sun"":{""kind"":""open"",""open"":""21:00"",""close"":""03:00""}}",0993 556 7897,,,,,,OPERATIONAL,Coffee shop|Coffee shop,https://www.facebook.com/share/19o3QupPzd/?mibextid=wwXIfr,true,
ChIJ337c7fsN-TIRC3pXqMOkfZw,Kanoffee Toril,"Mallview Petron Service Station, Km 16 McArthur Highway, Toril, Davao City",7.0180643,125.493004,"{""mon"":{""kind"":""all_day""},""tue"":{""kind"":""all_day""},""wed"":{""kind"":""all_day""},""thu"":{""kind"":""all_day""},""fri"":{""kind"":""all_day""},""sat"":{""kind"":""all_day""},""sun"":{""kind"":""all_day""}}",,,,,,,OPERATIONAL,Coffee shop|Coffee shop,,true,
ChIJJ4QWjTlt-TIR4pdsQzIpnjg,"KAOS CAFE - 24 Hours, Jacinto St.","77 Emilio Jacinto St, Poblacion District, Davao City",7.0692628,125.6162627,"{""mon"":{""kind"":""all_day""},""tue"":{""kind"":""all_day""},""wed"":{""kind"":""all_day""},""thu"":{""kind"":""all_day""},""fri"":{""kind"":""all_day""},""sat"":{""kind"":""all_day""},""sun"":{""kind"":""all_day""}}",0995 668 4805,,,,,,OPERATIONAL,Cafe|Cafe|Art cafe|Cake shop|Coffee shop|Dessert shop|Restaurant|Tea house,,true,
ChIJWfeMGQBt-TIRht5gk4PMfGg,"KAOS CAFE - 24 Hours, Marfori Heights","Marfori Heights, 9 Circumferential Rd, Poblacion District, Davao City",7.080658199999999,125.6039108,"{""mon"":{""kind"":""all_day""},""tue"":{""kind"":""all_day""},""wed"":{""kind"":""all_day""},""thu"":{""kind"":""all_day""},""fri"":{""kind"":""all_day""},""sat"":{""kind"":""all_day""},""sun"":{""kind"":""all_day""}}",0976 192 3433,,,,,,OPERATIONAL,Cafe|Cafe|Art cafe|Breakfast restaurant|Coffee shop|Diner|Lunch restaurant|Delivery Restaurant|Restaurant|Snack bar|Tea house,,true,
ChIJk3f1-2Zt-TIR5gzcGpLAxAk,Kape Martian,"Damaso, Buhangin-Cabantian-Indangan Rd, Buhangin, Davao City",7.1006462,125.6148528,"{""mon"":{""kind"":""open"",""open"":""21:30"",""close"":""04:00""},""tue"":{""kind"":""open"",""open"":""21:30"",""close"":""04:00""},""wed"":{""kind"":""open"",""open"":""21:30"",""close"":""04:00""},""thu"":{""kind"":""open"",""open"":""21:30"",""close"":""04:00""},""fri"":{""kind"":""open"",""open"":""21:30"",""close"":""04:00""},""sat"":{""kind"":""open"",""open"":""21:30"",""close"":""04:00""},""sun"":{""kind"":""open"",""open"":""21:30"",""close"":""04:00""}}",0916 523 2321,,,,,,OPERATIONAL,Coffee shop|Coffee shop,,true,
ChIJq17zV1ht-TIRo5jgU3YXpAc,Karlo's Gourmet & Coffee,"3H8J+FX3, Shrine Hills Rd, Matina, Davao City",7.066142999999999,125.5824262,"{""mon"":{""kind"":""open"",""open"":""08:00"",""close"":""23:00""},""tue"":{""kind"":""open"",""open"":""08:00"",""close"":""23:00""},""wed"":{""kind"":""open"",""open"":""08:00"",""close"":""23:00""},""thu"":{""kind"":""open"",""open"":""08:00"",""close"":""23:00""},""fri"":{""kind"":""open"",""open"":""08:00"",""close"":""23:00""},""sat"":{""kind"":""open"",""open"":""08:00"",""close"":""23:00""},""sun"":{""kind"":""open"",""open"":""08:00"",""close"":""21:00""}}",,,,,,,OPERATIONAL,Cafe|Cafe,,true,
ChIJi41porpt-TIRCJHkYWh5kAw,Koop Creperie & Cafe - Obrero,"Door 1, YJF Bldg, Loyola St, Obrero, Davao City",7.083764599999999,125.6150122,"{""mon"":{""kind"":""open"",""open"":""11:00"",""close"":""21:00""},""tue"":{""kind"":""open"",""open"":""11:00"",""close"":""21:00""},""wed"":{""kind"":""open"",""open"":""11:00"",""close"":""21:00""},""thu"":{""kind"":""open"",""open"":""11:00"",""close"":""21:00""},""fri"":{""kind"":""open"",""open"":""11:00"",""close"":""21:00""},""sat"":{""kind"":""open"",""open"":""11:00"",""close"":""21:00""},""sun"":{""kind"":""open"",""open"":""12:00"",""close"":""21:00""}}",,,,,,,OPERATIONAL,Creperie|Creperie|Coffee shop,,true,
ChIJLcNla6Nt-TIR81VEhpQZPfI,Krawd Coffee,"J. Luna St, Poblacion District, Davao City",7.0722955999999995,125.6161082,"{""mon"":{""kind"":""open"",""open"":""09:00"",""close"":""23:00""},""tue"":{""kind"":""open"",""open"":""09:00"",""close"":""23:00""},""wed"":{""kind"":""open"",""open"":""09:00"",""close"":""23:00""},""thu"":{""kind"":""open"",""open"":""09:00"",""close"":""23:00""},""fri"":{""kind"":""open"",""open"":""09:00"",""close"":""23:00""},""sat"":{""kind"":""open"",""open"":""09:00"",""close"":""23:00""},""sun"":{""kind"":""open"",""open"":""09:00"",""close"":""23:00""}}",,,,,,,OPERATIONAL,Coffee shop|Coffee shop,,true,
ChIJT1hgm2Zt-TIRsmFvT7VE5Zw,Kudose Cafe,"19-B Iñigo St, Obrero, Davao City",7.085096699999999,125.6135992,"{""mon"":{""kind"":""open"",""open"":""10:30"",""close"":""00:00""},""tue"":{""kind"":""open"",""open"":""10:30"",""close"":""00:00""},""wed"":{""kind"":""open"",""open"":""10:30"",""close"":""00:00""},""thu"":{""kind"":""open"",""open"":""10:30"",""close"":""00:00""},""fri"":{""kind"":""open"",""open"":""10:30"",""close"":""00:00""},""sat"":{""kind"":""open"",""open"":""10:30"",""close"":""00:00""},""sun"":{""kind"":""closed""}}",,,,,,,OPERATIONAL,Cafe|Cafe,,true,
ChIJv71o4c4P-TIRTxrdjZ-wk5w,Lantaw Banud Café,"Purok 2, Banud, Toril, Davao City",7.033480699999999,125.46037059999999,"{""mon"":{""kind"":""open"",""open"":""06:00"",""close"":""21:00""},""tue"":{""kind"":""open"",""open"":""06:00"",""close"":""21:00""},""wed"":{""kind"":""open"",""open"":""06:00"",""close"":""21:00""},""thu"":{""kind"":""open"",""open"":""06:00"",""close"":""21:00""},""fri"":{""kind"":""open"",""open"":""06:00"",""close"":""21:00""},""sat"":{""kind"":""open"",""open"":""06:00"",""close"":""21:00""},""sun"":{""kind"":""open"",""open"":""06:00"",""close"":""21:00""}}",0938 135 8021,,,,,,OPERATIONAL,Coffee shop|Coffee shop,,true,
ChIJa5S1Dpxy-TIR3BvBoveM0uc,Lara Mia Café & Bistro,"Juna Subdivision, University Avenue, corner Talisay St, Matina, Davao City",7.0560265,125.59412499999999,"{""mon"":{""kind"":""open"",""open"":""10:00"",""close"":""21:00""},""tue"":{""kind"":""open"",""open"":""10:00"",""close"":""21:00""},""wed"":{""kind"":""open"",""open"":""10:00"",""close"":""21:00""},""thu"":{""kind"":""open"",""open"":""10:00"",""close"":""21:00""},""fri"":{""kind"":""open"",""open"":""10:00"",""close"":""21:00""},""sat"":{""kind"":""open"",""open"":""10:00"",""close"":""21:00""},""sun"":{""kind"":""open"",""open"":""10:00"",""close"":""21:00""}}",0932 828 3636,,,,,,OPERATIONAL,Italian restaurant|Italian restaurant|Cafe|Coffee shop|Dessert restaurant|Ice cream shop|Pizza restaurant,http://www.facebook.com/LaraMiaFudge,true,
ChIJEWtJQgBz-TIRiiHJEZrTGZM,Lately Coffee,"Carlos Villa Abrille Drive Extension, Matina, Davao City",7.058386,125.5867301,"{""mon"":{""kind"":""closed""},""tue"":{""kind"":""open"",""open"":""15:00"",""close"":""00:00""},""wed"":{""kind"":""open"",""open"":""15:00"",""close"":""00:00""},""thu"":{""kind"":""open"",""open"":""15:00"",""close"":""00:00""},""fri"":{""kind"":""open"",""open"":""15:00"",""close"":""00:00""},""sat"":{""kind"":""open"",""open"":""15:00"",""close"":""00:00""},""sun"":{""kind"":""open"",""open"":""15:00"",""close"":""00:00""}}",0962 960 4175,,,,,,OPERATIONAL,Coffee shop|Coffee shop,,true,
ChIJz0Ovgddr-TIRNeK-V6XnATE,Lot 38 Kape,"Lot 38 Block 4 Phase 1, Deca Homes Indangan, Block 4, Lot 1, Phase I, Buhangin, Davao City",7.1520112,125.5962804,"{""mon"":{""kind"":""open"",""open"":""15:00"",""close"":""22:00""},""tue"":{""kind"":""open"",""open"":""15:00"",""close"":""22:00""},""wed"":{""kind"":""open"",""open"":""15:00"",""close"":""22:00""},""thu"":{""kind"":""open"",""open"":""15:00"",""close"":""22:00""},""fri"":{""kind"":""open"",""open"":""15:00"",""close"":""22:00""},""sat"":{""kind"":""open"",""open"":""15:00"",""close"":""22:00""},""sun"":{""kind"":""closed""}}",,,,,,,OPERATIONAL,Cafe|Cafe,,true,
ChIJBbl5egAX-TIRRAebikk6E68,Lucky day coffee,"5C6R+765, Wangan, Calinan District, Davao City",7.160626499999999,125.4406193,,0945 847 6634,,,,,,OPERATIONAL,Coffee shop|Coffee shop,,false,missing_hours
ChIJfflVdQAX-TIR5CDDSJENu7s,MATCHATUALS,"P-33 56, A Ramon, R. Magsaysay St, Calinan, Davao City",7.188614899999999,125.45078249999999,"{""mon"":{""kind"":""open"",""open"":""16:00"",""close"":""22:00""},""tue"":{""kind"":""open"",""open"":""16:00"",""close"":""22:00""},""wed"":{""kind"":""open"",""open"":""16:00"",""close"":""22:00""},""thu"":{""kind"":""open"",""open"":""16:00"",""close"":""22:00""},""fri"":{""kind"":""open"",""open"":""16:00"",""close"":""22:00""},""sat"":{""kind"":""open"",""open"":""16:00"",""close"":""22:00""},""sun"":{""kind"":""closed""}}",0991 203 1734,,,,,,OPERATIONAL,Cafe|Cafe,https://www.instagram.com/matchatuals/,true,
ChIJ0Rz4dAAX-TIRQw2-Ku4onyY,MATWELS COFFEE STATION CALINAN BRANCH,"Teachers Village, Narra St, Calinan District, Davao City",7.185515499999999,125.4574548,"{""mon"":{""kind"":""open"",""open"":""09:00"",""close"":""21:00""},""tue"":{""kind"":""open"",""open"":""09:00"",""close"":""21:00""},""wed"":{""kind"":""open"",""open"":""09:00"",""close"":""21:00""},""thu"":{""kind"":""open"",""open"":""09:00"",""close"":""21:00""},""fri"":{""kind"":""open"",""open"":""09:00"",""close"":""21:00""},""sat"":{""kind"":""open"",""open"":""09:00"",""close"":""21:00""},""sun"":{""kind"":""open"",""open"":""09:00"",""close"":""21:00""}}",,,,,,,OPERATIONAL,Coffee shop|Coffee shop,,true,
ChIJyQIXigtt-TIRWM3aL-9feC0,Midnights Cafe,"3JF7+689, Emilio Jacinto St, Poblacion District, Davao City",7.0730049,125.61339699999999,"{""mon"":{""kind"":""open"",""open"":""10:00"",""close"":""04:00""},""tue"":{""kind"":""open"",""open"":""10:00"",""close"":""04:00""},""wed"":{""kind"":""open"",""open"":""10:00"",""close"":""04:00""},""thu"":{""kind"":""open"",""open"":""10:00"",""close"":""04:00""},""fri"":{""kind"":""open"",""open"":""10:00"",""close"":""04:00""},""sat"":{""kind"":""open"",""open"":""10:00"",""close"":""04:00""},""sun"":{""kind"":""open"",""open"":""15:00"",""close"":""04:00""}}",0917 178 9977,,,,,,OPERATIONAL,Cafe|Cafe,,true,
ChIJcZgzPgBz-TIR5O2L8RLjWQY,Mille Matcha - DGT,"2F 5-1, Davao Global Township, Matina, Davao City",7.0567766,125.5821903,"{""mon"":{""kind"":""open"",""open"":""11:00"",""close"":""21:00""},""tue"":{""kind"":""open"",""open"":""11:00"",""close"":""21:00""},""wed"":{""kind"":""open"",""open"":""11:00"",""close"":""21:00""},""thu"":{""kind"":""open"",""open"":""11:00"",""close"":""21:00""},""fri"":{""kind"":""open"",""open"":""11:00"",""close"":""23:00""},""sat"":{""kind"":""open"",""open"":""11:00"",""close"":""23:00""},""sun"":{""kind"":""open"",""open"":""11:00"",""close"":""23:00""}}",0915 801 2662,,,,,,OPERATIONAL,Coffee shop|Coffee shop,,true,
ChIJwbxkvyRz-TIRNWfaTrsxujQ,olo. Coffee And Concepts,"Phase 1, 319, ecoland, 6 A st, Talomo, Davao City",7.051081099999999,125.59499109999999,"{""mon"":{""kind"":""open"",""open"":""11:00"",""close"":""21:00""},""tue"":{""kind"":""open"",""open"":""11:00"",""close"":""21:00""},""wed"":{""kind"":""open"",""open"":""11:00"",""close"":""21:00""},""thu"":{""kind"":""open"",""open"":""11:00"",""close"":""21:00""},""fri"":{""kind"":""open"",""open"":""11:00"",""close"":""21:00""},""sat"":{""kind"":""open"",""open"":""11:00"",""close"":""21:00""},""sun"":{""kind"":""open"",""open"":""11:00"",""close"":""21:00""}}",,,,,,,OPERATIONAL,Cafe|Cafe,,true,
ChIJU_VnVwBt-TIRW5uu1pDViBA,Overdose Coffee Obrero,"3JJ7+M64, Polo St, Poblacion District, Davao City",7.0816463,125.6130754,"{""mon"":{""kind"":""open"",""open"":""08:00"",""close"":""02:00""},""tue"":{""kind"":""open"",""open"":""08:00"",""close"":""02:00""},""wed"":{""kind"":""open"",""open"":""08:00"",""close"":""02:00""},""thu"":{""kind"":""open"",""open"":""08:00"",""close"":""02:00""},""fri"":{""kind"":""open"",""open"":""08:00"",""close"":""02:00""},""sat"":{""kind"":""open"",""open"":""08:00"",""close"":""02:00""},""sun"":{""kind"":""open"",""open"":""08:00"",""close"":""02:00""}}",0922 285 4688,,,,,,OPERATIONAL,Coffee shop|Coffee shop,http://overdose.coffee.ph/,true,
ChIJ1-a8dAAX-TIRjxCMXG-j5EY,PAOLINE CAFE,"5FFC+W2H, Davao - Bukidnon Hwy, Calinan District, Davao City",7.1748116,125.4701065,,,,,,,,OPERATIONAL,Coffee shop|Coffee shop,,false,missing_hours
ChIJg5PLTYJt-TIR_krBi9QQb18,Paramount Coffee - Lanang,"JP Laurel Avenue, Brgy R. Castillo St, Lanang, Davao City",7.101197399999999,125.63367649999999,"{""mon"":{""kind"":""open"",""open"":""10:00"",""close"":""23:00""},""tue"":{""kind"":""open"",""open"":""10:00"",""close"":""23:00""},""wed"":{""kind"":""open"",""open"":""10:00"",""close"":""23:00""},""thu"":{""kind"":""open"",""open"":""10:00"",""close"":""23:00""},""fri"":{""kind"":""open"",""open"":""10:00"",""close"":""23:00""},""sat"":{""kind"":""open"",""open"":""10:00"",""close"":""23:00""},""sun"":{""kind"":""open"",""open"":""10:00"",""close"":""23:00""}}",0954 372 3750,,,,,,OPERATIONAL,Coffee shop|Coffee shop,http://www.paramountcoffeeph.com/,true,
ChIJe7mXUgBz-TIRp-PZxoezskM,Paramount Coffee SM Ecoland Annex,"Level 1, Annex, Talomo, Davao City",7.0494866,125.58943409999999,"{""mon"":{""kind"":""open"",""open"":""10:00"",""close"":""21:00""},""tue"":{""kind"":""open"",""open"":""10:00"",""close"":""21:00""},""wed"":{""kind"":""open"",""open"":""10:00"",""close"":""21:00""},""thu"":{""kind"":""open"",""open"":""10:00"",""close"":""21:00""},""fri"":{""kind"":""open"",""open"":""10:00"",""close"":""22:00""},""sat"":{""kind"":""open"",""open"":""10:00"",""close"":""22:00""},""sun"":{""kind"":""open"",""open"":""10:00"",""close"":""21:00""}}",,,,,,,OPERATIONAL,Coffee shop|Coffee shop,https://www.paramountcoffeeph.com/,true,
ChIJlRLXYgBt-TIRLkApqMOcdiQ,Pergola Brew,"4J5P+72V, Diamond Ave, Lanang, Davao City",7.1082407,125.63504839999999,,,,,,,,OPERATIONAL,Coffee shop|Coffee shop,,false,missing_hours
ChIJGZtB7GVt-TIRQtTBASYyLl0,⁠PICKUP COFFEE - Ayala Abreeza Mall,"Abreeza Mall, J.P. Laurel Ave, Poblacion District, Davao City",7.0914712,125.610687,"{""mon"":{""kind"":""open"",""open"":""08:00"",""close"":""20:00""},""tue"":{""kind"":""open"",""open"":""08:00"",""close"":""20:00""},""wed"":{""kind"":""open"",""open"":""08:00"",""close"":""20:00""},""thu"":{""kind"":""open"",""open"":""08:00"",""close"":""20:00""},""fri"":{""kind"":""open"",""open"":""08:00"",""close"":""20:00""},""sat"":{""kind"":""open"",""open"":""08:00"",""close"":""20:00""},""sun"":{""kind"":""open"",""open"":""08:00"",""close"":""20:00""}}",,,,,,,OPERATIONAL,Restaurant|Restaurant|Coffee shop,https://pickup-coffee.com/pickup-store-locations/,true,
ChIJB7_d1fxz-TIRbe2mFI9748g,PICKUP COFFEE - Caltex Ecoland,"Caltex, Ecoland Dr, Talomo, Davao City",7.0534463999999994,125.5981248,"{""mon"":{""kind"":""open"",""open"":""06:00"",""close"":""22:00""},""tue"":{""kind"":""open"",""open"":""06:00"",""close"":""22:00""},""wed"":{""kind"":""open"",""open"":""06:00"",""close"":""22:00""},""thu"":{""kind"":""open"",""open"":""06:00"",""close"":""22:00""},""fri"":{""kind"":""open"",""open"":""06:00"",""close"":""22:00""},""sat"":{""kind"":""open"",""open"":""06:00"",""close"":""22:00""},""sun"":{""kind"":""open"",""open"":""06:00"",""close"":""22:00""}}",0945 552 3677,,,,,,OPERATIONAL,Restaurant|Restaurant|Coffee shop,https://pickup-coffee.com/pickup-store-locations/,true,
ChIJAdhfbABt-TIRPt2yL0LkXSM,PICKUP COFFEE - Davao Finance Center,"G/F Unit A2, Davao Finance Center, Davao Park District, SP Dacudao Lp, Agdao, Davao City",7.0963071,125.62916159999999,"{""mon"":{""kind"":""all_day""},""tue"":{""kind"":""all_day""},""wed"":{""kind"":""all_day""},""thu"":{""kind"":""all_day""},""fri"":{""kind"":""all_day""},""sat"":{""kind"":""all_day""},""sun"":{""kind"":""all_day""}}",0960 942 2171,,,,,,OPERATIONAL,Coffee shop|Coffee shop,https://pickup-coffee.com/pickup-store-locations/,true,
ChIJ3SVdZABt-TIRw89BdeJirGk,PICKUP COFFEE - Oroderm City,"Oroderm City, C. M. Recto St, Barangay 35-D, Poblacion District, Davao City",7.0670407,125.61080989999999,"{""mon"":{""kind"":""all_day""},""tue"":{""kind"":""all_day""},""wed"":{""kind"":""all_day""},""thu"":{""kind"":""all_day""},""fri"":{""kind"":""all_day""},""sat"":{""kind"":""all_day""},""sun"":{""kind"":""all_day""}}",,,,,,,OPERATIONAL,Coffee shop|Coffee shop,,true,
ChIJAei1jbwX-TIRtDq_8A_6Vq0,Project Decielo Cafe,"San Roque, Calinan, Davao City",7.1750326,125.4698696,"{""mon"":{""kind"":""closed""},""tue"":{""kind"":""closed""},""wed"":{""kind"":""closed""},""thu"":{""kind"":""open"",""open"":""08:00"",""close"":""02:00""},""fri"":{""kind"":""open"",""open"":""20:00"",""close"":""02:00""},""sat"":{""kind"":""open"",""open"":""20:00"",""close"":""02:00""},""sun"":{""kind"":""open"",""open"":""20:00"",""close"":""02:00""}}",,,,,,,OPERATIONAL,Cafe|Cafe,,true,
ChIJgZ7CaZ9y-TIRL1-z6HgwmpI,Purge Coffee Roaster,"Tulip Dr, Matina Crossing, Talomo, Davao City",7.0575009,125.5885661,"{""mon"":{""kind"":""open"",""open"":""08:00"",""close"":""22:30""},""tue"":{""kind"":""open"",""open"":""08:00"",""close"":""22:30""},""wed"":{""kind"":""open"",""open"":""08:00"",""close"":""22:30""},""thu"":{""kind"":""open"",""open"":""08:00"",""close"":""22:30""},""fri"":{""kind"":""open"",""open"":""08:00"",""close"":""22:30""},""sat"":{""kind"":""open"",""open"":""08:00"",""close"":""22:30""},""sun"":{""kind"":""open"",""open"":""08:00"",""close"":""22:30""}}",0945 203 1303,,,,,,OPERATIONAL,Cafe|Cafe,https://www.facebook.com/PurgeCoffeeRoaster,true,
ChIJlbKNAABt-TIReicU9GNcMdY,QH Cafe,"15 P. Sobrecarey St, Obrero, Davao City",7.0778227,125.6186134,"{""mon"":{""kind"":""closed""},""tue"":{""kind"":""open"",""open"":""11:00"",""close"":""20:00""},""wed"":{""kind"":""open"",""open"":""12:00"",""close"":""21:00""},""thu"":{""kind"":""open"",""open"":""12:00"",""close"":""21:00""},""fri"":{""kind"":""open"",""open"":""12:00"",""close"":""21:00""},""sat"":{""kind"":""open"",""open"":""12:00"",""close"":""21:00""},""sun"":{""kind"":""open"",""open"":""11:00"",""close"":""20:00""}}",,,,,,,OPERATIONAL,Coffee shop|Coffee shop,,true,
ChIJUwm5CABt-TIRMW6Zcm_TPCY,RnK’s Garage Cafe,"Apollo, Prk, San Francisco Street, Buhangin, Davao City",7.1085484,125.6156657,"{""mon"":{""kind"":""open"",""open"":""18:00"",""close"":""02:00""},""tue"":{""kind"":""open"",""open"":""18:00"",""close"":""02:00""},""wed"":{""kind"":""open"",""open"":""18:00"",""close"":""02:00""},""thu"":{""kind"":""open"",""open"":""18:00"",""close"":""02:00""},""fri"":{""kind"":""open"",""open"":""17:00"",""close"":""03:00""},""sat"":{""kind"":""open"",""open"":""17:00"",""close"":""03:00""},""sun"":{""kind"":""open"",""open"":""18:00"",""close"":""02:00""}}",0945 541 8583,,,,,,OPERATIONAL,Cafe|Cafe|Coffee shop,https://www.facebook.com/share/1GWgqurimv/?mibextid=wwXIfr,true,
ChIJZcEgOewT-TIRPmqIyPm9a78,RZ COFFEE,"Blk 3, Kristina Babisa, Lot 34 Santo Niño Street, Toril, Davao City",7.0082736,125.49071079999999,,0953 462 3414,,,,,,OPERATIONAL,Coffee shop|Coffee shop,,false,missing_hours
ChIJ5dtwAgBt-TIR5elSbVljND4,Serenitea,"Gateway, J.P. Laurel Ave, Lanang, Davao City",7.1017331,125.6325667,,,,,,,,OPERATIONAL,Coffee shop|Coffee shop,https://iloveserenitea.com/,false,missing_hours
ChIJYTf_CAAN-TIRWDSVALnLF5g,SerJes Café,"2GC2+8RW, De Guzman St, Toril, Davao City",7.0208645999999995,125.5020756,"{""mon"":{""kind"":""open"",""open"":""13:00"",""close"":""05:00""},""tue"":{""kind"":""open"",""open"":""13:00"",""close"":""05:00""},""wed"":{""kind"":""open"",""open"":""13:00"",""close"":""05:00""},""thu"":{""kind"":""open"",""open"":""13:00"",""close"":""05:00""},""fri"":{""kind"":""open"",""open"":""13:00"",""close"":""05:00""},""sat"":{""kind"":""open"",""open"":""13:00"",""close"":""05:00""},""sun"":{""kind"":""open"",""open"":""13:00"",""close"":""05:00""}}",,,,,,,OPERATIONAL,Coffee shop|Coffee shop,,true,
ChIJx94NxB1t-TIRWR4Or5Lb1TQ,Sheikh's Coffee,"Km. 6, Gothong Yard, Stall A1, J.P. Laurel Ave, Lanang, Davao City",7.100806599999999,125.63051879999999,,0976 029 0289,,,,,,OPERATIONAL,Coffee shop|Coffee shop,,false,missing_hours
ChIJeUusayRt-TIR-uCt7RnwE7Q,SM Lanang Premier,"J.P. Laurel Ave, Agdao District, Davao City",7.0990116,125.63152269999999,"{""mon"":{""kind"":""open"",""open"":""10:00"",""close"":""21:00""},""tue"":{""kind"":""open"",""open"":""10:00"",""close"":""21:00""},""wed"":{""kind"":""open"",""open"":""10:00"",""close"":""21:00""},""thu"":{""kind"":""open"",""open"":""10:00"",""close"":""21:00""},""fri"":{""kind"":""open"",""open"":""10:00"",""close"":""22:00""},""sat"":{""kind"":""open"",""open"":""10:00"",""close"":""22:00""},""sun"":{""kind"":""open"",""open"":""10:00"",""close"":""21:00""}}",,,,,,,OPERATIONAL,Shopping mall|Shopping mall,https://www.smsupermalls.com/mall-directory/sm-lanang/information/?ref=mall_directory#/,true,
ChIJK6Y5HAAN-TIR2WIOfaHDYc8,Snd Coffee House,"2F6W+RG4, M. Guardian St, Toril, Davao City",7.0120244,125.4963334,"{""mon"":{""kind"":""open"",""open"":""09:00"",""close"":""23:00""},""tue"":{""kind"":""open"",""open"":""09:00"",""close"":""23:00""},""wed"":{""kind"":""open"",""open"":""09:00"",""close"":""23:00""},""thu"":{""kind"":""open"",""open"":""09:00"",""close"":""23:00""},""fri"":{""kind"":""open"",""open"":""09:00"",""close"":""23:00""},""sat"":{""kind"":""open"",""open"":""09:00"",""close"":""23:00""},""sun"":{""kind"":""open"",""open"":""09:00"",""close"":""23:00""}}",0953 495 8928,,,,,,OPERATIONAL,Coffee shop|Coffee shop,,true,
ChIJc7J9NEUN-TIRMNYpuYFuPIA,Solace - Coffee Club,"Near St, just before Davao Central College Rasay School, John Hospital, Rasay St, Toril, Davao City",7.0171000999999995,125.50320749999999,"{""mon"":{""kind"":""open"",""open"":""13:00"",""close"":""05:00""},""tue"":{""kind"":""open"",""open"":""13:00"",""close"":""05:00""},""wed"":{""kind"":""open"",""open"":""13:00"",""close"":""05:00""},""thu"":{""kind"":""open"",""open"":""13:00"",""close"":""05:00""},""fri"":{""kind"":""open"",""open"":""13:00"",""close"":""05:00""},""sat"":{""kind"":""open"",""open"":""13:00"",""close"":""05:00""},""sun"":{""kind"":""open"",""open"":""13:00"",""close"":""05:00""}}",0956 150 7353,,,,,,OPERATIONAL,Coffee shop|Coffee shop,,true,
ChIJKY9HTQpz-TIR8iZPRUN5bnw,Solara Coffee & Blooms,"Phase 1, Ecoland Subd, 307 6 A St, Talomo, Davao City",7.0508128,125.59358839999999,"{""mon"":{""kind"":""open"",""open"":""16:00"",""close"":""22:00""},""tue"":{""kind"":""open"",""open"":""16:00"",""close"":""22:00""},""wed"":{""kind"":""open"",""open"":""16:00"",""close"":""22:00""},""thu"":{""kind"":""open"",""open"":""16:00"",""close"":""22:00""},""fri"":{""kind"":""open"",""open"":""15:00"",""close"":""00:00""},""sat"":{""kind"":""open"",""open"":""15:00"",""close"":""00:00""},""sun"":{""kind"":""closed""}}",,,,,,,OPERATIONAL,Coffee shop|Coffee shop,https://www.facebook.com/profile.php?id=61583822115871,true,
ChIJ2WQNyG9z-TIRcib99Wu7-N8,Space-Arabica,"Door 1, Focal Point Building, Eco W Dr, Ecoland, Davao City",7.0483915999999995,125.5868632,"{""mon"":{""kind"":""open"",""open"":""10:30"",""close"":""05:00""},""tue"":{""kind"":""open"",""open"":""10:30"",""close"":""05:00""},""wed"":{""kind"":""open"",""open"":""10:30"",""close"":""05:00""},""thu"":{""kind"":""open"",""open"":""10:30"",""close"":""05:00""},""fri"":{""kind"":""open"",""open"":""10:30"",""close"":""05:00""},""sat"":{""kind"":""open"",""open"":""10:30"",""close"":""05:00""},""sun"":{""kind"":""open"",""open"":""14:30"",""close"":""01:00""}}",0975 310 4689,,,,,,OPERATIONAL,Coffee shop|Coffee shop,,true,
ChIJc1nGUqdt-TIRJlQJOqJR8dQ,Starbucks,"109 F. Torres St, Poblacion District, Davao City",7.081416099999999,125.6100311,"{""mon"":{""kind"":""open"",""open"":""06:30"",""close"":""01:00""},""tue"":{""kind"":""open"",""open"":""06:30"",""close"":""01:00""},""wed"":{""kind"":""open"",""open"":""06:30"",""close"":""01:00""},""thu"":{""kind"":""open"",""open"":""06:30"",""close"":""01:00""},""fri"":{""kind"":""open"",""open"":""06:30"",""close"":""01:00""},""sat"":{""kind"":""open"",""open"":""06:30"",""close"":""01:00""},""sun"":{""kind"":""open"",""open"":""06:30"",""close"":""01:00""}}",,,,,,,OPERATIONAL,Coffee shop|Coffee shop,https://www.starbucks.ph/,true,
ChIJb3xGJapt-TIRkcGU_JHpOFg,Starbucks - Abreeza Mall,"KM 3 J.P. Laurel Ave, Poblacion District, Davao City",7.0907393999999995,125.6115322,"{""mon"":{""kind"":""open"",""open"":""07:00"",""close"":""23:30""},""tue"":{""kind"":""open"",""open"":""07:00"",""close"":""23:30""},""wed"":{""kind"":""open"",""open"":""07:00"",""close"":""23:30""},""thu"":{""kind"":""open"",""open"":""07:00"",""close"":""23:30""},""fri"":{""kind"":""open"",""open"":""07:00"",""close"":""23:30""},""sat"":{""kind"":""open"",""open"":""07:00"",""close"":""23:30""},""sun"":{""kind"":""open"",""open"":""07:00"",""close"":""23:30""}}",,,,,,,OPERATIONAL,Coffee shop|Coffee shop,https://starbucks.ph/,true,
ChIJQ5biUABt-TIRYJtjq9M5MJY,Starbucks - GMall of Davao,"Gaisano Mall of Davao, Bajada, Davao City",7.078574,125.6142194,"{""mon"":{""kind"":""open"",""open"":""08:00"",""close"":""22:00""},""tue"":{""kind"":""open"",""open"":""08:00"",""close"":""22:00""},""wed"":{""kind"":""open"",""open"":""08:00"",""close"":""22:00""},""thu"":{""kind"":""open"",""open"":""08:00"",""close"":""22:00""},""fri"":{""kind"":""open"",""open"":""08:00"",""close"":""22:00""},""sat"":{""kind"":""open"",""open"":""08:00"",""close"":""22:00""},""sun"":{""kind"":""open"",""open"":""08:00"",""close"":""22:00""}}",,,,,,,OPERATIONAL,Coffee shop|Coffee shop,http://starbucks.ph/,true,
ChIJvYo0scRt-TIRFxCn771Pvtc,Starbucks - Matina IT Park,"Matina IT Park, McArthur Highway, Matina, Davao City",7.0617383,125.591476,"{""mon"":{""kind"":""open"",""open"":""07:00"",""close"":""00:00""},""tue"":{""kind"":""open"",""open"":""07:00"",""close"":""00:00""},""wed"":{""kind"":""open"",""open"":""07:00"",""close"":""00:00""},""thu"":{""kind"":""open"",""open"":""07:00"",""close"":""00:00""},""fri"":{""kind"":""open"",""open"":""07:00"",""close"":""00:00""},""sat"":{""kind"":""open"",""open"":""07:00"",""close"":""00:00""},""sun"":{""kind"":""open"",""open"":""09:30"",""close"":""00:00""}}",,,,,,,OPERATIONAL,Coffee shop|Coffee shop,http://www.starbucks.ph/,true,
ChIJRy8Nk5dy-TIRJk9XBmpchtU,Starbucks - SM City Davao,"Ecoland Loc. EA101, G/F, Quimpo Blvd, Tulip Dr, Talomo, Davao City",7.0507219,125.58903149999999,"{""mon"":{""kind"":""open"",""open"":""09:00"",""close"":""00:00""},""tue"":{""kind"":""open"",""open"":""09:00"",""close"":""00:00""},""wed"":{""kind"":""open"",""open"":""09:00"",""close"":""00:00""},""thu"":{""kind"":""open"",""open"":""09:00"",""close"":""00:00""},""fri"":{""kind"":""open"",""open"":""09:00"",""close"":""00:00""},""sat"":{""kind"":""open"",""open"":""09:00"",""close"":""00:00""},""sun"":{""kind"":""open"",""open"":""09:00"",""close"":""00:00""}}",,,,,,,OPERATIONAL,Coffee shop|Coffee shop,http://www.starbucks.ph/,true,
ChIJ56qE3Els-TIR4rct0Tqu3FI,Starbucks - SM Lanang,"SM Lanang Premier, J.P. Laurel Ave, Lanang, Davao City",7.0987494,125.6309299,"{""mon"":{""kind"":""open"",""open"":""10:00"",""close"":""21:00""},""tue"":{""kind"":""open"",""open"":""10:00"",""close"":""21:00""},""wed"":{""kind"":""open"",""open"":""10:00"",""close"":""21:00""},""thu"":{""kind"":""open"",""open"":""10:00"",""close"":""21:00""},""fri"":{""kind"":""open"",""open"":""10:00"",""close"":""22:00""},""sat"":{""kind"":""open"",""open"":""10:00"",""close"":""22:00""},""sun"":{""kind"":""open"",""open"":""10:00"",""close"":""21:00""}}",,,,,,,OPERATIONAL,Coffee shop|Coffee shop,http://www.starbucks.ph/,true,
ChIJ2fVcbABz-TIR-QAj3Mxcv3I,Starbucks - The Annex at SM City Davao,"Van Transit Station, Quimpo Blvd, Talomo, Davao City",7.0494122,125.5865075,"{""mon"":{""kind"":""open"",""open"":""07:00"",""close"":""22:00""},""tue"":{""kind"":""open"",""open"":""07:00"",""close"":""22:00""},""wed"":{""kind"":""open"",""open"":""07:00"",""close"":""22:00""},""thu"":{""kind"":""open"",""open"":""07:00"",""close"":""22:00""},""fri"":{""kind"":""open"",""open"":""07:00"",""close"":""22:00""},""sat"":{""kind"":""open"",""open"":""07:00"",""close"":""22:00""},""sun"":{""kind"":""open"",""open"":""07:00"",""close"":""22:00""}}",,,,,,,OPERATIONAL,Coffee shop|Coffee shop,https://www.starbucks.ph/,true,
ChIJmVIbKwBt-TIRWWX7Of255WE,Starbucks Azuela Cove,"4J2W+F79 Azuela High Street, Vicente Hizon Sr, Davao City",7.1011513,125.6457356,"{""mon"":{""kind"":""open"",""open"":""11:00"",""close"":""23:00""},""tue"":{""kind"":""open"",""open"":""11:00"",""close"":""23:00""},""wed"":{""kind"":""open"",""open"":""11:00"",""close"":""23:00""},""thu"":{""kind"":""open"",""open"":""11:00"",""close"":""23:00""},""fri"":{""kind"":""open"",""open"":""11:00"",""close"":""23:00""},""sat"":{""kind"":""open"",""open"":""11:00"",""close"":""23:00""},""sun"":{""kind"":""open"",""open"":""11:00"",""close"":""23:00""}}",,,,,,,OPERATIONAL,Coffee shop|Coffee shop,https://www.facebook.com/StarbucksPhilippines/,true,
ChIJAXqp0vtt-TIRJUGhNpNk6v8,Starbucks Azuela Highstreet Davao,"Km 7, R. Castillo St, corner J.P. Laurel Ave, Lanang, Davao City",7.1020625,125.6452896,"{""mon"":{""kind"":""open"",""open"":""11:00"",""close"":""23:00""},""tue"":{""kind"":""open"",""open"":""11:00"",""close"":""23:00""},""wed"":{""kind"":""open"",""open"":""11:00"",""close"":""23:00""},""thu"":{""kind"":""open"",""open"":""11:00"",""close"":""23:00""},""fri"":{""kind"":""open"",""open"":""11:00"",""close"":""23:00""},""sat"":{""kind"":""open"",""open"":""11:00"",""close"":""23:00""},""sun"":{""kind"":""open"",""open"":""11:00"",""close"":""23:00""}}",,,,,,,OPERATIONAL,Coffee shop|Coffee shop,https://www.starbucks.ph/,true,
ChIJU7GETIht-TIR1g609IJrqmM,Starbucks Damosa IT Park Drive-Thru,"Brgy, Damosa Complex, Mamay Rd, Angliongto Lanang, Davao City",7.103121499999999,125.6329013,"{""mon"":{""kind"":""open"",""open"":""06:00"",""close"":""00:00""},""tue"":{""kind"":""open"",""open"":""06:00"",""close"":""00:00""},""wed"":{""kind"":""open"",""open"":""06:00"",""close"":""00:00""},""thu"":{""kind"":""open"",""open"":""06:00"",""close"":""00:30""},""fri"":{""kind"":""open"",""open"":""06:00"",""close"":""00:30""},""sat"":{""kind"":""open"",""open"":""06:00"",""close"":""00:30""},""sun"":{""kind"":""open"",""open"":""06:00"",""close"":""00:00""}}",,,,,,,OPERATIONAL,Coffee shop|Coffee shop,http://www.starbucks.ph/,true,
ChIJNRm5JwBz-TIR9btOrDJI3HQ,Starbucks SM Davao Expansion Wing,"Van Transit Station, Quimpo Blvd, Talomo, Davao City",7.0494417,125.5865989,"{""mon"":{""kind"":""open"",""open"":""07:00"",""close"":""22:00""},""tue"":{""kind"":""open"",""open"":""07:00"",""close"":""22:00""},""wed"":{""kind"":""open"",""open"":""07:00"",""close"":""22:00""},""thu"":{""kind"":""open"",""open"":""07:00"",""close"":""22:00""},""fri"":{""kind"":""open"",""open"":""07:00"",""close"":""22:00""},""sat"":{""kind"":""open"",""open"":""07:00"",""close"":""22:00""},""sun"":{""kind"":""open"",""open"":""07:00"",""close"":""22:00""}}",0917 104 7330,,,,,,OPERATIONAL,Coffee shop|Coffee shop|Cafe|Coffee roastery|Coffee stand|Coffee store|Espresso bar|Restaurant|Sandwich shop|Tea store,https://www.starbucks.ph/,true,
ChIJyVF9IsFt-TIRLyOogpQ-Nec,STASH Coffee Co.,"2/F, Corner Iñigo, Porras St, Poblacion District, Davao City",7.0853128,125.6138453,"{""mon"":{""kind"":""open"",""open"":""08:30"",""close"":""21:30""},""tue"":{""kind"":""open"",""open"":""08:30"",""close"":""21:30""},""wed"":{""kind"":""open"",""open"":""08:30"",""close"":""21:30""},""thu"":{""kind"":""open"",""open"":""08:30"",""close"":""21:30""},""fri"":{""kind"":""open"",""open"":""08:30"",""close"":""21:30""},""sat"":{""kind"":""open"",""open"":""08:30"",""close"":""21:30""},""sun"":{""kind"":""open"",""open"":""08:00"",""close"":""20:30""}}",,,,,,,OPERATIONAL,Cafe|Cafe,,true,
ChIJ44e_m9kX-TIRvssulPxm2ig,Steep Coffee,"Purok 2, Baguio District, Calinan-Baguio-Cadalian Rd, Davao City",7.189914099999999,125.430127,"{""mon"":{""kind"":""open"",""open"":""09:00"",""close"":""21:00""},""tue"":{""kind"":""open"",""open"":""09:00"",""close"":""21:00""},""wed"":{""kind"":""open"",""open"":""09:00"",""close"":""21:00""},""thu"":{""kind"":""open"",""open"":""09:00"",""close"":""21:00""},""fri"":{""kind"":""open"",""open"":""09:00"",""close"":""21:00""},""sat"":{""kind"":""open"",""open"":""09:00"",""close"":""21:00""},""sun"":{""kind"":""open"",""open"":""09:00"",""close"":""21:00""}}",0945 133 8067,,,,,,OPERATIONAL,Coffee shop|Coffee shop,,true,
ChIJgVHbxaFt-TIR0h6Wz8uj6hU,T'Brews Cafe,"Bo. Obrero, 553 Lacson St, Obrero, Davao City",7.0870729,125.61451419999999,"{""mon"":{""kind"":""open"",""open"":""12:00"",""close"":""20:00""},""tue"":{""kind"":""closed""},""wed"":{""kind"":""open"",""open"":""12:00"",""close"":""20:00""},""thu"":{""kind"":""open"",""open"":""12:00"",""close"":""20:00""},""fri"":{""kind"":""open"",""open"":""12:00"",""close"":""20:00""},""sat"":{""kind"":""open"",""open"":""12:00"",""close"":""20:00""},""sun"":{""kind"":""open"",""open"":""12:00"",""close"":""20:00""}}",,,,,,,OPERATIONAL,Coffee shop|Coffee shop,,true,
ChIJBbP_cQBt-TIRG9mVl7bUyxQ,TALA Cafe,"Beside ADKM Aircondition Trading, Panorama 13 Tigatto Rd, Buhangin, Davao City",7.1128592,125.6053661,"{""mon"":{""kind"":""closed""},""tue"":{""kind"":""open"",""open"":""11:00"",""close"":""21:00""},""wed"":{""kind"":""open"",""open"":""11:00"",""close"":""21:00""},""thu"":{""kind"":""open"",""open"":""11:00"",""close"":""21:00""},""fri"":{""kind"":""open"",""open"":""11:00"",""close"":""21:00""},""sat"":{""kind"":""open"",""open"":""11:00"",""close"":""21:00""},""sun"":{""kind"":""open"",""open"":""11:00"",""close"":""21:00""}}",,,,,,,OPERATIONAL,Coffee shop|Coffee shop,https://www.tala.cafe/,true,
ChIJG2QNCF5z-TIRTVgTa9buiHA,The Bloom Coffee & Start-Up Space,"Ecoland Subdivision Basketball Court, Corner Walnut Street &, Ecoland Dr, Talomo, Davao City",7.0501081999999995,125.596419,"{""mon"":{""kind"":""all_day""},""tue"":{""kind"":""all_day""},""wed"":{""kind"":""all_day""},""thu"":{""kind"":""all_day""},""fri"":{""kind"":""all_day""},""sat"":{""kind"":""all_day""},""sun"":{""kind"":""all_day""}}",0908 771 9203,,,,,,OPERATIONAL,Coffee shop|Coffee shop|Coworking space,https://thebloomcoffee.com.ph/,true,
ChIJwY1U-mRz-TIRtnP8ATMeEWY,The Bloom Specialty,"Ground Floor, RL Building, Ecoland Subd, Ecoland Dr, Talomo, Davao City",7.0469212,125.59395529999999,"{""mon"":{""kind"":""open"",""open"":""06:00"",""close"":""00:00""},""tue"":{""kind"":""open"",""open"":""06:00"",""close"":""00:00""},""wed"":{""kind"":""open"",""open"":""06:00"",""close"":""00:00""},""thu"":{""kind"":""open"",""open"":""06:00"",""close"":""00:00""},""fri"":{""kind"":""open"",""open"":""06:00"",""close"":""00:00""},""sat"":{""kind"":""open"",""open"":""06:00"",""close"":""00:00""},""sun"":{""kind"":""open"",""open"":""06:00"",""close"":""00:00""}}",,,,,,,OPERATIONAL,Coffee shop|Coffee shop,https://thebloomcoffee.com.ph/,true,
ChIJn3CvCEZt-TIRERj_I5rUsuo,The Coffee Bar at GMall of Davao,"5th Floor, The Peak, Gaisano Mall of Davao, J.P. Laurel Ave, Bajada, Davao City",7.0780905999999995,125.61370749999999,"{""mon"":{""kind"":""open"",""open"":""10:00"",""close"":""20:00""},""tue"":{""kind"":""open"",""open"":""10:00"",""close"":""20:00""},""wed"":{""kind"":""open"",""open"":""10:00"",""close"":""20:00""},""thu"":{""kind"":""open"",""open"":""10:00"",""close"":""20:00""},""fri"":{""kind"":""open"",""open"":""10:00"",""close"":""21:00""},""sat"":{""kind"":""open"",""open"":""10:00"",""close"":""21:00""},""sun"":{""kind"":""open"",""open"":""10:00"",""close"":""20:00""}}",0998 216 4817,,,,,,OPERATIONAL,Coffee shop|Coffee shop,,true,
ChIJi3vF-gQN-TIR5k9zgDGMPrc,"The Coffee Bar, Gaisano Mall of Toril","2nd Floor, Gaisano Mall National Highway Corner Lim Street Toril 3rd District, Toril, Davao City",7.016657899999999,125.49367919999999,"{""mon"":{""kind"":""open"",""open"":""10:00"",""close"":""20:00""},""tue"":{""kind"":""open"",""open"":""10:00"",""close"":""20:00""},""wed"":{""kind"":""open"",""open"":""10:00"",""close"":""20:00""},""thu"":{""kind"":""open"",""open"":""10:00"",""close"":""20:00""},""fri"":{""kind"":""open"",""open"":""10:00"",""close"":""20:00""},""sat"":{""kind"":""open"",""open"":""10:00"",""close"":""20:00""},""sun"":{""kind"":""open"",""open"":""10:00"",""close"":""20:00""}}",0948 480 2533,,,,,,OPERATIONAL,Coffee shop|Coffee shop,https://www.facebook.com/thecoffeebarofficial,true,
ChIJoaVsOqpt-TIRxCF7u09S23o,The Coffee Bean & Tea Leaf - Abreeza,"Ground Floor 1109, Abreeza Mall, J.P. Laurel Ave, Poblacion District, Davao City",7.091643599999999,125.6125134,"{""mon"":{""kind"":""open"",""open"":""09:00"",""close"":""22:00""},""tue"":{""kind"":""open"",""open"":""09:00"",""close"":""22:00""},""wed"":{""kind"":""open"",""open"":""09:00"",""close"":""22:00""},""thu"":{""kind"":""open"",""open"":""09:00"",""close"":""22:00""},""fri"":{""kind"":""open"",""open"":""09:00"",""close"":""22:00""},""sat"":{""kind"":""open"",""open"":""09:00"",""close"":""22:00""},""sun"":{""kind"":""open"",""open"":""09:00"",""close"":""22:00""}}",,,,,,,OPERATIONAL,Cafe|Cafe|Coffee shop,http://www.coffeebean.com.ph/,true,
ChIJUddN1kls-TIRaRwi0D8xYFM,The Coffee Bean & Tea Leaf SM Lanang Davao,"SM Lanang Premier, J.P. Laurel Ave, Lanang, Davao City",7.0993492,125.631299,"{""mon"":{""kind"":""open"",""open"":""10:00"",""close"":""22:00""},""tue"":{""kind"":""open"",""open"":""10:00"",""close"":""22:00""},""wed"":{""kind"":""open"",""open"":""10:00"",""close"":""22:00""},""thu"":{""kind"":""open"",""open"":""10:00"",""close"":""22:00""},""fri"":{""kind"":""open"",""open"":""10:00"",""close"":""22:00""},""sat"":{""kind"":""open"",""open"":""10:00"",""close"":""22:00""},""sun"":{""kind"":""open"",""open"":""10:00"",""close"":""22:00""}}",,,,,,,OPERATIONAL,Coffee shop|Coffee shop,http://coffeebean.com.ph/,true,
ChIJdRZqFOtt-TIRR_ETEIxEL-o,The Coffee Cove,"SK Complex, J.P. Laurel Ave, Bajada, Davao City",7.093650299999999,125.6131253,"{""mon"":{""kind"":""open"",""open"":""10:00"",""close"":""00:00""},""tue"":{""kind"":""open"",""open"":""10:00"",""close"":""00:00""},""wed"":{""kind"":""open"",""open"":""10:00"",""close"":""00:00""},""thu"":{""kind"":""open"",""open"":""10:00"",""close"":""00:00""},""fri"":{""kind"":""open"",""open"":""10:00"",""close"":""00:00""},""sat"":{""kind"":""open"",""open"":""10:00"",""close"":""00:00""},""sun"":{""kind"":""open"",""open"":""10:00"",""close"":""00:00""}}",,,,,,,OPERATIONAL,Coffee shop|Coffee shop,,true,
ChIJcWfjf4gW-TIRfWYtsUl0ZOk,The Coffee Spot & Lounge,"5FG8+RWR, Calinan District, Davao City",7.1771134,125.4672643,"{""mon"":{""kind"":""open"",""open"":""10:00"",""close"":""21:00""},""tue"":{""kind"":""open"",""open"":""10:00"",""close"":""21:00""},""wed"":{""kind"":""open"",""open"":""10:00"",""close"":""21:00""},""thu"":{""kind"":""open"",""open"":""10:00"",""close"":""21:00""},""fri"":{""kind"":""open"",""open"":""10:00"",""close"":""21:00""},""sat"":{""kind"":""open"",""open"":""10:00"",""close"":""21:00""},""sun"":{""kind"":""open"",""open"":""10:00"",""close"":""21:00""}}",,,,,,,OPERATIONAL,Coffee shop|Coffee shop|Lounge bar,,true,
ChIJ1ymYzvZt-TIRlbyqCy-EISk,The Crazy Bite Co. Sky Cafe,"Near GH office Depot, Monteverde Building, Roofdeck 6th floor, LHL, corner Sales St, Poblacion District, Davao City",7.0753502,125.6197236,"{""mon"":{""kind"":""all_day""},""tue"":{""kind"":""all_day""},""wed"":{""kind"":""all_day""},""thu"":{""kind"":""all_day""},""fri"":{""kind"":""all_day""},""sat"":{""kind"":""all_day""},""sun"":{""kind"":""all_day""}}",,,,,,,OPERATIONAL,Cafe|Cafe|Breakfast restaurant|Coffee shop|Diner|Hamburger restaurant|Lunch restaurant|Restaurant|Snack bar,https://treats.app/thecrazybiteco,true,
ChIJfY6FSwBz-TIR8-XoeKCQ5CY,The Matcha Tokyo - SM Davao,"Unit E-101 Ground Floor, Expansion Wing, SM City Davao, Ecoland Dr, Talomo, Davao City",7.0489375,125.58695039999999,"{""mon"":{""kind"":""open"",""open"":""10:00"",""close"":""21:00""},""tue"":{""kind"":""open"",""open"":""10:00"",""close"":""21:00""},""wed"":{""kind"":""open"",""open"":""10:00"",""close"":""21:00""},""thu"":{""kind"":""open"",""open"":""10:00"",""close"":""21:00""},""fri"":{""kind"":""open"",""open"":""10:00"",""close"":""22:00""},""sat"":{""kind"":""open"",""open"":""10:00"",""close"":""22:00""},""sun"":{""kind"":""open"",""open"":""10:00"",""close"":""21:00""}}",0956 345 2477,,,,,,OPERATIONAL,Cafe|Cafe,,true,
ChIJGbAWy3AN-TIR7E6O9fOyi54,The Secret Garden Cafe,"8000 23, 23 Opal St SM Village, Bangkal, Opal St, Talomo, Davao City",7.0595874,125.55998969999999,"{""mon"":{""kind"":""open"",""open"":""14:30"",""close"":""20:30""},""tue"":{""kind"":""open"",""open"":""14:30"",""close"":""20:30""},""wed"":{""kind"":""open"",""open"":""14:30"",""close"":""20:30""},""thu"":{""kind"":""open"",""open"":""14:30"",""close"":""20:30""},""fri"":{""kind"":""open"",""open"":""14:30"",""close"":""20:30""},""sat"":{""kind"":""open"",""open"":""14:30"",""close"":""20:30""},""sun"":{""kind"":""open"",""open"":""14:30"",""close"":""20:30""}}",0906 017 1616,,,,,,OPERATIONAL,Coffee shop|Coffee shop,https://thesecretgardencafe.wordpress.com/,true,
ChIJZ8moKs9t-TIRkVZ50tviJJs,The Village Grind.Cafe,"Sta Lucia Chapel, Pag asa St, Davao City",7.091537499999999,125.63599959999999,"{""mon"":{""kind"":""open"",""open"":""17:00"",""close"":""02:00""},""tue"":{""kind"":""open"",""open"":""17:00"",""close"":""02:00""},""wed"":{""kind"":""open"",""open"":""17:00"",""close"":""02:00""},""thu"":{""kind"":""open"",""open"":""17:00"",""close"":""02:00""},""fri"":{""kind"":""open"",""open"":""17:00"",""close"":""02:00""},""sat"":{""kind"":""open"",""open"":""17:00"",""close"":""02:00""},""sun"":{""kind"":""open"",""open"":""17:00"",""close"":""02:00""}}",0945 768 4118,,,,,,OPERATIONAL,Coffee shop|Coffee shop,,true,
ChIJE7UF4Upt-TIRz2XhwfAN6gk,The Yolk Society,"Juna Subdivision, Door 1, Emilio & Martha Building, 121 Camia Street, Matina, Talomo, Davao City",7.0616427999999996,125.5951934,"{""mon"":{""kind"":""open"",""open"":""07:30"",""close"":""22:00""},""tue"":{""kind"":""closed""},""wed"":{""kind"":""open"",""open"":""07:30"",""close"":""22:00""},""thu"":{""kind"":""open"",""open"":""07:30"",""close"":""22:00""},""fri"":{""kind"":""open"",""open"":""07:30"",""close"":""22:00""},""sat"":{""kind"":""open"",""open"":""07:30"",""close"":""22:00""},""sun"":{""kind"":""open"",""open"":""07:30"",""close"":""22:00""}}",,,,,,,OPERATIONAL,Coffee shop|Coffee shop,https://www.facebook.com/theyolksociety,true,
ChIJk9q9egAN-TIRCNOJfTxxYyE,Top Spatula,"De Guzman St, Toril, Davao City",7.0162885,125.4989619,"{""mon"":{""kind"":""open"",""open"":""07:00"",""close"":""02:00""},""tue"":{""kind"":""open"",""open"":""07:00"",""close"":""02:00""},""wed"":{""kind"":""open"",""open"":""07:00"",""close"":""02:00""},""thu"":{""kind"":""open"",""open"":""07:00"",""close"":""02:00""},""fri"":{""kind"":""open"",""open"":""07:00"",""close"":""02:00""},""sat"":{""kind"":""open"",""open"":""07:00"",""close"":""02:00""},""sun"":{""kind"":""open"",""open"":""07:00"",""close"":""02:00""}}",0945 698 6501,,,,,,OPERATIONAL,Coffee shop|Coffee shop,http://top-spatula.vercel.app/,true,
ChIJb9qo1wBz-TIRS0QBUOVxaJM,Twelve Coffee Davao - Ecoland,"Phase 2, Unit 3, R8 Bldg, Ecoland, 226 Eagle St, Talomo, Davao City",7.053376999999999,125.60070409999999,"{""mon"":{""kind"":""open"",""open"":""10:00"",""close"":""22:00""},""tue"":{""kind"":""open"",""open"":""10:00"",""close"":""22:00""},""wed"":{""kind"":""open"",""open"":""10:00"",""close"":""22:00""},""thu"":{""kind"":""open"",""open"":""10:00"",""close"":""22:00""},""fri"":{""kind"":""open"",""open"":""10:00"",""close"":""00:00""},""sat"":{""kind"":""open"",""open"":""10:00"",""close"":""00:00""},""sun"":{""kind"":""open"",""open"":""13:00"",""close"":""21:00""}}",0999 880 3166,,,,,,OPERATIONAL,Coffee shop|Coffee shop,,true,
ChIJyQ7xIUkN-TIRI0jdzeZsvSA,Vanitea Cafe,"11 Rasay St, Toril, Davao City",7.0187238999999995,125.49987619999999,"{""mon"":{""kind"":""open"",""open"":""10:00"",""close"":""03:00""},""tue"":{""kind"":""open"",""open"":""10:00"",""close"":""03:00""},""wed"":{""kind"":""open"",""open"":""10:00"",""close"":""03:00""},""thu"":{""kind"":""open"",""open"":""10:00"",""close"":""03:00""},""fri"":{""kind"":""open"",""open"":""10:00"",""close"":""03:00""},""sat"":{""kind"":""open"",""open"":""10:00"",""close"":""03:00""},""sun"":{""kind"":""open"",""open"":""10:00"",""close"":""03:00""}}",0969 113 2074,,,,,,OPERATIONAL,Cafe|Cafe,,true,
ChIJb2OlHYoX-TIRFUwKmFcJ3dc,Verdeli Garden & Cafe,"Purok 3B Brgy, Calinan, Baguio District, Davao City",7.1917661,125.44027109999999,"{""mon"":{""kind"":""open"",""open"":""10:00"",""close"":""19:00""},""tue"":{""kind"":""open"",""open"":""10:00"",""close"":""19:00""},""wed"":{""kind"":""open"",""open"":""10:00"",""close"":""19:00""},""thu"":{""kind"":""open"",""open"":""10:00"",""close"":""19:00""},""fri"":{""kind"":""open"",""open"":""10:00"",""close"":""19:00""},""sat"":{""kind"":""open"",""open"":""08:00"",""close"":""21:00""},""sun"":{""kind"":""open"",""open"":""08:00"",""close"":""21:00""}}",0969 625 1600,,,,,,OPERATIONAL,Restaurant|Restaurant|Farm,https://bit.ly/m/verdeli,true,
ChIJm1nHZjVt-TIRUGw4c2CYJqU,Wakeful Coffee - Obrero,"Obrero Suites Bldg, Teodoro Palma Gil St, Poblacion District, Davao City",7.0840638,125.6171258,"{""mon"":{""kind"":""open"",""open"":""08:00"",""close"":""00:00""},""tue"":{""kind"":""open"",""open"":""08:00"",""close"":""00:00""},""wed"":{""kind"":""open"",""open"":""08:00"",""close"":""00:00""},""thu"":{""kind"":""open"",""open"":""08:00"",""close"":""00:00""},""fri"":{""kind"":""open"",""open"":""08:00"",""close"":""00:00""},""sat"":{""kind"":""open"",""open"":""11:00"",""close"":""23:00""},""sun"":{""kind"":""open"",""open"":""11:00"",""close"":""23:00""}}",0977 012 5454,,,,,,OPERATIONAL,Coffee shop|Coffee shop,https://web.facebook.com/WakefulCoffee/,true,
ChIJKw2xcQBz-TIRPyT-r8tS9qQ,Whisk Davao Matcha,"2nd Floor, Juna the compound, Tulip Dr, Talomo, Davao City",7.056044399999999,125.58879119999999,"{""mon"":{""kind"":""open"",""open"":""09:00"",""close"":""23:00""},""tue"":{""kind"":""open"",""open"":""09:00"",""close"":""23:00""},""wed"":{""kind"":""open"",""open"":""09:00"",""close"":""23:00""},""thu"":{""kind"":""open"",""open"":""09:00"",""close"":""23:00""},""fri"":{""kind"":""open"",""open"":""09:00"",""close"":""23:00""},""sat"":{""kind"":""open"",""open"":""09:00"",""close"":""23:00""},""sun"":{""kind"":""open"",""open"":""07:00"",""close"":""22:00""}}",0909 391 1461,,,,,,OPERATIONAL,Coffee shop|Coffee shop,,true,
ChIJUcqBRKgT-TIRMlM7Y3M6I7M,Wood and Coffee Davao,"Upper Dampa, Magtuod, Talomo, Davao City",7.1168309,125.56484359999999,"{""mon"":{""kind"":""open"",""open"":""09:00"",""close"":""23:00""},""tue"":{""kind"":""open"",""open"":""09:00"",""close"":""23:00""},""wed"":{""kind"":""open"",""open"":""09:00"",""close"":""23:00""},""thu"":{""kind"":""open"",""open"":""09:00"",""close"":""23:00""},""fri"":{""kind"":""open"",""open"":""09:00"",""close"":""23:00""},""sat"":{""kind"":""open"",""open"":""08:00"",""close"":""23:00""},""sun"":{""kind"":""open"",""open"":""08:00"",""close"":""23:00""}}",,,,,,,OPERATIONAL,Coffee shop|Coffee shop,,true,
ChIJh4PSE5dz-TIRnhwpA93cbYg,Yucca Bakery + Cafe - SM City Davao,"Expansion Wing, 2L Ecoland Dr, Talomo, Davao City",7.050125899999999,125.58665909999999,"{""mon"":{""kind"":""open"",""open"":""10:00"",""close"":""21:00""},""tue"":{""kind"":""open"",""open"":""10:00"",""close"":""21:00""},""wed"":{""kind"":""open"",""open"":""10:00"",""close"":""21:00""},""thu"":{""kind"":""open"",""open"":""10:00"",""close"":""21:00""},""fri"":{""kind"":""open"",""open"":""10:00"",""close"":""22:00""},""sat"":{""kind"":""open"",""open"":""10:00"",""close"":""22:00""},""sun"":{""kind"":""open"",""open"":""10:00"",""close"":""22:00""}}",0995 127 4317,,,,,,OPERATIONAL,Cafe|Cafe|Bakery,,true,
ChIJZz1sFgBt-TIRGKNIAhyQj_0,Zagu,"2nd Floor, SM Lanang Davao, J.P. Laurel Ave, Davao City",7.098967999999999,125.63190589999999,"{""mon"":{""kind"":""open"",""open"":""10:00"",""close"":""21:00""},""tue"":{""kind"":""open"",""open"":""10:00"",""close"":""21:00""},""wed"":{""kind"":""open"",""open"":""10:00"",""close"":""21:00""},""thu"":{""kind"":""open"",""open"":""10:00"",""close"":""21:00""},""fri"":{""kind"":""open"",""open"":""10:00"",""close"":""22:00""},""sat"":{""kind"":""open"",""open"":""10:00"",""close"":""22:00""},""sun"":{""kind"":""open"",""open"":""10:00"",""close"":""21:00""}}",,,,,,,OPERATIONAL,Coffee shop|Coffee shop,,true,
ChIJ8XT-MwBz-TIR8BSX0cPRl70,ZUS Coffee - SM City Davao,"2F, SM City Davao, Quimpo Blvd cor. Tulip and, Ecoland Dr, Road, Davao City",7.0505431,125.58806449999999,"{""mon"":{""kind"":""open"",""open"":""10:00"",""close"":""21:00""},""tue"":{""kind"":""open"",""open"":""10:00"",""close"":""21:00""},""wed"":{""kind"":""open"",""open"":""10:00"",""close"":""21:00""},""thu"":{""kind"":""open"",""open"":""10:00"",""close"":""21:00""},""fri"":{""kind"":""open"",""open"":""10:00"",""close"":""22:00""},""sat"":{""kind"":""open"",""open"":""10:00"",""close"":""22:00""},""sun"":{""kind"":""open"",""open"":""10:00"",""close"":""21:00""}}",,,,,,,OPERATIONAL,Cafe|Cafe,https://zuscoffee.ph/,true,
