google_place_id,name,address,latitude,longitude,hours_json,contact_number,wifi,outlets,accepts_qr,accepts_card,accepts_cash,business_status,types,website,import_ready,skip_reason
ChIJxaHQV0rJlzMRqtw8y6MrNlE,% Arabica Manila BGC Roastery,"GF, Shangri-La at The Fort, 5th Ave, Taguig",14.5520351,121.04773429999999,"{""mon"":{""kind"":""open"",""open"":""07:00"",""close"":""22:00""},""tue"":{""kind"":""open"",""open"":""07:00"",""close"":""22:00""},""wed"":{""kind"":""open"",""open"":""07:00"",""close"":""22:00""},""thu"":{""kind"":""open"",""open"":""07:00"",""close"":""22:00""},""fri"":{""kind"":""open"",""open"":""07:00"",""close"":""00:00""},""sat"":{""kind"":""open"",""open"":""07:00"",""close"":""00:00""},""sun"":{""kind"":""open"",""open"":""07:00"",""close"":""22:00""}}",0917 109 1053,,,,,,OPERATIONAL,Coffee shop|Coffee shop,http://www.arabica.com/,true,
ChIJnTsuTADJlzMR2DJnMXO1zb4,1000CC Coffee,"5057 P Burgos St, Makati City",14.564909499999999,121.0312036,"{""mon"":{""kind"":""all_day""},""tue"":{""kind"":""all_day""},""wed"":{""kind"":""all_day""},""thu"":{""kind"":""all_day""},""fri"":{""kind"":""all_day""},""sat"":{""kind"":""all_day""},""sun"":{""kind"":""all_day""}}",,,,,,,OPERATIONAL,Coffee shop|Coffee shop,https://www.1000ccph.com/,true,
ChIJe6y6OYXLlzMR38iigYnPnRc,1919 Grand Cafe,"117 Juan Luna St, Binondo, Manila",14.5965016,120.975625,"{""mon"":{""kind"":""open"",""open"":""07:00"",""close"":""22:00""},""tue"":{""kind"":""open"",""open"":""07:00"",""close"":""22:00""},""wed"":{""kind"":""open"",""open"":""07:00"",""close"":""22:00""},""thu"":{""kind"":""open"",""open"":""07:00"",""close"":""22:00""},""fri"":{""kind"":""open"",""open"":""07:00"",""close"":""23:00""},""sat"":{""kind"":""open"",""open"":""07:00"",""close"":""23:00""},""sun"":{""kind"":""open"",""open"":""07:00"",""close"":""23:00""}}",,,,,,,OPERATIONAL,Cafe|Cafe,https://www.facebook.com/1919grandcafe,true,
ChIJ7RNTCtvJlzMRW4ul5B2vC3w,1C Coffee,"6 San Francisco St, Pasig",14.5721191,121.0611337,"{""mon"":{""kind"":""open"",""open"":""08:00"",""close"":""18:00""},""tue"":{""kind"":""open"",""open"":""08:00"",""close"":""18:00""},""wed"":{""kind"":""open"",""open"":""08:00"",""close"":""18:00""},""thu"":{""kind"":""open"",""open"":""08:00"",""close"":""18:00""},""fri"":{""kind"":""open"",""open"":""08:00"",""close"":""18:00""},""sat"":{""kind"":""open"",""open"":""07:00"",""close"":""18:00""},""sun"":{""kind"":""open"",""open"":""07:00"",""close"":""18:00""}}",0917 883 7803,,,,,,OPERATIONAL,Coffee shop|Coffee shop,https://instagram.com/ditosa1c?utm_medium=copy_link,true,
ChIJ2-xzWnW1lzMRvqi4M8uUvFY,211. COFFEE & TEA,"Unit 101, Philtrust Bank Building, Samson Rd, Caloocan",14.6573,120.9822909,"{""mon"":{""kind"":""open"",""open"":""10:30"",""close"":""22:30""},""tue"":{""kind"":""open"",""open"":""10:30"",""close"":""22:30""},""wed"":{""kind"":""open"",""open"":""10:30"",""close"":""22:30""},""thu"":{""kind"":""open"",""open"":""10:30"",""close"":""22:30""},""fri"":{""kind"":""open"",""open"":""11:00"",""close"":""23:00""},""sat"":{""kind"":""open"",""open"":""11:00"",""close"":""23:00""},""sun"":{""kind"":""open"",""open"":""11:00"",""close"":""23:00""}}",0995 340 8507,,,,,,OPERATIONAL,Coffee shop|Coffee shop,,true,
ChIJVev2VzS3lzMR1b2yivaT7eA,450 CAFE,"450 General Vicente Lim, San Juan City",14.602548899999999,121.0394762,"{""mon"":{""kind"":""open"",""open"":""08:00"",""close"":""20:00""},""tue"":{""kind"":""open"",""open"":""08:00"",""close"":""20:00""},""wed"":{""kind"":""open"",""open"":""08:00"",""close"":""20:00""},""thu"":{""kind"":""open"",""open"":""08:00"",""close"":""20:00""},""fri"":{""kind"":""open"",""open"":""08:00"",""close"":""20:00""},""sat"":{""kind"":""open"",""open"":""08:00"",""close"":""20:00""},""sun"":{""kind"":""open"",""open"":""08:00"",""close"":""20:00""}}",0976 374 7294,,,,,,OPERATIONAL,Coffee shop|Coffee shop,,true,
ChIJp4_ZoDvJlzMRkwZi_ITV3TY,74 Cafe - Pasay,"73 Clemente Jose, Pasay City",14.535542399999999,121.00982429999999,"{""mon"":{""kind"":""open"",""open"":""11:00"",""close"":""00:00""},""tue"":{""kind"":""open"",""open"":""13:00"",""close"":""00:00""},""wed"":{""kind"":""open"",""open"":""13:00"",""close"":""00:00""},""thu"":{""kind"":""open"",""open"":""13:00"",""close"":""00:00""},""fri"":{""kind"":""open"",""open"":""13:00"",""close"":""00:00""},""sat"":{""kind"":""open"",""open"":""13:00"",""close"":""00:00""},""sun"":{""kind"":""open"",""open"":""11:00"",""close"":""00:00""}}",,,,,,,OPERATIONAL,Coffee shop|Coffee shop,,true,
ChIJ_xpEmo63lzMRxyORO_jcUww,7th Seat Coffee,"82 P. Tuazon Blvd, Cubao, Quezon City",14.615088799999999,121.0497407,"{""mon"":{""kind"":""open"",""open"":""14:00"",""close"":""02:00""},""tue"":{""kind"":""open"",""open"":""14:00"",""close"":""02:00""},""wed"":{""kind"":""open"",""open"":""14:00"",""close"":""02:00""},""thu"":{""kind"":""open"",""open"":""14:00"",""close"":""02:00""},""fri"":{""kind"":""open"",""open"":""14:00"",""close"":""02:00""},""sat"":{""kind"":""open"",""open"":""14:00"",""close"":""02:00""},""sun"":{""kind"":""closed""}}",0906 884 8632,,,,,,OPERATIONAL,Coffee shop|Coffee shop,,true,
ChIJq4l7e2LPlzMR-z6PqPYkFTI,816 Coffee & Co. - Parañaque,"2-F, Amvel East Arcade, C5 Extension Rd, Parañaque",14.4881099,120.9998404,"{""mon"":{""kind"":""open"",""open"":""11:00"",""close"":""23:00""},""tue"":{""kind"":""open"",""open"":""11:00"",""close"":""23:00""},""wed"":{""kind"":""open"",""open"":""11:00"",""close"":""23:00""},""thu"":{""kind"":""open"",""open"":""11:00"",""close"":""23:00""},""fri"":{""kind"":""open"",""open"":""11:00"",""close"":""23:00""},""sat"":{""kind"":""open"",""open"":""11:00"",""close"":""23:00""},""sun"":{""kind"":""open"",""open"":""11:00"",""close"":""23:00""}}",,,,,,,OPERATIONAL,Coffee shop|Coffee shop,,true,
ChIJo4VOm7TPlzMRg8bmbyouLcQ,A & S Café,"BF Homes, 51 Aguirre Ave, Parañaque",14.444733999999999,121.024272,"{""mon"":{""kind"":""closed""},""tue"":{""kind"":""open"",""open"":""07:00"",""close"":""20:00""},""wed"":{""kind"":""open"",""open"":""07:00"",""close"":""20:00""},""thu"":{""kind"":""open"",""open"":""07:00"",""close"":""20:00""},""fri"":{""kind"":""open"",""open"":""07:00"",""close"":""22:00""},""sat"":{""kind"":""open"",""open"":""07:00"",""close"":""22:00""},""sun"":{""kind"":""open"",""open"":""08:00"",""close"":""20:00""}}",0906 044 2616,,,,,,OPERATIONAL,Coffee shop|Coffee shop,https://www.instagram.com/anscafe.co/,true,
ChIJm7fgYQDJlzMRHZzeCbtk5zI,a.m. coffee & roastery,"Dona Guadalupe Building, 7462 Bagtikan Street, San Antonio, Makati City",14.5636668,121.0143782,"{""mon"":{""kind"":""open"",""open"":""09:00"",""close"":""18:00""},""tue"":{""kind"":""open"",""open"":""09:00"",""close"":""18:00""},""wed"":{""kind"":""open"",""open"":""09:00"",""close"":""18:00""},""thu"":{""kind"":""open"",""open"":""09:00"",""close"":""18:00""},""fri"":{""kind"":""open"",""open"":""09:00"",""close"":""18:00""},""sat"":{""kind"":""open"",""open"":""09:00"",""close"":""18:00""},""sun"":{""kind"":""open"",""open"":""09:00"",""close"":""18:00""}}",0976 005 3237,,,,,,OPERATIONAL,Coffee shop|Coffee shop,http://amcoffee.ph/,true,
ChIJawEiG3LJlzMRsnmCGEjl4tg,a.m. espresso,"1/F, The Corner House 455 P. Guevarra St, cor C.M. Recto, San Juan City",14.596295,121.03839909999999,"{""mon"":{""kind"":""open"",""open"":""08:00"",""close"":""21:00""},""tue"":{""kind"":""open"",""open"":""08:00"",""close"":""21:00""},""wed"":{""kind"":""open"",""open"":""08:00"",""close"":""21:00""},""thu"":{""kind"":""open"",""open"":""08:00"",""close"":""21:00""},""fri"":{""kind"":""open"",""open"":""08:00"",""close"":""21:00""},""sat"":{""kind"":""open"",""open"":""08:00"",""close"":""21:00""},""sun"":{""kind"":""open"",""open"":""08:00"",""close"":""22:00""}}",,,,,,,OPERATIONAL,Coffee shop|Coffee shop|Cafe,,true,
ChIJcbwUYwDJlzMRFVAYxchfQFs,Ace Coffee Lounge,"H3F5+9J8, Brixton St, Pasig",14.5734221,121.0590783,,,,,,,,OPERATIONAL,Coffee shop|Coffee shop,,false,missing_hours
ChIJD0HoVQDJlzMR4CUkOCrgXWs,Again Coffee,"Millenium Building, UFG, Citadines, Sapphire Rd, Brgy. San Antonio, Pasig",14.5894839,121.06188379999999,"{""mon"":{""kind"":""open"",""open"":""07:00"",""close"":""17:00""},""tue"":{""kind"":""open"",""open"":""07:00"",""close"":""17:00""},""wed"":{""kind"":""open"",""open"":""07:00"",""close"":""17:00""},""thu"":{""kind"":""open"",""open"":""07:00"",""close"":""17:00""},""fri"":{""kind"":""open"",""open"":""07:00"",""close"":""17:00""},""sat"":{""kind"":""open"",""open"":""08:00"",""close"":""16:00""},""sun"":{""kind"":""open"",""open"":""08:00"",""close"":""16:00""}}",,,,,,,OPERATIONAL,Coffee shop|Coffee shop,,true,
ChIJV2ROCgDJlzMR1uObIXze7PY,AILO COFFEE,"2 V. Ibanez, San Juan City",14.599375199999999,121.0372464,"{""mon"":{""kind"":""closed""},""tue"":{""kind"":""open"",""open"":""10:00"",""close"":""20:00""},""wed"":{""kind"":""open"",""open"":""10:00"",""close"":""20:00""},""thu"":{""kind"":""open"",""open"":""10:00"",""close"":""20:00""},""fri"":{""kind"":""open"",""open"":""10:00"",""close"":""20:00""},""sat"":{""kind"":""open"",""open"":""10:00"",""close"":""20:00""},""sun"":{""kind"":""open"",""open"":""10:00"",""close"":""20:00""}}",,,,,,,OPERATIONAL,Coffee shop|Coffee shop,,true,
ChIJj_9ZPwDJlzMRY4SHMs1Iwgk,AK CAFÉ,"237 C De Guzman St, Pasay City",14.5322284,121.0081987,"{""mon"":{""kind"":""open"",""open"":""15:00"",""close"":""02:00""},""tue"":{""kind"":""open"",""open"":""15:00"",""close"":""02:00""},""wed"":{""kind"":""open"",""open"":""15:00"",""close"":""02:00""},""thu"":{""kind"":""open"",""open"":""15:00"",""close"":""02:00""},""fri"":{""kind"":""open"",""open"":""15:00"",""close"":""02:00""},""sat"":{""kind"":""open"",""open"":""15:00"",""close"":""02:00""},""sun"":{""kind"":""open"",""open"":""15:00"",""close"":""02:00""}}",,,,,,,OPERATIONAL,Coffee shop|Coffee shop,https://www.facebook.com/share/12Lzub1sSyx/,true,
ChIJ-Vob4Ju3lzMRn3ze_fwEwFQ,Allo Coffee Roasters - Katipunan,"Unit G4, Burgundy Place, Katipunan Ave, Loyola Heights, Quezon City",14.6420427,121.0741776,"{""mon"":{""kind"":""open"",""open"":""08:00"",""close"":""18:30""},""tue"":{""kind"":""open"",""open"":""08:00"",""close"":""18:30""},""wed"":{""kind"":""open"",""open"":""08:00"",""close"":""18:30""},""thu"":{""kind"":""open"",""open"":""08:00"",""close"":""18:30""},""fri"":{""kind"":""open"",""open"":""08:00"",""close"":""18:30""},""sat"":{""kind"":""open"",""open"":""08:00"",""close"":""18:30""},""sun"":{""kind"":""open"",""open"":""08:00"",""close"":""17:00""}}",0976 391 6303,,,,,,OPERATIONAL,Cafe|Cafe|Coffee shop,http://allocoffeeroasters.com/,true,
ChIJXbHSMkvRlzMRaSvhSxx_8aE,Alon Coffee Shop,"290 Arandia St, Tunasan, Muntinlupa",14.3809244,121.05101409999999,"{""mon"":{""kind"":""open"",""open"":""17:00"",""close"":""00:00""},""tue"":{""kind"":""open"",""open"":""17:00"",""close"":""01:00""},""wed"":{""kind"":""open"",""open"":""17:00"",""close"":""01:00""},""thu"":{""kind"":""open"",""open"":""17:00"",""close"":""01:00""},""fri"":{""kind"":""open"",""open"":""17:00"",""close"":""01:00""},""sat"":{""kind"":""open"",""open"":""17:00"",""close"":""01:00""},""sun"":{""kind"":""open"",""open"":""17:00"",""close"":""00:00""}}",,,,,,,OPERATIONAL,Coffee shop|Coffee shop,https://www.facebook.com/Alon-Coffee-Shop-116569680186781/,true,
ChIJ4axdSQDJlzMRy3dhShooo0Q,Alongside Coffee,"22 San Roque St, Kapitolyo, Pasig",14.5709991,121.06326089999999,"{""mon"":{""kind"":""open"",""open"":""08:00"",""close"":""17:00""},""tue"":{""kind"":""open"",""open"":""08:00"",""close"":""17:00""},""wed"":{""kind"":""open"",""open"":""08:00"",""close"":""17:00""},""thu"":{""kind"":""open"",""open"":""08:00"",""close"":""17:00""},""fri"":{""kind"":""open"",""open"":""08:00"",""close"":""17:00""},""sat"":{""kind"":""open"",""open"":""08:00"",""close"":""17:00""},""sun"":{""kind"":""open"",""open"":""08:00"",""close"":""17:00""}}",,,,,,,OPERATIONAL,Coffee shop|Coffee shop,https://instagram.com/alongsidecoffeeph,true,
ChIJ6RxcShHRlzMRMVZxUdzZacE,Altitud Coffee Space,"Unit 4, Pilar Development Center, Pilar Village, Pilar Rd, Las Piñas",14.42663,121.012676,"{""mon"":{""kind"":""open"",""open"":""07:00"",""close"":""21:00""},""tue"":{""kind"":""open"",""open"":""07:00"",""close"":""21:00""},""wed"":{""kind"":""open"",""open"":""07:00"",""close"":""21:00""},""thu"":{""kind"":""open"",""open"":""07:00"",""close"":""21:00""},""fri"":{""kind"":""open"",""open"":""07:00"",""close"":""23:00""},""sat"":{""kind"":""open"",""open"":""07:00"",""close"":""23:00""},""sun"":{""kind"":""open"",""open"":""07:00"",""close"":""21:00""}}",0976 422 4155,,,,,,OPERATIONAL,Cafe|Cafe,https://instagram.com/altitudcoffeespace,true,
ChIJx0XCYgDJlzMRLbNimpfoE2E,Altitude Coffee,"29 W Capitol Dr, Philippines, Pasig",14.5723539,121.05999899999999,"{""mon"":{""kind"":""open"",""open"":""09:00"",""close"":""21:00""},""tue"":{""kind"":""open"",""open"":""09:00"",""close"":""21:00""},""wed"":{""kind"":""open"",""open"":""09:00"",""close"":""21:00""},""thu"":{""kind"":""open"",""open"":""09:00"",""close"":""21:00""},""fri"":{""kind"":""open"",""open"":""09:00"",""close"":""21:00""},""sat"":{""kind"":""open"",""open"":""09:00"",""close"":""21:00""},""sun"":{""kind"":""open"",""open"":""09:00"",""close"":""21:00""}}",,,,,,,OPERATIONAL,Coffee shop|Coffee shop,https://www.instagram.com/altitudecoffeeph,true,
ChIJgxUUrN7JlzMRa7qzr1priLI,Annex House,"5638 Don Pedro, Makati City",14.5650611,121.03212099999999,"{""mon"":{""kind"":""closed""},""tue"":{""kind"":""open"",""open"":""07:00"",""close"":""02:30""},""wed"":{""kind"":""open"",""open"":""07:00"",""close"":""02:30""},""thu"":{""kind"":""open"",""open"":""07:00"",""close"":""02:30""},""fri"":{""kind"":""open"",""open"":""07:00"",""close"":""02:30""},""sat"":{""kind"":""open"",""open"":""07:00"",""close"":""02:30""},""sun"":{""kind"":""open"",""open"":""07:00"",""close"":""02:30""}}",,,,,,,OPERATIONAL,Social club|Social club|Art studio|Bar|Bistro|Coffee shop|General store,http://annex-house.com/,true,
ChIJq8GYxy7RlzMR9CRaGo0w3JM,Anthology Coffee,"Madrigal Business Park, 1430 Industry St, New Alabang Village, Muntinlupa",14.4247222,121.0242512,"{""mon"":{""kind"":""open"",""open"":""07:00"",""close"":""19:00""},""tue"":{""kind"":""open"",""open"":""07:00"",""close"":""19:00""},""wed"":{""kind"":""open"",""open"":""07:00"",""close"":""19:00""},""thu"":{""kind"":""open"",""open"":""07:00"",""close"":""19:00""},""fri"":{""kind"":""open"",""open"":""07:00"",""close"":""19:00""},""sat"":{""kind"":""open"",""open"":""07:30"",""close"":""19:00""},""sun"":{""kind"":""open"",""open"":""07:30"",""close"":""19:00""}}",0908 362 5453,,,,,,OPERATIONAL,Cafe|Cafe|Coffee shop,http://www.instagram.com/anthologycoffeeph,true,
ChIJ_3HdTwC5lzMRFpoM4COE8BE,Aperitif Eastwood,"Eastwood Mall, Orchard Rd, Bagumbayan, Quezon City",14.6096116,121.07999,"{""mon"":{""kind"":""open"",""open"":""10:00"",""close"":""22:31""},""tue"":{""kind"":""open"",""open"":""10:00"",""close"":""22:31""},""wed"":{""kind"":""open"",""open"":""10:00"",""close"":""22:31""},""thu"":{""kind"":""open"",""open"":""10:00"",""close"":""22:31""},""fri"":{""kind"":""open"",""open"":""10:00"",""close"":""22:31""},""sat"":{""kind"":""open"",""open"":""10:00"",""close"":""22:31""},""sun"":{""kind"":""open"",""open"":""10:00"",""close"":""22:31""}}",,,,,,,OPERATIONAL,Coffee shop|Coffee shop,,true,
ChIJ5Uruaj7LlzMR78cZYbwP6Y4,Apologue Coffee & Pastry,"934 Benavidez St, Binondo, Manila",14.603064999999999,120.97675799999999,"{""mon"":{""kind"":""open"",""open"":""09:00"",""close"":""23:00""},""tue"":{""kind"":""open"",""open"":""09:00"",""close"":""23:00""},""wed"":{""kind"":""open"",""open"":""09:00"",""close"":""23:00""},""thu"":{""kind"":""open"",""open"":""09:00"",""close"":""23:00""},""fri"":{""kind"":""open"",""open"":""09:00"",""close"":""23:00""},""sat"":{""kind"":""open"",""open"":""09:00"",""close"":""23:00""},""sun"":{""kind"":""open"",""open"":""09:00"",""close"":""23:00""}}",0906 088 3003,,,,,,OPERATIONAL,Coffee shop|Coffee shop,https://bit.ly/ApologueDelivery,true,
ChIJT84hhQbJlzMRRhxBnMxUEX8,Archduke Specialty Coffee • Kitchen,"King's Court Building 1, Chino Roces Ave, Legazpi St, Makati City",14.557428999999999,121.0133257,"{""mon"":{""kind"":""open"",""open"":""08:00"",""close"":""21:00""},""tue"":{""kind"":""open"",""open"":""08:00"",""close"":""21:00""},""wed"":{""kind"":""open"",""open"":""08:00"",""close"":""21:00""},""thu"":{""kind"":""open"",""open"":""08:00"",""close"":""21:00""},""fri"":{""kind"":""open"",""open"":""08:00"",""close"":""22:00""},""sat"":{""kind"":""open"",""open"":""08:00"",""close"":""21:00""},""sun"":{""kind"":""open"",""open"":""08:00"",""close"":""21:00""}}",0954 230 3581,,,,,,OPERATIONAL,Restaurant|Restaurant|Cafe|Coffee roastery|Coffee shop,http://www.archdukecoffee.com/,true,
ChIJvbqBRgDJlzMRZVtVejCIpqE,ARIAS GARDEN POBLACION,"5804 dona carmen, cor Jacobo, Makati City",14.564109,121.03142969999999,"{""mon"":{""kind"":""open"",""open"":""20:00"",""close"":""04:00""},""tue"":{""kind"":""open"",""open"":""20:00"",""close"":""04:00""},""wed"":{""kind"":""open"",""open"":""20:00"",""close"":""04:00""},""thu"":{""kind"":""open"",""open"":""20:00"",""close"":""04:00""},""fri"":{""kind"":""open"",""open"":""20:00"",""close"":""04:00""},""sat"":{""kind"":""open"",""open"":""20:00"",""close"":""04:00""},""sun"":{""kind"":""open"",""open"":""20:00"",""close"":""04:00""}}",,,,,,,OPERATIONAL,Restaurant|Restaurant|Club|Coffee shop,,true,
ChIJDUlb4pe5lzMRG1Lm72sMRec,B1t1 takeaway coffee global one Eastwood,"1k1 Ground floor, GlobalOne Center, Eastwood Ave, Bagumbayan, Quezon City",14.608594799999999,121.08160939999999,"{""mon"":{""kind"":""all_day""},""tue"":{""kind"":""all_day""},""wed"":{""kind"":""all_day""},""thu"":{""kind"":""all_day""},""fri"":{""kind"":""all_day""},""sat"":{""kind"":""all_day""},""sun"":{""kind"":""all_day""}}",,,,,,,OPERATIONAL,Coffee shop|Coffee shop,,true,
ChIJBSXQyjW3lzMRSbLGR-6iSSA,Barista Coffee Beans - Gateway Mall,"Level 2, Near Care Center Clinic and H&M, Gateway Mall, 1 Gen. Aguinaldo Ave, Cubao, Quezon City",14.6223599,121.0526838,"{""mon"":{""kind"":""open"",""open"":""10:00"",""close"":""21:00""},""tue"":{""kind"":""open"",""open"":""10:00"",""close"":""21:00""},""wed"":{""kind"":""open"",""open"":""10:00"",""close"":""21:00""},""thu"":{""kind"":""open"",""open"":""10:00"",""close"":""21:00""},""fri"":{""kind"":""open"",""open"":""10:00"",""close"":""22:00""},""sat"":{""kind"":""open"",""open"":""10:00"",""close"":""22:00""},""sun"":{""kind"":""open"",""open"":""10:00"",""close"":""22:00""}}",0926 690 8955,,,,,,OPERATIONAL,Coffee shop|Coffee shop,https://www.facebook.com/BaristaCoffeeGateway,true,
ChIJg9b30e7RlzMRI8twG8tjVts,Bask. Coffee House,"69a Gloria Diaz Street, BF Resort Dr, Village, Las Piñas",14.4423689,120.986572,"{""mon"":{""kind"":""open"",""open"":""08:00"",""close"":""21:00""},""tue"":{""kind"":""open"",""open"":""08:00"",""close"":""21:00""},""wed"":{""kind"":""open"",""open"":""08:00"",""close"":""21:00""},""thu"":{""kind"":""open"",""open"":""08:00"",""close"":""21:00""},""fri"":{""kind"":""open"",""open"":""08:00"",""close"":""21:00""},""sat"":{""kind"":""open"",""open"":""08:00"",""close"":""21:00""},""sun"":{""kind"":""open"",""open"":""08:00"",""close"":""21:00""}}",,,,,,,OPERATIONAL,Coffee shop|Coffee shop,https://instagram.com/bask.coffeehouse,true,
ChIJXSRi0rbJlzMRAfKpTRy-0Eo,Be the Reason Cafe + Roastery,"Brickton Building, Multinational Ave, Moonwalk, Parañaque",14.4937457,121.00363399999999,"{""mon"":{""kind"":""open"",""open"":""09:30"",""close"":""22:00""},""tue"":{""kind"":""open"",""open"":""09:30"",""close"":""22:00""},""wed"":{""kind"":""open"",""open"":""09:30"",""close"":""22:00""},""thu"":{""kind"":""open"",""open"":""09:30"",""close"":""22:00""},""fri"":{""kind"":""open"",""open"":""09:30"",""close"":""22:00""},""sat"":{""kind"":""open"",""open"":""09:30"",""close"":""22:00""},""sun"":{""kind"":""open"",""open"":""09:30"",""close"":""22:00""}}",0929 174 1486,,,,,,OPERATIONAL,Coffee roastery|Coffee roastery|Coffee shop,,true,
ChIJzY8OZQDJlzMRZisXC1lIeXg,Bean Hustle Coffee House,"1949 San Pascual St, Malate, Manila",14.5724178,120.99256679999999,"{""mon"":{""kind"":""open"",""open"":""10:00"",""close"":""21:00""},""tue"":{""kind"":""open"",""open"":""10:00"",""close"":""21:00""},""wed"":{""kind"":""open"",""open"":""10:00"",""close"":""21:00""},""thu"":{""kind"":""open"",""open"":""10:00"",""close"":""21:00""},""fri"":{""kind"":""open"",""open"":""10:00"",""close"":""21:00""},""sat"":{""kind"":""open"",""open"":""13:00"",""close"":""21:00""},""sun"":{""kind"":""closed""}}",,,,,,,OPERATIONAL,Coffee shop|Coffee shop,,true,
ChIJPcxiMZS3lzMRKn7G0WIHKEA,Beans & Bones,"55a 17th Ave, Cubao, Quezon City",14.619792799999999,121.061003,"{""mon"":{""kind"":""open"",""open"":""13:00"",""close"":""02:00""},""tue"":{""kind"":""open"",""open"":""13:00"",""close"":""02:00""},""wed"":{""kind"":""open"",""open"":""13:00"",""close"":""02:00""},""thu"":{""kind"":""open"",""open"":""13:00"",""close"":""02:00""},""fri"":{""kind"":""open"",""open"":""13:00"",""close"":""02:00""},""sat"":{""kind"":""open"",""open"":""13:00"",""close"":""02:00""},""sun"":{""kind"":""open"",""open"":""13:00"",""close"":""02:00""}}",0917 327 2326,,,,,,OPERATIONAL,Coffee shop|Coffee shop|Restaurant,https://www.facebook.com/beansnbones55/,true,
ChIJZ0bw5gjLlzMRhytrlfDAJsc,Beanstro Coffee Shop,"Tytana Street, Binondo",14.600948899999999,120.97410579999999,"{""mon"":{""kind"":""open"",""open"":""09:00"",""close"":""23:00""},""tue"":{""kind"":""open"",""open"":""09:00"",""close"":""23:00""},""wed"":{""kind"":""open"",""open"":""09:00"",""close"":""23:00""},""thu"":{""kind"":""open"",""open"":""09:00"",""close"":""23:00""},""fri"":{""kind"":""open"",""open"":""09:00"",""close"":""23:00""},""sat"":{""kind"":""open"",""open"":""09:00"",""close"":""23:00""},""sun"":{""kind"":""open"",""open"":""09:00"",""close"":""23:00""}}",,,,,,,OPERATIONAL,Cafe|Cafe,,true,
ChIJZYdGWQDRlzMRI-Oy1dPOjig,Bear's Cafe,"BF Resort Village, LOT 2 BLOCK 59A, COMSTANTINE ST, CORNER Abel Nosce, Las Piñas",14.4286827,120.9946555,"{""mon"":{""kind"":""closed""},""tue"":{""kind"":""open"",""open"":""10:00"",""close"":""21:00""},""wed"":{""kind"":""open"",""open"":""10:00"",""close"":""21:00""},""thu"":{""kind"":""open"",""open"":""10:00"",""close"":""21:00""},""fri"":{""kind"":""open"",""open"":""10:00"",""close"":""21:00""},""sat"":{""kind"":""open"",""open"":""10:00"",""close"":""21:00""},""sun"":{""kind"":""open"",""open"":""10:00"",""close"":""21:00""}}",,,,,,,OPERATIONAL,Coffee shop|Coffee shop,,true,
ChIJl3LIBJDJlzMRMpJl34Sr9PI,Beselu Cafe,"7850 Makati Ave, Makati City",14.5651161,121.0297375,"{""mon"":{""kind"":""all_day""},""tue"":{""kind"":""all_day""},""wed"":{""kind"":""all_day""},""thu"":{""kind"":""all_day""},""fri"":{""kind"":""all_day""},""sat"":{""kind"":""all_day""},""sun"":{""kind"":""all_day""}}",0945 233 8792,,,,,,OPERATIONAL,Coffee shop|Coffee shop,,true,
ChIJn60mNjO3lzMRJK3KguywTg4,Better Half Cafe,"IV Upper Ground, MJAB Building, 220 Tomas Morato Ave, Sacred Heart, Diliman, Quezon City",14.6308013,121.0346745,"{""mon"":{""kind"":""open"",""open"":""10:00"",""close"":""23:00""},""tue"":{""kind"":""open"",""open"":""10:00"",""close"":""23:00""},""wed"":{""kind"":""open"",""open"":""10:00"",""close"":""23:00""},""thu"":{""kind"":""open"",""open"":""10:00"",""close"":""23:00""},""fri"":{""kind"":""open"",""open"":""10:00"",""close"":""00:00""},""sat"":{""kind"":""open"",""open"":""10:00"",""close"":""00:00""},""sun"":{""kind"":""open"",""open"":""10:00"",""close"":""23:00""}}",0927 444 9150,,,,,,OPERATIONAL,Cafe|Cafe,,true,
ChIJ9bx7u7LPlzMRKap91UICUyc,Bitter Momma Coffee Parañaque,"S&M Building, Extension, Better Living Subdivision, 187 Doña Soledad Ave, Parañaque",14.4879029,121.0240779,"{""mon"":{""kind"":""all_day""},""tue"":{""kind"":""all_day""},""wed"":{""kind"":""all_day""},""thu"":{""kind"":""all_day""},""fri"":{""kind"":""all_day""},""sat"":{""kind"":""all_day""},""sun"":{""kind"":""all_day""}}",0927 307 8826,,,,,,OPERATIONAL,Coffee shop|Coffee shop,https://www.facebook.com/bittermomma,true,
ChIJfaKPFivKlzMR_RXJcq5pmsk,blocleaf café,"1850 Del Pilar St, Malate, Manila",14.5704408,120.9837627,"{""mon"":{""kind"":""open"",""open"":""10:00"",""close"":""21:00""},""tue"":{""kind"":""open"",""open"":""10:00"",""close"":""21:00""},""wed"":{""kind"":""open"",""open"":""10:00"",""close"":""21:00""},""thu"":{""kind"":""open"",""open"":""10:00"",""close"":""21:00""},""fri"":{""kind"":""open"",""open"":""10:00"",""close"":""21:00""},""sat"":{""kind"":""open"",""open"":""10:00"",""close"":""21:00""},""sun"":{""kind"":""open"",""open"":""10:00"",""close"":""21:00""}}",,,,,,,OPERATIONAL,Cafe|Cafe|Coffee shop,http://facebook.com/blocleafcafe,true,
ChIJ24ySKWPJlzMR2gdx6OOQ3U0,Blue Lane Coffee Brixton,"Unit 105, Three Brixton building, 3 Brixton St, Pasig",14.572356599999999,121.05766089999999,"{""mon"":{""kind"":""all_day""},""tue"":{""kind"":""all_day""},""wed"":{""kind"":""all_day""},""thu"":{""kind"":""all_day""},""fri"":{""kind"":""all_day""},""sat"":{""kind"":""open"",""open"":""07:00"",""close"":""17:00""},""sun"":{""kind"":""open"",""open"":""07:00"",""close"":""17:00""}}",0954 996 7245,,,,,,OPERATIONAL,Coffee shop|Coffee shop,https://drive.google.com/drive/folders/1dZqI1jw8KN1oYzjh2PRthL5JCENJhGaF?usp=drive_link,true,
ChIJR5i4hrnLlzMRVoOWrAvzeB0,BLVCK CAFE SM by the Bay,"Seaside Blvd, Pasay City",14.535521,120.9790994,"{""mon"":{""kind"":""open"",""open"":""14:00"",""close"":""23:00""},""tue"":{""kind"":""open"",""open"":""14:00"",""close"":""23:00""},""wed"":{""kind"":""open"",""open"":""14:00"",""close"":""23:00""},""thu"":{""kind"":""open"",""open"":""14:00"",""close"":""23:00""},""fri"":{""kind"":""open"",""open"":""14:00"",""close"":""23:00""},""sat"":{""kind"":""open"",""open"":""14:00"",""close"":""23:00""},""sun"":{""kind"":""open"",""open"":""14:00"",""close"":""23:00""}}",,,,,,,OPERATIONAL,Coffee shop|Coffee shop,,true,
ChIJmWwpegDJlzMRWkOdavj3q2Q,Bo’s Coffee (Asian Development Bank),"H3P5+X4P, Bank Dr, Ortigas Center, Mandaluyong City",14.587401799999999,121.0578891,,,,,,,,OPERATIONAL,Coffee shop|Coffee shop,,false,missing_hours
ChIJRf6EDR24lzMRrtUT3UoNu3c,Bo's Coffee (Eastwood),"Eastwood Legrand Tower 3, Bagumbayan, Quezon City",14.6081753,121.08093149999999,"{""mon"":{""kind"":""open"",""open"":""06:30"",""close"":""03:00""},""tue"":{""kind"":""open"",""open"":""06:30"",""close"":""03:00""},""wed"":{""kind"":""open"",""open"":""06:30"",""close"":""03:00""},""thu"":{""kind"":""open"",""open"":""06:30"",""close"":""03:00""},""fri"":{""kind"":""open"",""open"":""06:30"",""close"":""03:00""},""sat"":{""kind"":""open"",""open"":""06:30"",""close"":""03:00""},""sun"":{""kind"":""open"",""open"":""08:00"",""close"":""00:00""}}",,,,,,,OPERATIONAL,Cafe|Cafe,https://www.boscoffee.com/,true,
ChIJA9rfAQC3lzMRiU2ve3qqGfE,Bo's Coffee Bistro,"1st Floor, GH Mall, Ortigas Ave, San Juan City",14.6020331,121.0484345,,,,,,,,OPERATIONAL,Coffee shop|Coffee shop,,false,missing_hours
ChIJg-cDZ9XPlzMR4Rh66yEcmx0,Bold Bean Brew,"8B, Ext, 4B Doña Soledad Ave, Parañaque",14.487187299999999,121.0267574,"{""mon"":{""kind"":""open"",""open"":""12:00"",""close"":""22:00""},""tue"":{""kind"":""open"",""open"":""12:00"",""close"":""22:00""},""wed"":{""kind"":""open"",""open"":""12:00"",""close"":""22:00""},""thu"":{""kind"":""open"",""open"":""12:00"",""close"":""22:00""},""fri"":{""kind"":""open"",""open"":""12:00"",""close"":""00:00""},""sat"":{""kind"":""open"",""open"":""12:00"",""close"":""00:00""},""sun"":{""kind"":""open"",""open"":""12:00"",""close"":""22:00""}}",0976 052 1983,,,,,,OPERATIONAL,Coffee shop|Coffee shop,,true,
ChIJ3YiQrBbJlzMR_3plBxBP7ss,BREAK and BREW by: Kape Urban,"731 Sgt. Bumatay, Mandaluyong, Mandaluyong City",14.5749272,121.0343717,"{""mon"":{""kind"":""open"",""open"":""15:30"",""close"":""03:00""},""tue"":{""kind"":""open"",""open"":""15:30"",""close"":""03:00""},""wed"":{""kind"":""open"",""open"":""15:30"",""close"":""03:00""},""thu"":{""kind"":""open"",""open"":""15:30"",""close"":""03:00""},""fri"":{""kind"":""open"",""open"":""15:30"",""close"":""03:00""},""sat"":{""kind"":""open"",""open"":""15:30"",""close"":""03:00""},""sun"":{""kind"":""open"",""open"":""15:30"",""close"":""03:00""}}",,,,,,,OPERATIONAL,Coffee shop|Coffee shop|Pool hall|Restaurant,,true,
ChIJw4GgCQC5lzMRXvaVU73-sM0,Brew Code Marikina,"50 Gen. B. G. Molina, Marikina",14.6568346,121.10674859999999,,,,,,,,OPERATIONAL,Coffee shop|Coffee shop,,false,missing_hours
ChIJEz4T8B7JlzMRCWkTkwk6PXs,Brew In The Queue,"5075 P Burgos St, Poblacion, Makati City",14.566374399999999,121.0311419,"{""mon"":{""kind"":""open"",""open"":""09:00"",""close"":""02:00""},""tue"":{""kind"":""open"",""open"":""09:00"",""close"":""02:00""},""wed"":{""kind"":""open"",""open"":""09:00"",""close"":""02:00""},""thu"":{""kind"":""open"",""open"":""09:00"",""close"":""02:00""},""fri"":{""kind"":""open"",""open"":""10:00"",""close"":""03:00""},""sat"":{""kind"":""open"",""open"":""10:00"",""close"":""03:00""},""sun"":{""kind"":""open"",""open"":""09:00"",""close"":""02:00""}}",0915 568 2207,,,,,,OPERATIONAL,Coffee shop|Coffee shop,https://www.facebook.com/BrewInTheQueue/,true,
ChIJjfeAlGjJlzMRjpbrab4IeKY,Brewhas Coffee,"454C Boni Ave, Mandaluyong City",14.583440699999999,121.0280114,"{""mon"":{""kind"":""open"",""open"":""13:00"",""close"":""21:00""},""tue"":{""kind"":""open"",""open"":""13:00"",""close"":""21:00""},""wed"":{""kind"":""open"",""open"":""13:00"",""close"":""21:00""},""thu"":{""kind"":""open"",""open"":""13:00"",""close"":""21:00""},""fri"":{""kind"":""open"",""open"":""13:00"",""close"":""21:00""},""sat"":{""kind"":""open"",""open"":""13:00"",""close"":""21:00""},""sun"":{""kind"":""closed""}}",0917 147 6641,,,,,,OPERATIONAL,Coffee shop|Coffee shop|Cafe,https://brewhascoffeehouse.com/,true,
ChIJSf2OyNPHlzMR08Cc-IzcEnc,BRM. CAFE - PASIG,"Brgy, 369 Dr. Sixto Antonio Ave., Maybunga, Pasig",14.5810222,121.08300419999999,"{""mon"":{""kind"":""all_day""},""tue"":{""kind"":""all_day""},""wed"":{""kind"":""all_day""},""thu"":{""kind"":""all_day""},""fri"":{""kind"":""all_day""},""sat"":{""kind"":""all_day""},""sun"":{""kind"":""all_day""}}",,,,,,,OPERATIONAL,Coffee shop|Coffee shop,https://www.facebook.com/BRMCOFFEE/,true,
ChIJDfsGRgDJlzMRwb5863pXlwg,Budhaus Cafe by Skincarebud,"Lel building, Makati City",14.5673333,121.0393185,"{""mon"":{""kind"":""open"",""open"":""07:00"",""close"":""02:00""},""tue"":{""kind"":""open"",""open"":""07:00"",""close"":""02:00""},""wed"":{""kind"":""open"",""open"":""07:00"",""close"":""02:00""},""thu"":{""kind"":""open"",""open"":""07:00"",""close"":""02:00""},""fri"":{""kind"":""open"",""open"":""07:00"",""close"":""02:00""},""sat"":{""kind"":""open"",""open"":""07:00"",""close"":""02:00""},""sun"":{""kind"":""open"",""open"":""07:00"",""close"":""02:00""}}",0956 358 1001,,,,,,OPERATIONAL,Coffee shop|Coffee shop,https://www.instagram.com/budhausclub/,true,
ChIJ0b_3sfS3lzMR_PMCp6hDdxs,BULAN Kitchen and Cafe,"100-A, 100 Sct. Dr. Lazcano St, Diliman, Quezon City",14.6306414,121.03367259999999,"{""mon"":{""kind"":""open"",""open"":""10:00"",""close"":""00:00""},""tue"":{""kind"":""open"",""open"":""10:00"",""close"":""00:00""},""wed"":{""kind"":""open"",""open"":""10:00"",""close"":""00:00""},""thu"":{""kind"":""open"",""open"":""10:00"",""close"":""00:00""},""fri"":{""kind"":""open"",""open"":""10:00"",""close"":""00:00""},""sat"":{""kind"":""open"",""open"":""10:00"",""close"":""00:00""},""sun"":{""kind"":""open"",""open"":""10:00"",""close"":""00:00""}}",0917 677 0607,,,,,,OPERATIONAL,Cafe|Cafe|Coffee shop|Restaurant,,true,
ChIJz7KO5Bu3lzMR21EjjoTn6zA,"But First, Coffee - NFT Araneta Cubao","24 General Roxas Ave, Cubao, Quezon City",14.6219959,121.0537986,"{""mon"":{""kind"":""open"",""open"":""07:00"",""close"":""22:00""},""tue"":{""kind"":""open"",""open"":""07:00"",""close"":""22:00""},""wed"":{""kind"":""open"",""open"":""07:00"",""close"":""22:00""},""thu"":{""kind"":""open"",""open"":""07:00"",""close"":""22:00""},""fri"":{""kind"":""open"",""open"":""07:00"",""close"":""22:00""},""sat"":{""kind"":""open"",""open"":""07:00"",""close"":""22:00""},""sun"":{""kind"":""open"",""open"":""07:00"",""close"":""22:00""}}",,,,,,,OPERATIONAL,Coffee shop|Coffee shop,,true,
ChIJB1WwNnjRlzMRCsc3KGRBBmM,"But First, Coffee (BFC) - Festival Mall Alabang","Alabang, Muntinlupa, 1780 Metro Manila",14.4160498,121.0417308,"{""mon"":{""kind"":""open"",""open"":""15:00"",""close"":""05:00""},""tue"":{""kind"":""open"",""open"":""15:00"",""close"":""05:00""},""wed"":{""kind"":""open"",""open"":""15:00"",""close"":""05:00""},""thu"":{""kind"":""open"",""open"":""15:00"",""close"":""05:00""},""fri"":{""kind"":""open"",""open"":""15:00"",""close"":""05:00""},""sat"":{""kind"":""open"",""open"":""15:00"",""close"":""05:00""},""sun"":{""kind"":""open"",""open"":""15:00"",""close"":""05:00""}}",0915 057 8667,,,,,,OPERATIONAL,Coffee shop|Coffee shop,,true,
ChIJOz6KAwC3lzMRVMROEENfZQU,"But First, Coffee (BFC) - Katipunan","Unit CU-1 Ground Floor, Prince David Condominium, 305 Katipunan Ave, Loyola Heights, Quezon City",14.637651499999999,121.07415759999999,"{""mon"":{""kind"":""open"",""open"":""07:00"",""close"":""22:00""},""tue"":{""kind"":""open"",""open"":""07:00"",""close"":""22:00""},""wed"":{""kind"":""open"",""open"":""07:00"",""close"":""22:00""},""thu"":{""kind"":""open"",""open"":""07:00"",""close"":""22:00""},""fri"":{""kind"":""open"",""open"":""07:00"",""close"":""22:00""},""sat"":{""kind"":""open"",""open"":""07:00"",""close"":""22:00""},""sun"":{""kind"":""open"",""open"":""07:00"",""close"":""22:00""}}",,,,,,,OPERATIONAL,Coffee shop|Coffee shop,,true,
ChIJMfT9GMa5lzMRJ0KQ9WkHtzs,"But First, Coffee (BFC) - Marikina","One East Complex, 001 Gen. Ordoñez St, Marikina Heights (Concepcion), Marikina",14.6502229,121.1117469,"{""mon"":{""kind"":""open"",""open"":""07:00"",""close"":""21:30""},""tue"":{""kind"":""open"",""open"":""07:00"",""close"":""21:30""},""wed"":{""kind"":""open"",""open"":""07:00"",""close"":""21:30""},""thu"":{""kind"":""open"",""open"":""07:00"",""close"":""21:30""},""fri"":{""kind"":""open"",""open"":""07:00"",""close"":""21:30""},""sat"":{""kind"":""open"",""open"":""07:00"",""close"":""21:30""},""sun"":{""kind"":""open"",""open"":""07:00"",""close"":""21:30""}}",0966 213 9033,,,,,,OPERATIONAL,Coffee shop|Coffee shop,https://www.facebook.com/butfirstcoffeemarikina,true,
ChIJ4ebycgDJlzMREO_z0_Z5nE0,"But First, Coffee (BFC) - Ortigas Technopoint","Unit G-19, near Plunge Dive Club Ortigas, Technopoint Parking Bldg, 1 Doña Julia Vargas Ave, Ortigas Center, Pasig",14.585323599999999,121.0665573,"{""mon"":{""kind"":""open"",""open"":""08:00"",""close"":""00:00""},""tue"":{""kind"":""all_day""},""wed"":{""kind"":""all_day""},""thu"":{""kind"":""all_day""},""fri"":{""kind"":""all_day""},""sat"":{""kind"":""all_day""},""sun"":{""kind"":""open"",""open"":""00:00"",""close"":""09:30""}}",0956 213 1915,,,,,,OPERATIONAL,Coffee shop|Coffee shop,,true,
ChIJ_44pfQC3lzMRnyotsKC5az0,"But First, Coffee (BFC) - Spark Place Cubao","Unit 109, Spark Place, P. Tuazon, corner 10th Ave, Cubao, Quezon City",14.6178961,121.0566906,,0976 039 3321,,,,,,OPERATIONAL,Coffee shop|Coffee shop,,false,unsupported_hours
ChIJ3Y2HcgC3lzMR0Cq5OqAk9eY,Cà Phê Xanh - Tomas Morato,"84 Sct. Fernandez St, Diliman, Quezon City",14.632738,121.03433749999999,"{""mon"":{""kind"":""open"",""open"":""10:00"",""close"":""00:00""},""tue"":{""kind"":""open"",""open"":""10:00"",""close"":""00:00""},""wed"":{""kind"":""open"",""open"":""10:00"",""close"":""00:00""},""thu"":{""kind"":""open"",""open"":""10:00"",""close"":""00:00""},""fri"":{""kind"":""open"",""open"":""10:00"",""close"":""00:00""},""sat"":{""kind"":""open"",""open"":""10:00"",""close"":""00:00""},""sun"":{""kind"":""open"",""open"":""10:00"",""close"":""00:00""}}",,,,,,,OPERATIONAL,Coffee shop|Coffee shop,,true,
ChIJgcyoXsnJlzMRI56thZiF268,Cache Coffee & Cocktails,"206-A Parc Chateau Condominium Onyx Road, cor Sapphire Rd, San Antonio, Ortigas Center, Pasig",14.586406199999999,121.06295349999999,"{""mon"":{""kind"":""open"",""open"":""08:00"",""close"":""23:00""},""tue"":{""kind"":""open"",""open"":""08:00"",""close"":""23:00""},""wed"":{""kind"":""open"",""open"":""08:00"",""close"":""23:00""},""thu"":{""kind"":""open"",""open"":""08:00"",""close"":""23:00""},""fri"":{""kind"":""open"",""open"":""08:00"",""close"":""00:00""},""sat"":{""kind"":""open"",""open"":""08:00"",""close"":""00:00""},""sun"":{""kind"":""open"",""open"":""08:00"",""close"":""23:00""}}",0909 260 6654,,,,,,OPERATIONAL,Cafe|Cafe|Cocktail bar|Coffee shop|Restaurant,https://instagram.com/cachecoffeecocktails,true,
ChIJOwQSwfO3lzMRLnqzyCJ8P9Q,Caerus Specialty Coffee + Bistro,"26A Sct. Torillo St, Diliman, Quezon City",14.6318249,121.0370154,"{""mon"":{""kind"":""open"",""open"":""08:00"",""close"":""23:00""},""tue"":{""kind"":""open"",""open"":""08:00"",""close"":""23:00""},""wed"":{""kind"":""open"",""open"":""08:00"",""close"":""23:00""},""thu"":{""kind"":""open"",""open"":""08:00"",""close"":""23:00""},""fri"":{""kind"":""open"",""open"":""08:00"",""close"":""23:00""},""sat"":{""kind"":""open"",""open"":""08:00"",""close"":""23:00""},""sun"":{""kind"":""open"",""open"":""07:00"",""close"":""23:00""}}",0917 722 3787,,,,,,OPERATIONAL,Cafe|Cafe|Bistro|Restaurant,http://www.caeruscoffee.com/,true,
ChIJY0-9dYrJlzMRSKE6dP3MtMY,CAFE 32ND ST,"Menarco tower, 32nd St, Post Proper Northside, Taguig",14.5531253,121.0527611,"{""mon"":{""kind"":""open"",""open"":""07:00"",""close"":""01:00""},""tue"":{""kind"":""open"",""open"":""07:00"",""close"":""01:00""},""wed"":{""kind"":""open"",""open"":""07:00"",""close"":""01:00""},""thu"":{""kind"":""open"",""open"":""07:00"",""close"":""01:00""},""fri"":{""kind"":""open"",""open"":""07:00"",""close"":""02:00""},""sat"":{""kind"":""open"",""open"":""10:00"",""close"":""02:00""},""sun"":{""kind"":""open"",""open"":""10:00"",""close"":""00:00""}}",0956 996 7638,,,,,,OPERATIONAL,Coffee shop|Coffee shop,https://cafe32ndst.netlify.app/#top,true,
ChIJF42fdgDPlzMR1etUA-BSpdI,Cafe 408 BF Homes Paranaque,"Unit 1C, Chloe Center, 162 Aguirre Ave, Parañaque",14.4503784,121.01878549999999,"{""mon"":{""kind"":""open"",""open"":""11:00"",""close"":""23:00""},""tue"":{""kind"":""open"",""open"":""11:00"",""close"":""23:00""},""wed"":{""kind"":""open"",""open"":""10:00"",""close"":""01:00""},""thu"":{""kind"":""open"",""open"":""10:00"",""close"":""01:00""},""fri"":{""kind"":""open"",""open"":""10:00"",""close"":""01:00""},""sat"":{""kind"":""open"",""open"":""10:00"",""close"":""01:00""},""sun"":{""kind"":""open"",""open"":""10:00"",""close"":""01:00""}}",,,,,,,OPERATIONAL,Coffee shop|Coffee shop|Cafe|Restaurant,https://www.instagram.com/cafe408_,true,
ChIJSY_3YQC3lzMR1nrMOZwbqdU,Café 41 MNL,"176 Dr.Alejos, La Loma, Quezon City",14.6272527,120.99325909999999,"{""mon"":{""kind"":""open"",""open"":""07:00"",""close"":""02:00""},""tue"":{""kind"":""open"",""open"":""07:00"",""close"":""02:00""},""wed"":{""kind"":""open"",""open"":""07:00"",""close"":""02:00""},""thu"":{""kind"":""open"",""open"":""07:00"",""close"":""02:00""},""fri"":{""kind"":""open"",""open"":""07:00"",""close"":""02:00""},""sat"":{""kind"":""open"",""open"":""07:00"",""close"":""00:00""},""sun"":{""kind"":""open"",""open"":""16:00"",""close"":""00:00""}}",,,,,,,OPERATIONAL,Coffee shop|Coffee shop,https://www.facebook.com/Cafe41Manila,true,
ChIJxStLWnG3lzMRHmOyc8qzlN0,Cafe Amigos,"353 N. Domingo St., San Juan City",14.6108639,121.0312905,"{""mon"":{""kind"":""open"",""open"":""11:00"",""close"":""21:30""},""tue"":{""kind"":""open"",""open"":""11:00"",""close"":""21:30""},""wed"":{""kind"":""open"",""open"":""11:00"",""close"":""21:30""},""thu"":{""kind"":""open"",""open"":""11:00"",""close"":""21:30""},""fri"":{""kind"":""open"",""open"":""11:00"",""close"":""21:30""},""sat"":{""kind"":""open"",""open"":""11:00"",""close"":""21:30""},""sun"":{""kind"":""open"",""open"":""11:00"",""close"":""21:30""}}",,,,,,,OPERATIONAL,Coffee shop|Coffee shop,,true,
ChIJZZRKcwDJlzMRSHiGPMLPorQ,Café Antonio Luna,"15 Justice Ramon Jabson, Pasig",14.5592969,121.07624399999999,"{""mon"":{""kind"":""open"",""open"":""09:00"",""close"":""00:00""},""tue"":{""kind"":""open"",""open"":""09:00"",""close"":""00:00""},""wed"":{""kind"":""open"",""open"":""09:00"",""close"":""00:00""},""thu"":{""kind"":""open"",""open"":""09:00"",""close"":""00:00""},""fri"":{""kind"":""open"",""open"":""09:00"",""close"":""02:00""},""sat"":{""kind"":""open"",""open"":""09:00"",""close"":""02:00""},""sun"":{""kind"":""open"",""open"":""09:00"",""close"":""21:00""}}",,,,,,,OPERATIONAL,Coffee shop|Coffee shop,,true,
ChIJx7ZYPhDKlzMRrRvvqMRNa2s,Cafe Aquatica,"619 Norberto Ty St, Binondo, Manila",14.600434799999999,120.9744995,"{""mon"":{""kind"":""open"",""open"":""10:00"",""close"":""19:00""},""tue"":{""kind"":""open"",""open"":""10:00"",""close"":""19:00""},""wed"":{""kind"":""open"",""open"":""10:00"",""close"":""19:00""},""thu"":{""kind"":""open"",""open"":""10:00"",""close"":""19:00""},""fri"":{""kind"":""open"",""open"":""10:00"",""close"":""20:00""},""sat"":{""kind"":""open"",""open"":""10:00"",""close"":""20:00""},""sun"":{""kind"":""open"",""open"":""10:00"",""close"":""20:00""}}",,,,,,,OPERATIONAL,Restaurant|Restaurant|Cafe,,true,
ChIJGwrNHwDPlzMRU2W3hZpSLkc,Cafe Bada,"The Edge Bldg, CAA Rd, Las Piñas",14.454588999999999,120.993929,"{""mon"":{""kind"":""open"",""open"":""10:00"",""close"":""21:00""},""tue"":{""kind"":""open"",""open"":""10:00"",""close"":""21:00""},""wed"":{""kind"":""open"",""open"":""10:00"",""close"":""21:00""},""thu"":{""kind"":""open"",""open"":""10:00"",""close"":""21:00""},""fri"":{""kind"":""open"",""open"":""10:00"",""close"":""23:00""},""sat"":{""kind"":""open"",""open"":""10:00"",""close"":""23:00""},""sun"":{""kind"":""open"",""open"":""10:00"",""close"":""23:00""}}",0961 921 1534,,,,,,OPERATIONAL,Coffee shop|Coffee shop,https://www.facebook.com/CafeBadaPh,true,
ChIJjWFKKgCxlzMR09L7ZQf5ujg,Cafe de Melle,"P2R8+85R, Kabatuhan, Barangay 168, Caloocan",14.7408483,121.01533699999999,"{""mon"":{""kind"":""open"",""open"":""09:00"",""close"":""00:00""},""tue"":{""kind"":""open"",""open"":""09:00"",""close"":""00:00""},""wed"":{""kind"":""open"",""open"":""09:00"",""close"":""00:00""},""thu"":{""kind"":""open"",""open"":""09:00"",""close"":""00:00""},""fri"":{""kind"":""open"",""open"":""09:00"",""close"":""00:00""},""sat"":{""kind"":""open"",""open"":""09:00"",""close"":""00:00""},""sun"":{""kind"":""open"",""open"":""09:00"",""close"":""00:00""}}",0968 187 4263,,,,,,OPERATIONAL,Coffee shop|Coffee shop,https://web.facebook.com/profile.php?id=61588216101905,true,
ChIJyWP7-irPlzMRi249NTjBZu0,Café de San Pablo,"San Pablo, Paranaque, Parañaque",14.4687036,121.0236391,"{""mon"":{""kind"":""open"",""open"":""08:00"",""close"":""23:30""},""tue"":{""kind"":""open"",""open"":""08:00"",""close"":""23:30""},""wed"":{""kind"":""open"",""open"":""08:00"",""close"":""23:30""},""thu"":{""kind"":""open"",""open"":""08:00"",""close"":""23:30""},""fri"":{""kind"":""open"",""open"":""08:00"",""close"":""23:30""},""sat"":{""kind"":""open"",""open"":""08:00"",""close"":""22:30""},""sun"":{""kind"":""open"",""open"":""08:00"",""close"":""23:30""}}",,,,,,,OPERATIONAL,Coffee shop|Coffee shop,,true,
ChIJ-5CxcgDRlzMRDHotinxZbe8,Café Forty Six,"46 Camino Real Rd, Las Piñas",14.4171088,121.0076009,"{""mon"":{""kind"":""closed""},""tue"":{""kind"":""open"",""open"":""08:00"",""close"":""22:00""},""wed"":{""kind"":""open"",""open"":""08:00"",""close"":""22:00""},""thu"":{""kind"":""open"",""open"":""08:00"",""close"":""22:00""},""fri"":{""kind"":""open"",""open"":""08:00"",""close"":""22:00""},""sat"":{""kind"":""open"",""open"":""08:00"",""close"":""22:00""},""sun"":{""kind"":""open"",""open"":""08:00"",""close"":""22:00""}}",,,,,,,OPERATIONAL,Coffee shop|Coffee shop,,true,
ChIJu3labq23lzMRK1EfC5Fvfwk,Cafe I'm Here,"68 Tomas Morato Ave, Diliman, Quezon City",14.6345496,121.035646,"{""mon"":{""kind"":""open"",""open"":""11:00"",""close"":""03:00""},""tue"":{""kind"":""open"",""open"":""11:00"",""close"":""03:00""},""wed"":{""kind"":""open"",""open"":""11:00"",""close"":""03:00""},""thu"":{""kind"":""open"",""open"":""11:00"",""close"":""03:00""},""fri"":{""kind"":""open"",""open"":""11:00"",""close"":""03:00""},""sat"":{""kind"":""open"",""open"":""11:00"",""close"":""03:00""},""sun"":{""kind"":""open"",""open"":""11:00"",""close"":""03:00""}}",,,,,,,OPERATIONAL,Cafe|Cafe,https://www.facebook.com/cafeiamhere,true,
ChIJDTXhEpnLlzMRc_73RCm9ICc,Café Jo,"1718 Bocobo St, Malate, Manila",14.572408,120.98575389999999,"{""mon"":{""kind"":""all_day""},""tue"":{""kind"":""all_day""},""wed"":{""kind"":""all_day""},""thu"":{""kind"":""all_day""},""fri"":{""kind"":""all_day""},""sat"":{""kind"":""all_day""},""sun"":{""kind"":""all_day""}}",0916 211 3426,,,,,,OPERATIONAL,Cafe|Cafe,,true,
ChIJDb32ERDKlzMRe_QtiLZ5dR8,Café Mezzanine,"650 Ongpin St, Binondo, Manila",14.600367199999999,120.97555559999999,"{""mon"":{""kind"":""open"",""open"":""09:00"",""close"":""21:00""},""tue"":{""kind"":""open"",""open"":""09:00"",""close"":""21:00""},""wed"":{""kind"":""open"",""open"":""09:00"",""close"":""21:00""},""thu"":{""kind"":""open"",""open"":""09:00"",""close"":""21:00""},""fri"":{""kind"":""open"",""open"":""09:00"",""close"":""21:00""},""sat"":{""kind"":""open"",""open"":""09:00"",""close"":""21:00""},""sun"":{""kind"":""open"",""open"":""09:00"",""close"":""21:00""}}",,,,,,,OPERATIONAL,Cafe|Cafe|Breakfast restaurant,http://www.cafemezzanine.com/,true,
ChIJXflr3a65lzMRoIoFzwnlsow,Cafe Rajah,"102 Raha Soliman, Marikina",14.6629024,121.1148791,"{""mon"":{""kind"":""open"",""open"":""17:00"",""close"":""02:00""},""tue"":{""kind"":""open"",""open"":""17:00"",""close"":""02:00""},""wed"":{""kind"":""open"",""open"":""17:00"",""close"":""02:00""},""thu"":{""kind"":""open"",""open"":""17:00"",""close"":""02:00""},""fri"":{""kind"":""open"",""open"":""17:00"",""close"":""02:00""},""sat"":{""kind"":""open"",""open"":""17:00"",""close"":""02:00""},""sun"":{""kind"":""open"",""open"":""16:00"",""close"":""01:00""}}",,,,,,,OPERATIONAL,Coffee shop|Coffee shop,,true,
ChIJTYL2cwDJlzMRW9kPXjF3KVg,Café Reserve,"H3P7+G4J, Sapphire Rd, San Antonio, Ortigas Center, Pasig",14.586339299999999,121.0627706,,,,,,,,OPERATIONAL,Coffee shop|Coffee shop,,false,missing_hours
ChIJ5U_MQTXLlzMR8nQBTRC1axk,Cafe Roo Malate - Premium Rooftop Cafe,"465 Remedios St, Malate, Manila",14.5696154,120.9844608,"{""mon"":{""kind"":""open"",""open"":""15:00"",""close"":""05:00""},""tue"":{""kind"":""open"",""open"":""15:00"",""close"":""05:00""},""wed"":{""kind"":""open"",""open"":""15:00"",""close"":""05:00""},""thu"":{""kind"":""open"",""open"":""15:00"",""close"":""05:00""},""fri"":{""kind"":""open"",""open"":""15:00"",""close"":""05:00""},""sat"":{""kind"":""open"",""open"":""15:00"",""close"":""05:00""},""sun"":{""kind"":""open"",""open"":""15:00"",""close"":""05:00""}}",0917 700 1456,,,,,,OPERATIONAL,Cafe|Cafe|Bar|Restaurant,https://www.facebook.com/caferooph,true,
ChIJ-R531TG3lzMR_Ji3ggmZGPA,Cafe Roo QC,"232 Tomas Morato Ave, Scout Borromeo St, South Triangle, Diliman, Quezon City",14.637094399999999,121.0360013,"{""mon"":{""kind"":""open"",""open"":""11:00"",""close"":""04:00""},""tue"":{""kind"":""open"",""open"":""11:00"",""close"":""04:00""},""wed"":{""kind"":""open"",""open"":""11:00"",""close"":""04:00""},""thu"":{""kind"":""open"",""open"":""11:00"",""close"":""04:00""},""fri"":{""kind"":""open"",""open"":""11:00"",""close"":""04:00""},""sat"":{""kind"":""open"",""open"":""11:00"",""close"":""04:00""},""sun"":{""kind"":""open"",""open"":""11:00"",""close"":""04:00""}}",0917 102 5180,,,,,,OPERATIONAL,Cafe|Cafe|Bar|Restaurant,https://www.instagram.com/caferooqc/,true,
ChIJr1SVVgDLlzMRLMhUvzQg0-k,Cafe Runway,"Store 3, Ground, located, at, SplendorPlace, 1833 Bocobo St, Malate, Manila",14.571606699999998,120.98597749999999,"{""mon"":{""kind"":""all_day""},""tue"":{""kind"":""all_day""},""wed"":{""kind"":""all_day""},""thu"":{""kind"":""all_day""},""fri"":{""kind"":""all_day""},""sat"":{""kind"":""all_day""},""sun"":{""kind"":""all_day""}}",0975 669 1913,,,,,,OPERATIONAL,Coffee shop|Coffee shop,,true,
ChIJP5iAhKvRlzMRTpaIYqvWX3I,Cafè Singko,"Unit L, MJ Square Building, BF Resort Village, BF Resort Dr, Las Piñas",14.442247499999999,120.9920085,"{""mon"":{""kind"":""open"",""open"":""09:00"",""close"":""21:00""},""tue"":{""kind"":""open"",""open"":""09:00"",""close"":""21:00""},""wed"":{""kind"":""open"",""open"":""09:00"",""close"":""21:00""},""thu"":{""kind"":""open"",""open"":""09:00"",""close"":""21:00""},""fri"":{""kind"":""open"",""open"":""09:00"",""close"":""22:00""},""sat"":{""kind"":""open"",""open"":""09:00"",""close"":""22:00""},""sun"":{""kind"":""open"",""open"":""09:00"",""close"":""22:00""}}",0920 982 3206,,,,,,OPERATIONAL,Coffee shop|Coffee shop,,true,
ChIJfyUcKWC1lzMRIz_F4hpjuFU,Cafe Uno España,"1241 Navarra St, Sampaloc, Manila",14.6115306,120.9866945,,,,,,,,OPERATIONAL,Coffee shop|Coffee shop,,false,missing_hours
ChIJj8LxNT7RlzMRzd-5y_nvB3s,Caffe Milan De Alabang,"2nd floor, 62a Ilaya, Alabang, Muntinlupa",14.4177892,121.05013799999999,"{""mon"":{""kind"":""open"",""open"":""09:00"",""close"":""00:00""},""tue"":{""kind"":""open"",""open"":""09:00"",""close"":""00:00""},""wed"":{""kind"":""open"",""open"":""09:00"",""close"":""00:00""},""thu"":{""kind"":""open"",""open"":""09:00"",""close"":""00:00""},""fri"":{""kind"":""open"",""open"":""09:00"",""close"":""00:00""},""sat"":{""kind"":""open"",""open"":""09:00"",""close"":""00:00""},""sun"":{""kind"":""open"",""open"":""09:00"",""close"":""00:00""}}",0968 852 7328,,,,,,OPERATIONAL,Cafe|Cafe,https://www.facebook.com/profile.php?id=61561269116410,true,
ChIJf1zT7rzJlzMRyzg839WFx_w,Caffe Pocofino (BGC),"BGC Corporate Center 2 30th Street, Corner 5th Ave, Post Proper Northside, Taguig",14.5524446,121.04873889999999,"{""mon"":{""kind"":""all_day""},""tue"":{""kind"":""all_day""},""wed"":{""kind"":""all_day""},""thu"":{""kind"":""all_day""},""fri"":{""kind"":""all_day""},""sat"":{""kind"":""all_day""},""sun"":{""kind"":""all_day""}}",0919 070 3000,,,,,,OPERATIONAL,Coffee shop|Coffee shop,https://pocofino.com/,true,
ChIJRxkVHQC3lzMRMJLwu2gvbnw,Caffe Pocofino (Gateway Mall),"Gateway Tower5f regus, General Roxas Ave, Cubao, Quezon City",14.622193399999999,121.05326509999999,"{""mon"":{""kind"":""all_day""},""tue"":{""kind"":""all_day""},""wed"":{""kind"":""all_day""},""thu"":{""kind"":""all_day""},""fri"":{""kind"":""all_day""},""sat"":{""kind"":""all_day""},""sun"":{""kind"":""all_day""}}",,,,,,,OPERATIONAL,Coffee shop|Coffee shop,https://pocofino.com/,true,
ChIJwXZVf5_PlzMRukSCrNug-T8,Caffeinistry,"Infront of Probright laundry shop, 46, Buli, Muntinlupa",14.4428371,121.0505539,"{""mon"":{""kind"":""open"",""open"":""13:00"",""close"":""23:00""},""tue"":{""kind"":""open"",""open"":""13:00"",""close"":""23:00""},""wed"":{""kind"":""open"",""open"":""13:00"",""close"":""23:00""},""thu"":{""kind"":""open"",""open"":""13:00"",""close"":""23:00""},""fri"":{""kind"":""open"",""open"":""13:00"",""close"":""00:00""},""sat"":{""kind"":""open"",""open"":""13:00"",""close"":""00:00""},""sun"":{""kind"":""open"",""open"":""13:00"",""close"":""23:00""}}",0927 025 1665,,,,,,OPERATIONAL,Coffee shop|Coffee shop|Cafe|Coffee stand|Coffee store|Event venue,https://www.facebook.com/caffeinistry,true,
ChIJl8FVq2i1lzMRAea32N4zNHI,"Calle Cafe by Don Gabriel UST, Dapitan","1343 Dapitan St, Sampaloc, Manila",14.6111276,120.98757459999999,"{""mon"":{""kind"":""open"",""open"":""06:00"",""close"":""02:00""},""tue"":{""kind"":""open"",""open"":""06:00"",""close"":""02:00""},""wed"":{""kind"":""open"",""open"":""06:00"",""close"":""02:00""},""thu"":{""kind"":""open"",""open"":""06:00"",""close"":""02:00""},""fri"":{""kind"":""open"",""open"":""06:00"",""close"":""02:00""},""sat"":{""kind"":""open"",""open"":""06:00"",""close"":""02:00""},""sun"":{""kind"":""open"",""open"":""06:00"",""close"":""02:00""}}",,,,,,,OPERATIONAL,Coffee shop|Coffee shop,,true,
ChIJ4d4QGka5lzMRNJOsqIpQk4o,Camph Cafe,"blk 2, Brgy Tumana, 19 Farmers 2, Marikina",14.654196599999999,121.1003061,"{""mon"":{""kind"":""open"",""open"":""17:00"",""close"":""23:00""},""tue"":{""kind"":""open"",""open"":""17:00"",""close"":""23:00""},""wed"":{""kind"":""open"",""open"":""17:00"",""close"":""23:00""},""thu"":{""kind"":""open"",""open"":""17:00"",""close"":""23:00""},""fri"":{""kind"":""open"",""open"":""17:00"",""close"":""23:00""},""sat"":{""kind"":""open"",""open"":""17:00"",""close"":""23:00""},""sun"":{""kind"":""open"",""open"":""17:00"",""close"":""23:00""}}",0991 799 5721,,,,,,OPERATIONAL,Coffee shop|Coffee shop,,true,
ChIJkdLbZwDLlzMRYmVfm51E1Qk,Candid Coffee Robinsons Place Manila,"3rd floor, Wing, Robinsons Place, Pedro Gil St, Ermita, Manila",14.575837499999999,120.98393879999999,,0916 430 2818,,,,,,OPERATIONAL,Coffee shop|Coffee shop,,false,missing_hours
ChIJyaATEwDJlzMRxiEZrDCnqbw,CAP Cafe,"6140 Levi B. Mariano Ave, Taguig",14.5318686,121.0681886,"{""mon"":{""kind"":""open"",""open"":""15:00"",""close"":""02:30""},""tue"":{""kind"":""open"",""open"":""15:00"",""close"":""02:30""},""wed"":{""kind"":""open"",""open"":""15:00"",""close"":""02:30""},""thu"":{""kind"":""open"",""open"":""15:00"",""close"":""02:30""},""fri"":{""kind"":""open"",""open"":""15:00"",""close"":""02:30""},""sat"":{""kind"":""open"",""open"":""15:00"",""close"":""02:30""},""sun"":{""kind"":""open"",""open"":""15:00"",""close"":""02:30""}}",0956 279 4169,,,,,,OPERATIONAL,Coffee shop|Coffee shop,https://www.facebook.com/capcafe.taguig/,true,
ChIJHxtBv4e3lzMR31XS-RXqRzI,Cappo Coffee Lab & Roastery,"23 Panay Ave, Paligsahan, Diliman, Quezon City",14.6321306,121.02003049999999,"{""mon"":{""kind"":""open"",""open"":""09:00"",""close"":""19:00""},""tue"":{""kind"":""open"",""open"":""09:00"",""close"":""19:00""},""wed"":{""kind"":""open"",""open"":""09:00"",""close"":""19:00""},""thu"":{""kind"":""open"",""open"":""09:00"",""close"":""19:00""},""fri"":{""kind"":""open"",""open"":""09:00"",""close"":""19:00""},""sat"":{""kind"":""open"",""open"":""09:00"",""close"":""19:00""},""sun"":{""kind"":""open"",""open"":""09:00"",""close"":""19:00""}}",0966 236 5883,,,,,,OPERATIONAL,Coffee shop|Coffee shop|Cafe|Coffee roastery|Coffee wholesaler,https://cappo.coffee/,true,
ChIJ1Voa43W3lzMRPY9YgD3YsQo,Cara Cafe,"99 Xavierville Ave, Quezon City",14.6342424,121.0730931,"{""mon"":{""kind"":""open"",""open"":""09:00"",""close"":""01:00""},""tue"":{""kind"":""open"",""open"":""09:00"",""close"":""01:00""},""wed"":{""kind"":""open"",""open"":""09:00"",""close"":""01:00""},""thu"":{""kind"":""open"",""open"":""09:00"",""close"":""01:00""},""fri"":{""kind"":""open"",""open"":""10:00"",""close"":""01:00""},""sat"":{""kind"":""open"",""open"":""10:00"",""close"":""01:00""},""sun"":{""kind"":""open"",""open"":""10:00"",""close"":""01:00""}}",,,,,,,OPERATIONAL,Coffee shop|Coffee shop,,true,
ChIJe7Aq7fa3lzMRTEAb4CSzTLU,Cether Specialty Coffee + Bistro,"THE BUILDING, 146 D. Tuazon, Santa Mesa Heights, Quezon City",14.6292615,121.0001116,"{""mon"":{""kind"":""open"",""open"":""09:00"",""close"":""23:00""},""tue"":{""kind"":""open"",""open"":""09:00"",""close"":""23:00""},""wed"":{""kind"":""open"",""open"":""09:00"",""close"":""23:00""},""thu"":{""kind"":""open"",""open"":""09:00"",""close"":""23:00""},""fri"":{""kind"":""open"",""open"":""09:00"",""close"":""00:00""},""sat"":{""kind"":""open"",""open"":""09:00"",""close"":""00:00""},""sun"":{""kind"":""open"",""open"":""09:00"",""close"":""23:00""}}",0920 819 1959,,,,,,OPERATIONAL,Coffee shop|Coffee shop|Bistro|Cafe,,true,
ChIJac_fPADJlzMRiHE5A5GaeJU,Cha Cafe,"2118 Leon Guinto St, Malate, Manila",14.5702822,120.99276289999999,,,,,,,,OPERATIONAL,Coffee shop|Coffee shop,,false,missing_hours
ChIJnb2jxXW3lzMRtjQO4sAfiI4,Chapter Coffee Roastery & Cafe,"143 Maginhawa, Diliman, Quezon City",14.641961199999999,121.06144909999999,"{""mon"":{""kind"":""open"",""open"":""09:00"",""close"":""23:00""},""tue"":{""kind"":""open"",""open"":""09:00"",""close"":""23:00""},""wed"":{""kind"":""open"",""open"":""09:00"",""close"":""23:00""},""thu"":{""kind"":""open"",""open"":""09:00"",""close"":""23:00""},""fri"":{""kind"":""open"",""open"":""09:00"",""close"":""00:00""},""sat"":{""kind"":""open"",""open"":""08:00"",""close"":""00:00""},""sun"":{""kind"":""open"",""open"":""08:00"",""close"":""00:00""}}",0936 951 0350,,,,,,OPERATIONAL,Coffee roastery|Coffee roastery|Coffee shop|Restaurant,,true,
ChIJc-RNow63lzMRm3bH-bkakQk,Chapter Coffee Roastery and Cafe Manila,"1226 B V Concepcion St, Sampaloc, Manila",14.6123383,120.9882205,"{""mon"":{""kind"":""open"",""open"":""07:00"",""close"":""21:00""},""tue"":{""kind"":""open"",""open"":""07:00"",""close"":""21:00""},""wed"":{""kind"":""open"",""open"":""07:00"",""close"":""21:00""},""thu"":{""kind"":""open"",""open"":""07:00"",""close"":""21:00""},""fri"":{""kind"":""open"",""open"":""07:00"",""close"":""21:00""},""sat"":{""kind"":""open"",""open"":""07:00"",""close"":""21:00""},""sun"":{""kind"":""open"",""open"":""07:00"",""close"":""21:00""}}",0906 208 6639,,,,,,OPERATIONAL,Cafe|Cafe,http://www.chaptercoffee.shop/,true,
ChIJkUa1ROLJlzMRvRyi_Cvyp7Q,Chapter Coffee San Juan,"365 P. Guevarra Street, Corner Maude, San Juan City",14.593893099999999,121.0369305,"{""mon"":{""kind"":""open"",""open"":""08:00"",""close"":""21:00""},""tue"":{""kind"":""open"",""open"":""08:00"",""close"":""21:00""},""wed"":{""kind"":""open"",""open"":""08:00"",""close"":""21:00""},""thu"":{""kind"":""open"",""open"":""08:00"",""close"":""21:00""},""fri"":{""kind"":""open"",""open"":""08:00"",""close"":""21:00""},""sat"":{""kind"":""open"",""open"":""08:00"",""close"":""22:00""},""sun"":{""kind"":""open"",""open"":""08:00"",""close"":""22:00""}}",0917 155 8971,,,,,,OPERATIONAL,Coffee shop|Coffee shop|Cafe|Coffee roastery,https://www.facebook.com/chaptercoffeeph,true,
ChIJVbskbe-3lzMRC2FQo2PHjpg,Coastal Grounds Coffee Quezon City,"8, Cor Judge Jimenez St, Cubao, Quezon City",14.6251202,121.0399612,"{""mon"":{""kind"":""open"",""open"":""08:00"",""close"":""18:00""},""tue"":{""kind"":""open"",""open"":""08:00"",""close"":""18:00""},""wed"":{""kind"":""open"",""open"":""08:00"",""close"":""18:00""},""thu"":{""kind"":""open"",""open"":""08:00"",""close"":""18:00""},""fri"":{""kind"":""open"",""open"":""08:00"",""close"":""18:00""},""sat"":{""kind"":""open"",""open"":""08:00"",""close"":""18:00""},""sun"":{""kind"":""closed""}}",0956 054 4537,,,,,,OPERATIONAL,Coffee shop|Coffee shop,https://www.coastalgrounds.coffee/,true,
ChIJY-O-JgC3lzMRoFsAFlut-z0,COF Katipunan,"279 Katipunan Ave, Quezon City",14.6342229,121.0740398,"{""mon"":{""kind"":""open"",""open"":""11:00"",""close"":""21:00""},""tue"":{""kind"":""open"",""open"":""11:00"",""close"":""21:00""},""wed"":{""kind"":""open"",""open"":""11:00"",""close"":""21:00""},""thu"":{""kind"":""open"",""open"":""11:00"",""close"":""21:00""},""fri"":{""kind"":""open"",""open"":""11:00"",""close"":""21:00""},""sat"":{""kind"":""open"",""open"":""11:00"",""close"":""21:00""},""sun"":{""kind"":""open"",""open"":""11:00"",""close"":""21:00""}}",0977 338 4920,,,,,,OPERATIONAL,Coffee shop|Coffee shop,https://web.facebook.com/TheCOFPH,true,
ChIJ_SioFgC3lzMR_4-Xj2FkqjA,Coffee + Co UST,"1151 Dos Castillas St, Sampaloc, Manila",14.61313,120.9905514,"{""mon"":{""kind"":""open"",""open"":""13:00"",""close"":""03:00""},""tue"":{""kind"":""open"",""open"":""13:00"",""close"":""03:00""},""wed"":{""kind"":""open"",""open"":""13:00"",""close"":""03:00""},""thu"":{""kind"":""open"",""open"":""13:00"",""close"":""03:00""},""fri"":{""kind"":""open"",""open"":""13:00"",""close"":""03:00""},""sat"":{""kind"":""open"",""open"":""13:00"",""close"":""03:00""},""sun"":{""kind"":""open"",""open"":""13:00"",""close"":""03:00""}}",,,,,,,OPERATIONAL,Coffee shop|Coffee shop,,true,
ChIJuekvCdHRlzMRpt-7B9PTlNw,Coffee + Design Rabbit Hole,"Lot 26 Block 47 Abel Nosce Street, BF Resort Dr, Village, Las Piñas",14.431519,120.9942475,"{""mon"":{""kind"":""open"",""open"":""11:30"",""close"":""21:00""},""tue"":{""kind"":""open"",""open"":""11:30"",""close"":""21:00""},""wed"":{""kind"":""open"",""open"":""11:30"",""close"":""21:00""},""thu"":{""kind"":""open"",""open"":""11:30"",""close"":""21:00""},""fri"":{""kind"":""open"",""open"":""11:30"",""close"":""21:00""},""sat"":{""kind"":""open"",""open"":""09:00"",""close"":""22:00""},""sun"":{""kind"":""open"",""open"":""09:00"",""close"":""21:00""}}",,,,,,,OPERATIONAL,Coffee shop|Coffee shop,https://www.instagram.com/rabbitholecoffeeph/,true,
ChIJz928m2_JlzMRajIwrDtVd8A,COFFEE BLANC,"The Portal Greenfield District, Sto. Cristo, Mandaluyong City",14.579112799999999,121.05359469999999,"{""mon"":{""kind"":""open"",""open"":""08:00"",""close"":""00:00""},""tue"":{""kind"":""open"",""open"":""08:00"",""close"":""00:00""},""wed"":{""kind"":""open"",""open"":""08:00"",""close"":""00:00""},""thu"":{""kind"":""open"",""open"":""08:00"",""close"":""00:00""},""fri"":{""kind"":""open"",""open"":""08:00"",""close"":""02:00""},""sat"":{""kind"":""open"",""open"":""08:00"",""close"":""02:00""},""sun"":{""kind"":""open"",""open"":""09:00"",""close"":""02:00""}}",0917 136 2986,,,,,,OPERATIONAL,Coffee shop|Coffee shop,https://instagram.com/coffeeblancph?igshid=NTc4MTIwNjQ2YQ==,true,
ChIJj4yK7W63lzMR1cFEzAINHqM,COFFEE CATS,"190 Tomas Morato, cor Scout Gandia, Sacred Heart, Diliman, Quezon City",14.631463,121.03475999999999,"{""mon"":{""kind"":""open"",""open"":""10:00"",""close"":""21:00""},""tue"":{""kind"":""open"",""open"":""10:00"",""close"":""21:00""},""wed"":{""kind"":""closed""},""thu"":{""kind"":""open"",""open"":""10:00"",""close"":""21:00""},""fri"":{""kind"":""open"",""open"":""10:00"",""close"":""21:00""},""sat"":{""kind"":""open"",""open"":""10:00"",""close"":""21:00""},""sun"":{""kind"":""open"",""open"":""11:00"",""close"":""17:00""}}",,,,,,,OPERATIONAL,Coffee shop|Coffee shop,,true,
ChIJPWbQaz7JlzMRRM5c0oh3UC8,Coffee Chapters - Burgos Pasay,"No. 2369 Padre Burgos St, Pasay City",14.5482508,121.00051549999999,"{""mon"":{""kind"":""all_day""},""tue"":{""kind"":""all_day""},""wed"":{""kind"":""all_day""},""thu"":{""kind"":""all_day""},""fri"":{""kind"":""all_day""},""sat"":{""kind"":""all_day""},""sun"":{""kind"":""all_day""}}",0956 234 3143,,,,,,OPERATIONAL,Coffee shop|Coffee shop,https://coffeechaptersph.com/,true,
ChIJK-ZzYgzLlzMRbq8zOaM7UX4,Coffee Chapters - Taft Ave. ( in front of Arellano Law School ),"G/F 1748, Diokno Bldg, F, 1306 Taft Ave, Pasay City",14.559823499999998,120.9959677,"{""mon"":{""kind"":""open"",""open"":""08:00"",""close"":""03:00""},""tue"":{""kind"":""open"",""open"":""08:00"",""close"":""03:00""},""wed"":{""kind"":""open"",""open"":""08:00"",""close"":""03:00""},""thu"":{""kind"":""open"",""open"":""08:00"",""close"":""03:00""},""fri"":{""kind"":""open"",""open"":""08:00"",""close"":""03:00""},""sat"":{""kind"":""open"",""open"":""08:00"",""close"":""03:00""},""sun"":{""kind"":""open"",""open"":""08:00"",""close"":""03:00""}}",0956 234 3143,,,,,,OPERATIONAL,Coffee shop|Coffee shop,,true,
ChIJITrzUdfHlzMRZJbOf8jL2pk,"Coffee Geney- Countryside, Pasig","Lot 5, Brgy, Block 1 Countryside Ave, Sta. Lucia, Pasig",14.5887937,121.10135009999999,,,,,,,,OPERATIONAL,Coffee shop|Coffee shop,,false,missing_hours
ChIJsRBKUADTlzMRpOqAu9kfW5U,Coffee Gusto BFRV,"Blk 3, BF Resort Village, Lot 9-A Gloria Diaz, Las Piñas",14.441329099999999,120.9812599,"{""mon"":{""kind"":""open"",""open"":""11:00"",""close"":""00:00""},""tue"":{""kind"":""open"",""open"":""11:00"",""close"":""00:00""},""wed"":{""kind"":""open"",""open"":""11:00"",""close"":""00:00""},""thu"":{""kind"":""open"",""open"":""11:00"",""close"":""00:00""},""fri"":{""kind"":""open"",""open"":""11:00"",""close"":""00:00""},""sat"":{""kind"":""open"",""open"":""11:00"",""close"":""00:00""},""sun"":{""kind"":""open"",""open"":""11:00"",""close"":""00:00""}}",0915 491 0337,,,,,,OPERATIONAL,Cafe|Cafe|Coffee shop,http://fb.me/coffeegustobfrv,true,
ChIJfYh0O9PJlzMR2OFRy1eSfoM,Coffee Industry Kapitolyo,"28 E Capitol Dr, Kapitolyo, Pasig",14.570434899999999,121.06060959999999,"{""mon"":{""kind"":""open"",""open"":""09:00"",""close"":""18:00""},""tue"":{""kind"":""open"",""open"":""09:00"",""close"":""18:00""},""wed"":{""kind"":""open"",""open"":""09:00"",""close"":""18:00""},""thu"":{""kind"":""open"",""open"":""09:00"",""close"":""18:00""},""fri"":{""kind"":""open"",""open"":""09:00"",""close"":""18:00""},""sat"":{""kind"":""open"",""open"":""09:00"",""close"":""18:00""},""sun"":{""kind"":""closed""}}",0920 543 6351,,,,,,OPERATIONAL,Coffee shop|Coffee shop,,true,
ChIJNwTowhTJlzMRPZ5PjSc3Bpc,Coffee Nomads PH,"516 Katarungan, Plainview, Mandaluyong City",14.5740597,121.0329156,"{""mon"":{""kind"":""open"",""open"":""09:00"",""close"":""23:00""},""tue"":{""kind"":""open"",""open"":""09:00"",""close"":""23:00""},""wed"":{""kind"":""open"",""open"":""09:00"",""close"":""23:00""},""thu"":{""kind"":""open"",""open"":""09:00"",""close"":""23:00""},""fri"":{""kind"":""open"",""open"":""09:00"",""close"":""23:00""},""sat"":{""kind"":""open"",""open"":""09:00"",""close"":""22:00""},""sun"":{""kind"":""open"",""open"":""09:00"",""close"":""22:00""}}",0966 771 6332,,,,,,OPERATIONAL,Coffee shop|Coffee shop,,true,
ChIJC4ktPwC3lzMRM8zZYv6f2AM,Coffee Spot White Plains Katipunan Ave.,"Cbc Bldg, Katipunan Ave, Quezon City",14.611615599999999,121.07054289999999,"{""mon"":{""kind"":""open"",""open"":""07:00"",""close"":""04:00""},""tue"":{""kind"":""open"",""open"":""07:00"",""close"":""04:00""},""wed"":{""kind"":""open"",""open"":""07:00"",""close"":""04:00""},""thu"":{""kind"":""open"",""open"":""07:00"",""close"":""04:00""},""fri"":{""kind"":""open"",""open"":""07:00"",""close"":""04:00""},""sat"":{""kind"":""open"",""open"":""07:00"",""close"":""04:00""},""sun"":{""kind"":""open"",""open"":""07:00"",""close"":""04:00""}}",0956 276 5903,,,,,,OPERATIONAL,Coffee shop|Coffee shop,https://coffeespot.ph/,true,
ChIJId_sDs7RlzMRlz25800Q4T4,Coffee Syndicate,"Filinvest Corporate City, C29M+PV7, G/F Commercenter Alabang, Commerce Ave, cor Filinvest Ave, Alabang, Muntinlupa",14.4190781,121.0345339,"{""mon"":{""kind"":""open"",""open"":""07:00"",""close"":""22:00""},""tue"":{""kind"":""open"",""open"":""07:00"",""close"":""22:00""},""wed"":{""kind"":""open"",""open"":""07:00"",""close"":""22:00""},""thu"":{""kind"":""open"",""open"":""07:00"",""close"":""22:00""},""fri"":{""kind"":""open"",""open"":""07:00"",""close"":""22:00""},""sat"":{""kind"":""open"",""open"":""07:00"",""close"":""22:00""},""sun"":{""kind"":""open"",""open"":""07:00"",""close"":""22:00""}}",,,,,,,OPERATIONAL,Bar|Bar,,true,
ChIJo8xHBbe7lzMR43in8xlji90,Coffeetate,"174, 1889 Villonco, Quezon City",14.697480599999999,121.08385159999999,"{""mon"":{""kind"":""open"",""open"":""10:00"",""close"":""00:00""},""tue"":{""kind"":""open"",""open"":""10:00"",""close"":""00:00""},""wed"":{""kind"":""open"",""open"":""10:00"",""close"":""00:00""},""thu"":{""kind"":""open"",""open"":""10:00"",""close"":""00:00""},""fri"":{""kind"":""open"",""open"":""10:00"",""close"":""00:00""},""sat"":{""kind"":""open"",""open"":""10:00"",""close"":""00:00""},""sun"":{""kind"":""open"",""open"":""10:00"",""close"":""00:00""}}",0960 206 3267,,,,,,OPERATIONAL,Coffee shop|Coffee shop,https://www.facebook.com/Coffeetate2023,true,
ChIJ87dn3mLJlzMR6XbqoHEEucg,COLAB Cafe,"Unit 202-203, The Vantage at Kapitolyo West Capitol Drive, corner United St, Kapitolyo, Pasig",14.5727747,121.0599744,"{""mon"":{""kind"":""open"",""open"":""08:00"",""close"":""20:00""},""tue"":{""kind"":""open"",""open"":""08:00"",""close"":""20:00""},""wed"":{""kind"":""open"",""open"":""08:00"",""close"":""20:00""},""thu"":{""kind"":""open"",""open"":""08:00"",""close"":""20:00""},""fri"":{""kind"":""open"",""open"":""08:00"",""close"":""20:00""},""sat"":{""kind"":""open"",""open"":""08:00"",""close"":""21:00""},""sun"":{""kind"":""closed""}}",,,,,,,OPERATIONAL,Cafe|Cafe,,true,
ChIJTWOxz1LJlzMRpKtGKYwUisI,Cole&Co. Studio Cafe,"304 V. Cruz, Little Baguio, San Juan City",14.598505399999999,121.0379052,"{""mon"":{""kind"":""open"",""open"":""08:00"",""close"":""21:00""},""tue"":{""kind"":""open"",""open"":""08:00"",""close"":""21:00""},""wed"":{""kind"":""open"",""open"":""08:00"",""close"":""21:00""},""thu"":{""kind"":""open"",""open"":""08:00"",""close"":""23:00""},""fri"":{""kind"":""open"",""open"":""08:00"",""close"":""23:00""},""sat"":{""kind"":""open"",""open"":""08:00"",""close"":""23:00""},""sun"":{""kind"":""open"",""open"":""08:00"",""close"":""21:00""}}",0966 963 9583,,,,,,OPERATIONAL,Cafe|Cafe,,true,
ChIJnZVygfq3lzMRPC1Si8hkXgA,Common Folk Coffee Bar,"79 Katipunan Ave, Quezon City",14.605891699999999,121.0704878,"{""mon"":{""kind"":""open"",""open"":""07:00"",""close"":""21:00""},""tue"":{""kind"":""open"",""open"":""07:00"",""close"":""21:00""},""wed"":{""kind"":""open"",""open"":""07:00"",""close"":""21:00""},""thu"":{""kind"":""open"",""open"":""07:00"",""close"":""21:00""},""fri"":{""kind"":""open"",""open"":""07:00"",""close"":""21:00""},""sat"":{""kind"":""open"",""open"":""07:00"",""close"":""21:00""},""sun"":{""kind"":""open"",""open"":""07:00"",""close"":""21:00""}}",,,,,,,OPERATIONAL,Cafe|Cafe,https://www.spot.ph/eatdrink/the-latest-eat-drink/68983/common-folk-white-plains-quezon-city-a1554-20170117-lfrm,true,
ChIJf606aQDJlzMRMEuXW4yIR2g,Common Man Coffee Roasters - BGC,"28th St, Taguig",14.5485673,121.05094509999999,"{""mon"":{""kind"":""open"",""open"":""07:00"",""close"":""22:00""},""tue"":{""kind"":""open"",""open"":""07:00"",""close"":""22:00""},""wed"":{""kind"":""open"",""open"":""07:00"",""close"":""22:00""},""thu"":{""kind"":""open"",""open"":""07:00"",""close"":""22:00""},""fri"":{""kind"":""open"",""open"":""07:00"",""close"":""22:00""},""sat"":{""kind"":""open"",""open"":""07:00"",""close"":""22:00""},""sun"":{""kind"":""open"",""open"":""07:00"",""close"":""22:00""}}",,,,,,,OPERATIONAL,Cafe|Cafe,,true,
ChIJxWZpGQfJlzMREA005xh_KTk,Commune Café + Bar + Roastery,"36 Polaris, Poblacion, Makati City",14.562694899999999,121.0300319,"{""mon"":{""kind"":""open"",""open"":""08:00"",""close"":""00:00""},""tue"":{""kind"":""open"",""open"":""08:00"",""close"":""00:00""},""wed"":{""kind"":""open"",""open"":""08:00"",""close"":""00:00""},""thu"":{""kind"":""open"",""open"":""08:00"",""close"":""00:00""},""fri"":{""kind"":""open"",""open"":""08:00"",""close"":""01:00""},""sat"":{""kind"":""open"",""open"":""08:00"",""close"":""01:00""},""sun"":{""kind"":""open"",""open"":""08:00"",""close"":""00:00""}}",0919 859 5848,,,,,,OPERATIONAL,Coffee shop|Coffee shop|Bar|Coffee roastery|Restaurant,http://www.commune.ph/,true,
ChIJpSrRfwC3lzMRX71vUIL3cGI,Cộng Cà Phê - Gateway Mall 2,"Level 2, Gateway Mall 2, General Araneta, Cubao, Quezon City",14.619444999999999,121.053648,"{""mon"":{""kind"":""open"",""open"":""10:00"",""close"":""21:00""},""tue"":{""kind"":""open"",""open"":""10:00"",""close"":""21:00""},""wed"":{""kind"":""open"",""open"":""10:00"",""close"":""21:00""},""thu"":{""kind"":""open"",""open"":""10:00"",""close"":""21:00""},""fri"":{""kind"":""open"",""open"":""10:00"",""close"":""22:00""},""sat"":{""kind"":""open"",""open"":""10:00"",""close"":""22:00""},""sun"":{""kind"":""open"",""open"":""10:00"",""close"":""21:00""}}",0906 575 4626,,,,,,OPERATIONAL,Coffee shop|Coffee shop,https://www.facebook.com/profile.php?id=61567854074514,true,
ChIJVawzegDLlzMRLPpbd1b5oVs,Cộng Cà Phê - Lucky Chinatown Mall,"Lucky Chinatown Mall, Lachambre St, Binondo, Manila",14.603368999999999,120.97334079999999,"{""mon"":{""kind"":""open"",""open"":""10:00"",""close"":""21:00""},""tue"":{""kind"":""open"",""open"":""10:00"",""close"":""21:00""},""wed"":{""kind"":""open"",""open"":""10:00"",""close"":""21:00""},""thu"":{""kind"":""open"",""open"":""10:00"",""close"":""21:00""},""fri"":{""kind"":""open"",""open"":""10:00"",""close"":""21:00""},""sat"":{""kind"":""open"",""open"":""10:00"",""close"":""21:00""},""sun"":{""kind"":""open"",""open"":""10:00"",""close"":""21:00""}}",,,,,,,OPERATIONAL,Coffee shop|Coffee shop,,true,
ChIJB1_UMgzJlzMRoJ4jl4f4NBY,Cooper's Coffee Haus - CW Ortigas Home Depot,"Doña Julia Vargas Ave, San Antonio, Pasig",14.5850754,121.0658953,"{""mon"":{""kind"":""open"",""open"":""09:00"",""close"":""22:00""},""tue"":{""kind"":""open"",""open"":""09:00"",""close"":""22:00""},""wed"":{""kind"":""open"",""open"":""09:00"",""close"":""22:00""},""thu"":{""kind"":""open"",""open"":""09:00"",""close"":""22:00""},""fri"":{""kind"":""open"",""open"":""09:00"",""close"":""22:00""},""sat"":{""kind"":""open"",""open"":""09:00"",""close"":""22:00""},""sun"":{""kind"":""open"",""open"":""09:00"",""close"":""22:00""}}",0917 107 6611,,,,,,OPERATIONAL,Coffee shop|Coffee shop|Breakfast restaurant|Cafe,https://www.instagram.com/cooperscoffeehaus/?hl=en,true,
ChIJqdY16RC3lzMR7cUpNLuB2aY,"Cooper's Coffee Haus - EDSA, Mandaluyong City","233 Epifanio de los Santos Ave, Barrio Mapuntod, 233 Epifanio de los Santos Ave, Wack-wack Greenhills, Barrio Mapuntod, Mandaluyong City",14.5996255,121.0593363,"{""mon"":{""kind"":""open"",""open"":""07:00"",""close"":""20:00""},""tue"":{""kind"":""open"",""open"":""07:00"",""close"":""20:00""},""wed"":{""kind"":""open"",""open"":""07:00"",""close"":""20:00""},""thu"":{""kind"":""open"",""open"":""07:00"",""close"":""20:00""},""fri"":{""kind"":""open"",""open"":""07:00"",""close"":""20:00""},""sat"":{""kind"":""open"",""open"":""07:00"",""close"":""20:00""},""sun"":{""kind"":""open"",""open"":""07:00"",""close"":""20:00""}}",0954 198 7687,,,,,,OPERATIONAL,Coffee shop|Coffee shop|Breakfast restaurant|Cafe,https://www.instagram.com/cooperscoffeehaus/?hl=en,true,
ChIJM7Q8bAS3lzMRZdwVjlVPFJg,Cooper's Coffee Haus - GH Mall Greenhills,"2F, GH Mall, Greenhills Shopping Center, San Juan City",14.6015295,121.05152489999999,"{""mon"":{""kind"":""open"",""open"":""10:00"",""close"":""22:00""},""tue"":{""kind"":""open"",""open"":""10:00"",""close"":""22:00""},""wed"":{""kind"":""open"",""open"":""10:00"",""close"":""22:00""},""thu"":{""kind"":""open"",""open"":""10:00"",""close"":""22:00""},""fri"":{""kind"":""open"",""open"":""10:00"",""close"":""22:00""},""sat"":{""kind"":""open"",""open"":""10:00"",""close"":""22:00""},""sun"":{""kind"":""open"",""open"":""10:00"",""close"":""22:00""}}",0969 079 4739,,,,,,OPERATIONAL,Coffee shop|Coffee shop,https://www.instagram.com/cooperscoffeehaus/?hl=en,true,
ChIJ65RFT-rJlzMRdRras0p7eL4,Cooper's Coffee Haus - High Street South,"GF, High Street South, Corporate Plaza, 26th street, 11th Ave, Taguig",14.5478654,121.0520643,"{""mon"":{""kind"":""open"",""open"":""07:00"",""close"":""22:00""},""tue"":{""kind"":""open"",""open"":""07:00"",""close"":""22:00""},""wed"":{""kind"":""open"",""open"":""07:00"",""close"":""22:00""},""thu"":{""kind"":""open"",""open"":""07:00"",""close"":""22:00""},""fri"":{""kind"":""open"",""open"":""07:00"",""close"":""23:00""},""sat"":{""kind"":""open"",""open"":""07:00"",""close"":""23:00""},""sun"":{""kind"":""open"",""open"":""07:00"",""close"":""22:00""}}",0969 271 3319,,,,,,OPERATIONAL,Coffee shop|Coffee shop,https://www.instagram.com/cooperscoffeehaus/?hl=en,true,
ChIJmT4iLwDRlzMRMBSnABT7dMI,"Cooper's Coffee Haus - Westgate, Alabang","Westgate Center, Muntinlupa",14.421624099999999,121.03399429999999,"{""mon"":{""kind"":""open"",""open"":""07:30"",""close"":""22:00""},""tue"":{""kind"":""open"",""open"":""07:30"",""close"":""22:00""},""wed"":{""kind"":""open"",""open"":""07:30"",""close"":""22:00""},""thu"":{""kind"":""open"",""open"":""07:30"",""close"":""22:00""},""fri"":{""kind"":""open"",""open"":""07:30"",""close"":""22:00""},""sat"":{""kind"":""open"",""open"":""07:30"",""close"":""22:00""},""sun"":{""kind"":""open"",""open"":""07:30"",""close"":""22:00""}}",0962 256 1262,,,,,,OPERATIONAL,Coffee shop|Coffee shop|Breakfast restaurant|Cafe,https://www.instagram.com/cooperscoffeehaus/?hl=en,true,
ChIJaYSwBwC3lzMRCvoWPDma0V4,Corner26,"26 Maalalahanin, Diliman, Quezon City",14.643294,121.0577627,"{""mon"":{""kind"":""open"",""open"":""10:00"",""close"":""22:00""},""tue"":{""kind"":""open"",""open"":""10:00"",""close"":""22:00""},""wed"":{""kind"":""open"",""open"":""10:00"",""close"":""22:00""},""thu"":{""kind"":""open"",""open"":""10:00"",""close"":""22:00""},""fri"":{""kind"":""open"",""open"":""10:00"",""close"":""22:00""},""sat"":{""kind"":""open"",""open"":""10:00"",""close"":""22:00""},""sun"":{""kind"":""open"",""open"":""10:00"",""close"":""22:00""}}",,,,,,,OPERATIONAL,Art cafe|Art cafe,,true,
ChIJx3ncePrJlzMRvMeO1uecurQ,Cotti Coffee - WCC,"UPPER GROUND FLOOR, Hills, Worldwide Corporate Center, Shaw Blvd, Mandaluyong City",14.5827028,121.0514446,"{""mon"":{""kind"":""open"",""open"":""07:00"",""close"":""00:00""},""tue"":{""kind"":""all_day""},""wed"":{""kind"":""all_day""},""thu"":{""kind"":""all_day""},""fri"":{""kind"":""all_day""},""sat"":{""kind"":""open"",""open"":""06:00"",""close"":""21:00""},""sun"":{""kind"":""closed""}}",0976 038 7011,,,,,,OPERATIONAL,Coffee shop|Coffee shop,https://www.facebook.com/cotticoffeeayalamnlbay/,true,
ChIJEbtthQHJlzMR6xwYUDyAU1E,Couch Club Kapitolyo,"76 San Rafael St, Kapitolyo, Pasig",14.5739132,121.0612889,"{""mon"":{""kind"":""closed""},""tue"":{""kind"":""open"",""open"":""11:00"",""close"":""19:00""},""wed"":{""kind"":""open"",""open"":""11:00"",""close"":""19:00""},""thu"":{""kind"":""open"",""open"":""11:00"",""close"":""19:00""},""fri"":{""kind"":""open"",""open"":""11:00"",""close"":""20:00""},""sat"":{""kind"":""open"",""open"":""11:00"",""close"":""20:00""},""sun"":{""kind"":""open"",""open"":""11:00"",""close"":""20:00""}}",,,,,,,OPERATIONAL,Coffee shop|Coffee shop|Bar|Club,https://www.instagram.com/couchclubkapitolyo/,true,
ChIJsT6FaqPIlzMRFESC58DqE5Y,Cove Cafe,"160 Levi B. Mariano Ave, Taguig",14.531564999999999,121.06923479999999,"{""mon"":{""kind"":""open"",""open"":""10:00"",""close"":""02:00""},""tue"":{""kind"":""open"",""open"":""10:00"",""close"":""02:00""},""wed"":{""kind"":""open"",""open"":""10:00"",""close"":""02:00""},""thu"":{""kind"":""open"",""open"":""10:00"",""close"":""02:00""},""fri"":{""kind"":""open"",""open"":""10:00"",""close"":""02:00""},""sat"":{""kind"":""open"",""open"":""10:00"",""close"":""02:00""},""sun"":{""kind"":""open"",""open"":""10:00"",""close"":""02:00""}}",,,,,,,OPERATIONAL,Coffee shop|Coffee shop|Cafe,,true,
ChIJuXgoEQC5lzMRZPqmroBW0P4,Cue Five Billiards & Cafe - Marikina,"881 J. P. Rizal St, Marikina",14.6547748,121.10314059999999,"{""mon"":{""kind"":""open"",""open"":""10:00"",""close"":""02:00""},""tue"":{""kind"":""open"",""open"":""10:00"",""close"":""02:00""},""wed"":{""kind"":""open"",""open"":""10:00"",""close"":""02:00""},""thu"":{""kind"":""open"",""open"":""10:00"",""close"":""02:00""},""fri"":{""kind"":""open"",""open"":""10:00"",""close"":""04:00""},""sat"":{""kind"":""open"",""open"":""10:00"",""close"":""04:00""},""sun"":{""kind"":""open"",""open"":""10:00"",""close"":""02:00""}}",0992 126 1848,,,,,,OPERATIONAL,Coffee shop|Coffee shop,https://www.facebook.com/CueFiveBilliardsCafe,true,
ChIJcdNcWwC1lzMRy3vUOzbCN8A,Cuppers Coffee,"bldg 2nd, floor, 135 Samson Square, Dagohoy St, Caloocan",14.6572631,120.98160759999999,"{""mon"":{""kind"":""open"",""open"":""10:00"",""close"":""00:00""},""tue"":{""kind"":""open"",""open"":""10:00"",""close"":""00:00""},""wed"":{""kind"":""open"",""open"":""10:00"",""close"":""00:00""},""thu"":{""kind"":""open"",""open"":""10:00"",""close"":""00:00""},""fri"":{""kind"":""open"",""open"":""10:00"",""close"":""00:00""},""sat"":{""kind"":""open"",""open"":""10:00"",""close"":""00:00""},""sun"":{""kind"":""open"",""open"":""10:00"",""close"":""00:00""}}",,,,,,,OPERATIONAL,Coffee shop|Coffee shop,,true,
ChIJDXhmRIxrXUgR6pojOeLaT50,Curve Coffee Collaborators,"The Place Building, National Highway, Tunasan, Muntinlupa",14.373895699999998,121.0479768,"{""mon"":{""kind"":""open"",""open"":""09:00"",""close"":""21:00""},""tue"":{""kind"":""open"",""open"":""09:00"",""close"":""21:00""},""wed"":{""kind"":""open"",""open"":""09:00"",""close"":""21:00""},""thu"":{""kind"":""open"",""open"":""09:00"",""close"":""21:00""},""fri"":{""kind"":""open"",""open"":""09:00"",""close"":""21:00""},""sat"":{""kind"":""open"",""open"":""09:00"",""close"":""21:00""},""sun"":{""kind"":""open"",""open"":""09:00"",""close"":""21:00""}}",0917 106 7355,,,,,,OPERATIONAL,Coffee roastery|Coffee roastery|Cafe,https://curve.coffee/,true,
ChIJt9q5NELIlzMRbpWjj4VBXTI,D' Cup Coffee Republic,"Pioneer Centre Pioneer St. Cor. United and, Brixton St, Kapitolyo, Pasig",14.573877099999999,121.05727449999999,"{""mon"":{""kind"":""open"",""open"":""15:00"",""close"":""03:00""},""tue"":{""kind"":""open"",""open"":""15:00"",""close"":""03:00""},""wed"":{""kind"":""closed""},""thu"":{""kind"":""open"",""open"":""15:00"",""close"":""03:00""},""fri"":{""kind"":""open"",""open"":""15:00"",""close"":""03:00""},""sat"":{""kind"":""open"",""open"":""15:00"",""close"":""03:00""},""sun"":{""kind"":""open"",""open"":""15:00"",""close"":""03:00""}}",0939 919 2235,,,,,,OPERATIONAL,Cafe|Cafe,https://dcupcoffeerepublic.cafe/,true,
ChIJD0l2bADJlzMRttmJsicWz_E,Daily Sips Coffee Shop,"H2JH+9PV, Mandaluyong City",14.5811622,121.0290941,"{""mon"":{""kind"":""open"",""open"":""09:00"",""close"":""02:00""},""tue"":{""kind"":""open"",""open"":""09:00"",""close"":""02:00""},""wed"":{""kind"":""open"",""open"":""09:00"",""close"":""02:00""},""thu"":{""kind"":""open"",""open"":""09:00"",""close"":""02:00""},""fri"":{""kind"":""open"",""open"":""09:00"",""close"":""02:00""},""sat"":{""kind"":""open"",""open"":""09:00"",""close"":""02:00""},""sun"":{""kind"":""open"",""open"":""09:00"",""close"":""02:00""}}",0998 969 2815,,,,,,OPERATIONAL,Coffee shop|Coffee shop,,true,
ChIJxYKPgE63lzMREX4yuFTTTaQ,De'Ja Brew,"118 Matahimik Street, Diliman, Quezon City",14.6452768,121.0545623,"{""mon"":{""kind"":""open"",""open"":""07:00"",""close"":""02:00""},""tue"":{""kind"":""open"",""open"":""07:00"",""close"":""02:00""},""wed"":{""kind"":""open"",""open"":""07:00"",""close"":""02:00""},""thu"":{""kind"":""open"",""open"":""07:00"",""close"":""02:00""},""fri"":{""kind"":""open"",""open"":""07:00"",""close"":""02:00""},""sat"":{""kind"":""open"",""open"":""07:00"",""close"":""02:00""},""sun"":{""kind"":""open"",""open"":""07:00"",""close"":""02:00""}}",,,,,,,OPERATIONAL,Coffee shop|Coffee shop,,true,
ChIJMx5nBAC3lzMRKXJDhgh_f7w,Dear Darling Cafe,"175 Katipunan Ave, Project 4, Quezon City",14.615625099999999,121.0702077,"{""mon"":{""kind"":""open"",""open"":""07:00"",""close"":""00:00""},""tue"":{""kind"":""open"",""open"":""07:00"",""close"":""00:00""},""wed"":{""kind"":""open"",""open"":""07:00"",""close"":""00:00""},""thu"":{""kind"":""open"",""open"":""07:00"",""close"":""00:00""},""fri"":{""kind"":""open"",""open"":""07:00"",""close"":""01:00""},""sat"":{""kind"":""open"",""open"":""07:00"",""close"":""01:00""},""sun"":{""kind"":""open"",""open"":""07:00"",""close"":""00:00""}}",0967 304 8440,,,,,,OPERATIONAL,Cafe|Cafe,,true,
ChIJKbwBogHRlzMRE2Ii4ch79oM,Deuces Coffee,"Industry and, Paz Madrigal Plaza, Finance St, New Alabang Village, Muntinlupa",14.4264656,121.02558739999999,"{""mon"":{""kind"":""open"",""open"":""07:00"",""close"":""18:00""},""tue"":{""kind"":""open"",""open"":""07:00"",""close"":""18:00""},""wed"":{""kind"":""open"",""open"":""07:00"",""close"":""18:00""},""thu"":{""kind"":""open"",""open"":""07:00"",""close"":""18:00""},""fri"":{""kind"":""open"",""open"":""07:00"",""close"":""18:00""},""sat"":{""kind"":""open"",""open"":""09:00"",""close"":""19:00""},""sun"":{""kind"":""open"",""open"":""09:00"",""close"":""19:00""}}",0917 126 7520,,,,,,OPERATIONAL,Coffee shop|Coffee shop,https://www.instagram.com/deuces.co,true,
ChIJXSX9nOfJlzMROp9caAARfCQ,Dinalan Coffee,"856 Julio Nakpil, Malate, Manila",14.5738636,120.9900407,"{""mon"":{""kind"":""open"",""open"":""09:00"",""close"":""00:00""},""tue"":{""kind"":""open"",""open"":""09:00"",""close"":""00:00""},""wed"":{""kind"":""open"",""open"":""09:00"",""close"":""00:00""},""thu"":{""kind"":""open"",""open"":""09:00"",""close"":""00:00""},""fri"":{""kind"":""open"",""open"":""09:00"",""close"":""00:00""},""sat"":{""kind"":""open"",""open"":""12:00"",""close"":""00:00""},""sun"":{""kind"":""closed""}}",,,,,,,OPERATIONAL,Coffee shop|Coffee shop,,true,
ChIJUcBxIADJlzMRRxwzB7YVc7E,District Coffee,"Zone 8, 192, 67 Antonio Arnaiz Ave, Pasay City",14.5500416,121.0056214,"{""mon"":{""kind"":""open"",""open"":""10:00"",""close"":""02:00""},""tue"":{""kind"":""open"",""open"":""10:00"",""close"":""02:00""},""wed"":{""kind"":""open"",""open"":""10:00"",""close"":""02:00""},""thu"":{""kind"":""open"",""open"":""10:00"",""close"":""02:00""},""fri"":{""kind"":""open"",""open"":""10:00"",""close"":""02:00""},""sat"":{""kind"":""open"",""open"":""10:00"",""close"":""02:00""},""sun"":{""kind"":""open"",""open"":""10:00"",""close"":""02:00""}}",,,,,,,OPERATIONAL,Coffee shop|Coffee shop,,true,
ChIJidQPxQ-5lzMRmGw96utlV2M,Do Güd Cafe,"9 E. Rodriguez St, Corner Lakandula, Marikina",14.659674299999999,121.1107825,"{""mon"":{""kind"":""open"",""open"":""13:00"",""close"":""23:00""},""tue"":{""kind"":""open"",""open"":""13:00"",""close"":""23:00""},""wed"":{""kind"":""closed""},""thu"":{""kind"":""open"",""open"":""13:00"",""close"":""23:00""},""fri"":{""kind"":""open"",""open"":""13:00"",""close"":""23:00""},""sat"":{""kind"":""open"",""open"":""13:00"",""close"":""23:00""},""sun"":{""kind"":""open"",""open"":""13:00"",""close"":""23:00""}}",0917 316 2122,,,,,,OPERATIONAL,Cafe|Cafe,,true,
ChIJBUAKG2y5lzMR62q9fazAjQk,Dot Coffee | Eastwood City,"Ground Floor, 1800 Building, Eastwood Ave, Quezon City",14.6092198,121.0796505,"{""mon"":{""kind"":""open"",""open"":""07:00"",""close"":""23:30""},""tue"":{""kind"":""open"",""open"":""07:00"",""close"":""00:00""},""wed"":{""kind"":""open"",""open"":""07:00"",""close"":""00:00""},""thu"":{""kind"":""open"",""open"":""07:00"",""close"":""00:00""},""fri"":{""kind"":""open"",""open"":""07:00"",""close"":""00:00""},""sat"":{""kind"":""open"",""open"":""07:00"",""close"":""22:00""},""sun"":{""kind"":""open"",""open"":""07:00"",""close"":""22:00""}}",,,,,,,OPERATIONAL,Coffee shop|Coffee shop,,true,
ChIJO08TLk3LlzMRYVz26msf-0o,Dot Coffee | Lucky Chinatown Mall,"Lucky Chinatown Mall, G/F Reina Regente St, Binondo, Manila",14.603368999999999,120.97334079999999,"{""mon"":{""kind"":""open"",""open"":""08:00"",""close"":""21:00""},""tue"":{""kind"":""open"",""open"":""08:00"",""close"":""21:00""},""wed"":{""kind"":""open"",""open"":""08:00"",""close"":""21:00""},""thu"":{""kind"":""open"",""open"":""08:00"",""close"":""21:00""},""fri"":{""kind"":""open"",""open"":""08:00"",""close"":""21:00""},""sat"":{""kind"":""open"",""open"":""08:00"",""close"":""21:00""},""sun"":{""kind"":""open"",""open"":""08:00"",""close"":""21:00""}}",0945 827 8700,,,,,,OPERATIONAL,Coffee shop|Coffee shop,,true,
ChIJnR9rZXK3lzMRdWdxfnADEac,Draft Coffee by Lew's - N. Domingo,"26 N. Domingo St., Valencia, Quezon City",14.6114897,121.0348947,"{""mon"":{""kind"":""all_day""},""tue"":{""kind"":""all_day""},""wed"":{""kind"":""all_day""},""thu"":{""kind"":""all_day""},""fri"":{""kind"":""all_day""},""sat"":{""kind"":""all_day""},""sun"":{""kind"":""all_day""}}",0977 374 9982,,,,,,OPERATIONAL,Coffee shop|Coffee shop,https://draft-coffee.pickup.ph/,true,
ChIJRf-ZXQC3lzMRSioNsVfD4LY,Draft Coffee by Lew's GG8,"J25X+J32, West Crame, San Juan City",14.609024199999999,121.04765169999999,,,,,,,,OPERATIONAL,Coffee shop|Coffee shop,,false,missing_hours
ChIJ2RZ1JgC3lzMRf8VmU2pR_78,Draft Coffee by Lew's San Juan,"3rd Floor, Gh Mall, Greenhills, San Juan City",14.602026799999999,121.04865679999999,,,,,,,,OPERATIONAL,Coffee shop|Coffee shop,,false,missing_hours
ChIJ2T-AAADJlzMRbrE5WK6jI-8,dropthebean,"Erechem Building, 117 V.A. Rufino Street, corner Salcedo, Legaspi Village, Makati City",14.5554492,121.0154417,"{""mon"":{""kind"":""open"",""open"":""10:00"",""close"":""22:00""},""tue"":{""kind"":""open"",""open"":""10:00"",""close"":""22:00""},""wed"":{""kind"":""open"",""open"":""10:00"",""close"":""22:00""},""thu"":{""kind"":""open"",""open"":""10:00"",""close"":""22:00""},""fri"":{""kind"":""open"",""open"":""10:00"",""close"":""22:00""},""sat"":{""kind"":""open"",""open"":""10:00"",""close"":""22:00""},""sun"":{""kind"":""open"",""open"":""10:00"",""close"":""22:00""}}",,,,,,,OPERATIONAL,Coffee shop|Coffee shop|Coffee roastery|Coffee wholesaler|Korean restaurant,http://www.dropthebean.com/,true,
ChIJP6X-DNLJlzMRfW1roXNCb1M,Elephant Grounds Manila - BGC,"Lower Ground, One Bonifacio, High Street, Taguig",14.5518875,121.04640889999999,"{""mon"":{""kind"":""open"",""open"":""08:00"",""close"":""22:00""},""tue"":{""kind"":""open"",""open"":""08:00"",""close"":""22:00""},""wed"":{""kind"":""open"",""open"":""08:00"",""close"":""22:00""},""thu"":{""kind"":""open"",""open"":""08:00"",""close"":""22:00""},""fri"":{""kind"":""open"",""open"":""08:00"",""close"":""23:00""},""sat"":{""kind"":""open"",""open"":""08:00"",""close"":""23:00""},""sun"":{""kind"":""open"",""open"":""08:00"",""close"":""22:00""}}",0999 887 1407,,,,,,OPERATIONAL,Coffee shop|Coffee shop,https://www.facebook.com/ElephantGroundsPH/,true,
ChIJO2X2WADJlzMRP0gDj48n87s,Ellatte Coffee Bar,"2464 Taft Ave, Malate, Manila",14.565282,120.99433429999999,"{""mon"":{""kind"":""open"",""open"":""09:00"",""close"":""23:00""},""tue"":{""kind"":""open"",""open"":""09:00"",""close"":""23:00""},""wed"":{""kind"":""open"",""open"":""09:00"",""close"":""23:00""},""thu"":{""kind"":""open"",""open"":""09:00"",""close"":""23:00""},""fri"":{""kind"":""open"",""open"":""09:00"",""close"":""23:00""},""sat"":{""kind"":""open"",""open"":""09:00"",""close"":""23:00""},""sun"":{""kind"":""open"",""open"":""09:00"",""close"":""23:00""}}",,,,,,,OPERATIONAL,Coffee shop|Coffee shop,https://www.instagram.com/ellattecoffee_/,true,
ChIJQUVR3qrLlzMRMAHl1YcKfkI,Escolta Coffee Company,"Burke St, Binondo, Manila",14.5986288,120.97914329999999,"{""mon"":{""kind"":""open"",""open"":""10:00"",""close"":""17:00""},""tue"":{""kind"":""open"",""open"":""10:00"",""close"":""17:00""},""wed"":{""kind"":""open"",""open"":""10:00"",""close"":""17:00""},""thu"":{""kind"":""open"",""open"":""10:00"",""close"":""17:00""},""fri"":{""kind"":""open"",""open"":""10:00"",""close"":""17:00""},""sat"":{""kind"":""open"",""open"":""10:00"",""close"":""17:00""},""sun"":{""kind"":""open"",""open"":""10:00"",""close"":""17:00""}}",0960 272 6964,,,,,,OPERATIONAL,Coffee roastery|Coffee roastery,http://www.escoltacoffee.co/,true,
ChIJx8-VLAC3lzMR_S9D8Sx6-DY,Eskina Coffee - Main,"203 Victor Climaco Street, Grace Park East, Caloocan",14.652965199999999,120.98764969999999,"{""mon"":{""kind"":""open"",""open"":""09:00"",""close"":""02:00""},""tue"":{""kind"":""open"",""open"":""09:00"",""close"":""02:00""},""wed"":{""kind"":""open"",""open"":""09:00"",""close"":""02:00""},""thu"":{""kind"":""open"",""open"":""09:00"",""close"":""02:00""},""fri"":{""kind"":""open"",""open"":""09:00"",""close"":""02:00""},""sat"":{""kind"":""open"",""open"":""09:00"",""close"":""02:00""},""sun"":{""kind"":""open"",""open"":""09:00"",""close"":""02:00""}}",,,,,,,OPERATIONAL,Coffee shop|Coffee shop|Cafe|Coffee store,,true,
ChIJmZO_jhrJlzMRYu7fvF2K5MM,Espresso Studio,"2nd Floor Greenfield Tower Mayflower Street, Cor Williams, Barangay Highway Hills, Mandaluyong City",14.576241099999999,121.0535865,"{""mon"":{""kind"":""open"",""open"":""06:00"",""close"":""22:00""},""tue"":{""kind"":""open"",""open"":""06:00"",""close"":""22:00""},""wed"":{""kind"":""open"",""open"":""06:00"",""close"":""22:00""},""thu"":{""kind"":""open"",""open"":""06:00"",""close"":""22:00""},""fri"":{""kind"":""open"",""open"":""06:00"",""close"":""22:00""},""sat"":{""kind"":""open"",""open"":""06:00"",""close"":""22:00""},""sun"":{""kind"":""open"",""open"":""06:00"",""close"":""22:00""}}",0916 687 7291,,,,,,OPERATIONAL,Coffee shop|Coffee shop|Photography studio,,true,
ChIJxxbQRgDJlzMRQTaIsMppVb8,Euno,"12-19, 3rd St, Pasay City",14.5261532,121.0128905,"{""mon"":{""kind"":""open"",""open"":""15:00"",""close"":""22:00""},""tue"":{""kind"":""open"",""open"":""15:00"",""close"":""22:00""},""wed"":{""kind"":""open"",""open"":""15:00"",""close"":""22:00""},""thu"":{""kind"":""open"",""open"":""15:00"",""close"":""22:00""},""fri"":{""kind"":""open"",""open"":""15:00"",""close"":""22:00""},""sat"":{""kind"":""open"",""open"":""15:00"",""close"":""22:00""},""sun"":{""kind"":""closed""}}",,,,,,,OPERATIONAL,Coffee shop|Coffee shop,https://www.instagram.com/eunocoffeespace?igsh=MW5jY2V6b2p1aTRoYQ==,true,
ChIJcRgq0qW3lzMRv7Qndx_AKhI,EURITEA CUBAO,"126 C. Benitez St, Quezon City",14.618606,121.04902299999999,"{""mon"":{""kind"":""open"",""open"":""10:00"",""close"":""23:00""},""tue"":{""kind"":""open"",""open"":""10:00"",""close"":""23:00""},""wed"":{""kind"":""open"",""open"":""10:00"",""close"":""23:00""},""thu"":{""kind"":""open"",""open"":""10:00"",""close"":""23:00""},""fri"":{""kind"":""all_day""},""sat"":{""kind"":""all_day""},""sun"":{""kind"":""open"",""open"":""10:00"",""close"":""23:00""}}",,,,,,,OPERATIONAL,Coffee shop|Coffee shop,,true,
ChIJoZONs87RlzMR29P78gf_sg4,Exchange Alley Coffee House,"Unit 3, Molito Lifestyle Bldg 7, Madrigal, cor Commerce Ave, Muntinlupa",14.423223799999999,121.02673689999999,"{""mon"":{""kind"":""open"",""open"":""07:00"",""close"":""23:00""},""tue"":{""kind"":""open"",""open"":""07:00"",""close"":""23:00""},""wed"":{""kind"":""open"",""open"":""07:00"",""close"":""23:00""},""thu"":{""kind"":""open"",""open"":""07:00"",""close"":""23:00""},""fri"":{""kind"":""open"",""open"":""07:00"",""close"":""23:00""},""sat"":{""kind"":""open"",""open"":""07:00"",""close"":""23:00""},""sun"":{""kind"":""open"",""open"":""07:00"",""close"":""23:00""}}",0995 964 1272,,,,,,OPERATIONAL,Cafe|Cafe,https://www.facebook.com/Exchange-Alley-Coffee-House-225938041175260/,true,
ChIJwxPxl4axlzMRsC5HiJn7evc,Fa-Me Café,"Lot 13, Rainbow Ave, Village, Caloocan",14.747824099999999,121.0324699,"{""mon"":{""kind"":""open"",""open"":""14:00"",""close"":""02:00""},""tue"":{""kind"":""open"",""open"":""14:00"",""close"":""02:00""},""wed"":{""kind"":""open"",""open"":""14:00"",""close"":""02:00""},""thu"":{""kind"":""open"",""open"":""14:00"",""close"":""02:00""},""fri"":{""kind"":""open"",""open"":""14:00"",""close"":""02:00""},""sat"":{""kind"":""open"",""open"":""14:00"",""close"":""02:00""},""sun"":{""kind"":""open"",""open"":""14:00"",""close"":""02:00""}}",,,,,,,OPERATIONAL,Coffee shop|Coffee shop,,true,
ChIJh96XfgCxlzMRkBcB9Xhogtk,Fa-Me Café Camarin,"Q23R+Q46, Barangay 175, Caloocan",14.7544083,121.0402668,"{""mon"":{""kind"":""open"",""open"":""09:00"",""close"":""02:00""},""tue"":{""kind"":""open"",""open"":""09:00"",""close"":""02:00""},""wed"":{""kind"":""open"",""open"":""09:00"",""close"":""02:00""},""thu"":{""kind"":""open"",""open"":""09:00"",""close"":""02:00""},""fri"":{""kind"":""open"",""open"":""09:00"",""close"":""02:00""},""sat"":{""kind"":""open"",""open"":""09:00"",""close"":""02:00""},""sun"":{""kind"":""open"",""open"":""09:00"",""close"":""02:00""}}",,,,,,,OPERATIONAL,Coffee shop|Coffee shop,,true,
ChIJj7wih-vRlzMRzRQ0hXAmISw,Fellows coffee,"655 National Road, Poblacion, Muntinlupa",14.388220299999999,121.0453385,"{""mon"":{""kind"":""open"",""open"":""12:00"",""close"":""21:00""},""tue"":{""kind"":""open"",""open"":""12:00"",""close"":""21:00""},""wed"":{""kind"":""open"",""open"":""12:00"",""close"":""21:00""},""thu"":{""kind"":""open"",""open"":""12:00"",""close"":""21:00""},""fri"":{""kind"":""open"",""open"":""00:00"",""close"":""21:00""},""sat"":{""kind"":""open"",""open"":""12:00"",""close"":""21:00""},""sun"":{""kind"":""closed""}}",0969 427 8780,,,,,,OPERATIONAL,Coffee shop|Coffee shop,http://decentfoodconcepts.com/,true,
ChIJ75eSVhzLlzMRgu3tq1U8H4Y,Finale Café and Bar malate,"1781, Malate Bayview mansion, 1064 Adriatico St, Malate, Manila",14.5705073,120.98561409999999,"{""mon"":{""kind"":""open"",""open"":""09:00"",""close"":""05:00""},""tue"":{""kind"":""open"",""open"":""09:00"",""close"":""05:00""},""wed"":{""kind"":""open"",""open"":""09:00"",""close"":""05:00""},""thu"":{""kind"":""open"",""open"":""09:00"",""close"":""05:00""},""fri"":{""kind"":""open"",""open"":""09:00"",""close"":""05:00""},""sat"":{""kind"":""open"",""open"":""09:00"",""close"":""05:00""},""sun"":{""kind"":""open"",""open"":""09:00"",""close"":""05:00""}}",,,,,,,OPERATIONAL,Coffee shop|Coffee shop,https://m.facebook.com/profile.php?id=106619941426451&ref=content_filter,true,
ChIJ28lvf--3lzMRhOQtr4l3Ia8,Foam Coffee Quezon Ave.,"Abenson Bldg. Quezon Avenue, corner Scout Albano Ave, Diliman, Quezon City",14.6409532,121.03289339999999,"{""mon"":{""kind"":""open"",""open"":""07:00"",""close"":""02:00""},""tue"":{""kind"":""open"",""open"":""07:00"",""close"":""02:00""},""wed"":{""kind"":""open"",""open"":""07:00"",""close"":""02:00""},""thu"":{""kind"":""open"",""open"":""07:00"",""close"":""02:00""},""fri"":{""kind"":""open"",""open"":""07:00"",""close"":""02:00""},""sat"":{""kind"":""open"",""open"":""07:00"",""close"":""02:00""},""sun"":{""kind"":""open"",""open"":""07:00"",""close"":""02:00""}}",0927 383 4825,,,,,,OPERATIONAL,Coffee shop|Coffee shop,,true,
ChIJYbQ3X1DJlzMRA5gBf2z0uCI,Frank & Dean Coffee,"Shop 3, 31st Street, Taguig",14.5552005,121.043003,"{""mon"":{""kind"":""open"",""open"":""07:00"",""close"":""02:00""},""tue"":{""kind"":""open"",""open"":""07:00"",""close"":""02:00""},""wed"":{""kind"":""open"",""open"":""07:00"",""close"":""02:00""},""thu"":{""kind"":""open"",""open"":""07:00"",""close"":""02:00""},""fri"":{""kind"":""open"",""open"":""07:00"",""close"":""02:00""},""sat"":{""kind"":""open"",""open"":""07:00"",""close"":""22:00""},""sun"":{""kind"":""closed""}}",0915 316 4247,,,,,,OPERATIONAL,Coffee shop|Coffee shop|Coffee wholesaler,http://www.frankdeancoffee.com/,true,
ChIJqz2262y5lzMRbkgBRtOoCJQ,Fresh Grind Coffee Co.,"8T8 Commercial Outlet, Felix Ave, Manggahan, Pasig",14.6074527,121.10424169999999,"{""mon"":{""kind"":""open"",""open"":""10:00"",""close"":""00:00""},""tue"":{""kind"":""open"",""open"":""10:00"",""close"":""00:00""},""wed"":{""kind"":""open"",""open"":""10:00"",""close"":""00:00""},""thu"":{""kind"":""open"",""open"":""10:00"",""close"":""00:00""},""fri"":{""kind"":""open"",""open"":""10:00"",""close"":""00:00""},""sat"":{""kind"":""open"",""open"":""10:00"",""close"":""00:00""},""sun"":{""kind"":""open"",""open"":""10:00"",""close"":""00:00""}}",0994 389 3014,,,,,,OPERATIONAL,Coffee shop|Coffee shop|Cafe|Restaurant,https://r.grab.com/g/6-20241106_225437_EB2212FEEF204954B7F6339CF76EE040_MEXMPS-2-C6BEJFLUWCNYE2,true,
ChIJ41wMOQDLlzMR5OwY0Hd25Zk,GEDLI Kape Sa Gilid,"739 Mlle. de la Industria, Binondo, Manila",14.596096099999999,120.9739475,"{""mon"":{""kind"":""open"",""open"":""18:00"",""close"":""03:00""},""tue"":{""kind"":""open"",""open"":""18:00"",""close"":""03:00""},""wed"":{""kind"":""open"",""open"":""18:00"",""close"":""03:00""},""thu"":{""kind"":""open"",""open"":""18:00"",""close"":""03:00""},""fri"":{""kind"":""open"",""open"":""18:00"",""close"":""03:00""},""sat"":{""kind"":""open"",""open"":""18:00"",""close"":""03:00""},""sun"":{""kind"":""open"",""open"":""18:00"",""close"":""03:00""}}",,,,,,,OPERATIONAL,Coffee shop|Coffee shop,https://l.facebook.com/l.php?u=https%3A%2F%2Fwww.instagram.com%2Fgedli_kapesagilid%3Figsh%3DaGl3bW1rdmJxdXM4&h=AUAnPZAlAmNl0j3XVTRPg9P7Sgn60YCdaAg8VIijthJyw9_ZA4Y8ZMtFw2ZszfCsJBf4UgryPcsxbVDp7XZh7ekhoq3klWFV4RnP88EHmSt9adWxe56wtqd0VjnQZvksQuPdJvnieGpJehaqIuWuwb7oITqbku-4zgBNgQ,true,
ChIJsaYCNwO5lzMRFRis6EWDzYg,"GHOST COFFEE CAFE, EVENTS AND COLLAB SPACE","Marikina-Infanta Hwy, Barangay Mayamot, Antipolo",14.6228239,121.109912,"{""mon"":{""kind"":""open"",""open"":""07:00"",""close"":""23:00""},""tue"":{""kind"":""open"",""open"":""07:00"",""close"":""23:00""},""wed"":{""kind"":""open"",""open"":""07:00"",""close"":""23:00""},""thu"":{""kind"":""open"",""open"":""07:00"",""close"":""23:00""},""fri"":{""kind"":""open"",""open"":""07:00"",""close"":""23:00""},""sat"":{""kind"":""open"",""open"":""07:00"",""close"":""23:00""},""sun"":{""kind"":""open"",""open"":""07:00"",""close"":""23:00""}}",0919 075 5498,,,,,,OPERATIONAL,Cafe|Cafe,https://www.facebook.com/GhostCoffeeOfficial/,true,
ChIJKy7HsDuxlzMRGVu8B4qKl7E,GIFT Café,"Amaga Building, 237 Commonwealth Ave, District 5, Quezon City",14.7221318,121.0517431,"{""mon"":{""kind"":""open"",""open"":""11:00"",""close"":""03:00""},""tue"":{""kind"":""open"",""open"":""11:00"",""close"":""03:00""},""wed"":{""kind"":""open"",""open"":""11:00"",""close"":""03:00""},""thu"":{""kind"":""open"",""open"":""11:00"",""close"":""03:00""},""fri"":{""kind"":""open"",""open"":""11:00"",""close"":""03:00""},""sat"":{""kind"":""open"",""open"":""11:00"",""close"":""03:00""},""sun"":{""kind"":""open"",""open"":""11:00"",""close"":""03:00""}}",,,,,,,OPERATIONAL,Coffee shop|Coffee shop|Restaurant,,true,
ChIJHdTQAADJlzMRcsIFbJ56NQs,Gilded Roast Café,"Unit 1A Electra Place Dominga Street, Villa Barbara, Pasay City",14.5577588,120.9983451,"{""mon"":{""kind"":""open"",""open"":""06:00"",""close"":""00:00""},""tue"":{""kind"":""open"",""open"":""06:00"",""close"":""00:00""},""wed"":{""kind"":""open"",""open"":""06:00"",""close"":""00:00""},""thu"":{""kind"":""open"",""open"":""06:00"",""close"":""00:00""},""fri"":{""kind"":""open"",""open"":""06:00"",""close"":""00:00""},""sat"":{""kind"":""open"",""open"":""06:00"",""close"":""00:00""},""sun"":{""kind"":""open"",""open"":""06:00"",""close"":""00:00""}}",,,,,,,OPERATIONAL,Coffee shop|Coffee shop,,true,
ChIJ_yyYEAC3lzMRQWpZ2ANHI2Y,Glavesart Cafe,"MX6R+828, General Tinio, Bagong Barrio West, Caloocan",14.6607816,120.9900874,"{""mon"":{""kind"":""open"",""open"":""17:00"",""close"":""02:00""},""tue"":{""kind"":""open"",""open"":""17:00"",""close"":""02:00""},""wed"":{""kind"":""open"",""open"":""17:00"",""close"":""02:00""},""thu"":{""kind"":""open"",""open"":""17:00"",""close"":""02:00""},""fri"":{""kind"":""open"",""open"":""17:00"",""close"":""02:00""},""sat"":{""kind"":""closed""},""sun"":{""kind"":""open"",""open"":""17:00"",""close"":""02:00""}}",0976 045 4359,,,,,,OPERATIONAL,Coffee shop|Coffee shop,,true,
ChIJ_Z0GA1DRlzMRvfwt-v9f3Pc,Good Coffee x Garage Quest Car Wash & Auto Detailing,"125 National Road, Muntinlupa",14.4055827,121.04672679999999,"{""mon"":{""kind"":""open"",""open"":""08:00"",""close"":""20:00""},""tue"":{""kind"":""open"",""open"":""08:00"",""close"":""00:00""},""wed"":{""kind"":""open"",""open"":""08:00"",""close"":""00:00""},""thu"":{""kind"":""open"",""open"":""08:00"",""close"":""00:00""},""fri"":{""kind"":""open"",""open"":""08:00"",""close"":""00:00""},""sat"":{""kind"":""open"",""open"":""08:00"",""close"":""00:00""},""sun"":{""kind"":""open"",""open"":""08:00"",""close"":""00:00""}}",,,,,,,OPERATIONAL,Coffee shop|Coffee shop,,true,
ChIJvRCjWkm3lzMRPzniZ00hNI8,Good Papa's Home Diner,"186 Tomas Morato Ave, Diliman, Quezon City",14.6309236,121.0347113,"{""mon"":{""kind"":""open"",""open"":""10:00"",""close"":""22:00""},""tue"":{""kind"":""open"",""open"":""10:00"",""close"":""22:00""},""wed"":{""kind"":""open"",""open"":""10:00"",""close"":""22:00""},""thu"":{""kind"":""open"",""open"":""10:00"",""close"":""22:00""},""fri"":{""kind"":""open"",""open"":""10:00"",""close"":""00:00""},""sat"":{""kind"":""open"",""open"":""10:00"",""close"":""00:00""},""sun"":{""kind"":""open"",""open"":""08:00"",""close"":""22:00""}}",0917 522 6892,,,,,,OPERATIONAL,Restaurant|Restaurant|Breakfast restaurant|Cafe|Diner,,true,
ChIJOVjwVcy3lzMR72V4j4Aeb28,Good Pastry Cafe,"53 Connecticut, Greenhills, San Juan City",14.6011321,121.0545003,"{""mon"":{""kind"":""open"",""open"":""07:00"",""close"":""22:00""},""tue"":{""kind"":""open"",""open"":""07:00"",""close"":""22:00""},""wed"":{""kind"":""open"",""open"":""07:00"",""close"":""22:00""},""thu"":{""kind"":""open"",""open"":""07:00"",""close"":""22:00""},""fri"":{""kind"":""open"",""open"":""07:00"",""close"":""22:00""},""sat"":{""kind"":""open"",""open"":""07:00"",""close"":""22:00""},""sun"":{""kind"":""open"",""open"":""07:00"",""close"":""22:00""}}",0966 655 7494,,,,,,OPERATIONAL,Cafe|Cafe,,true,
ChIJFczZAWS3lzMR6jT2jf2VVpw,Good Pastry Cafe - Timog,"5 Scout Magbanua, Diliman, Quezon City",14.631632,121.02338329999999,"{""mon"":{""kind"":""open"",""open"":""07:00"",""close"":""02:00""},""tue"":{""kind"":""open"",""open"":""07:00"",""close"":""02:00""},""wed"":{""kind"":""open"",""open"":""07:00"",""close"":""02:00""},""thu"":{""kind"":""open"",""open"":""07:00"",""close"":""02:00""},""fri"":{""kind"":""open"",""open"":""07:00"",""close"":""02:00""},""sat"":{""kind"":""open"",""open"":""07:00"",""close"":""02:00""},""sun"":{""kind"":""open"",""open"":""07:00"",""close"":""02:00""}}",0994 786 9238,,,,,,OPERATIONAL,Cafe|Cafe,,true,
ChIJwZk78mTJlzMRHAlqzxAl8E8,Good Sh*t Coffee,"5872 Enriquez, Makati City",14.5641625,121.03193689999999,"{""mon"":{""kind"":""open"",""open"":""06:00"",""close"":""22:00""},""tue"":{""kind"":""open"",""open"":""06:00"",""close"":""22:00""},""wed"":{""kind"":""open"",""open"":""06:00"",""close"":""22:00""},""thu"":{""kind"":""open"",""open"":""06:00"",""close"":""22:00""},""fri"":{""kind"":""open"",""open"":""06:00"",""close"":""00:00""},""sat"":{""kind"":""open"",""open"":""06:00"",""close"":""00:00""},""sun"":{""kind"":""open"",""open"":""06:00"",""close"":""22:00""}}",0954 468 7844,,,,,,OPERATIONAL,Coffee shop|Coffee shop,,true,
ChIJVU46fwDJlzMRT5_MBTJ9NCY,Greenbench Coffee,"16 Williams, Pasig",14.5737805,121.056118,"{""mon"":{""kind"":""open"",""open"":""08:00"",""close"":""22:00""},""tue"":{""kind"":""open"",""open"":""08:00"",""close"":""22:00""},""wed"":{""kind"":""open"",""open"":""08:00"",""close"":""22:00""},""thu"":{""kind"":""open"",""open"":""08:00"",""close"":""22:00""},""fri"":{""kind"":""open"",""open"":""08:00"",""close"":""00:00""},""sat"":{""kind"":""open"",""open"":""08:00"",""close"":""00:00""},""sun"":{""kind"":""open"",""open"":""07:00"",""close"":""20:00""}}",0956 625 3509,,,,,,OPERATIONAL,Cafe|Cafe,https://www.facebook.com/greenbenchph,true,
ChIJfeURRU65lzMRYFDBBgWKAiY,Gretsch Coffee,"335 J. P. Rizal St, Marikina",14.631521999999999,121.09531559999999,"{""mon"":{""kind"":""open"",""open"":""08:00"",""close"":""19:00""},""tue"":{""kind"":""open"",""open"":""08:00"",""close"":""19:00""},""wed"":{""kind"":""open"",""open"":""08:00"",""close"":""19:00""},""thu"":{""kind"":""open"",""open"":""08:00"",""close"":""19:00""},""fri"":{""kind"":""open"",""open"":""08:00"",""close"":""19:00""},""sat"":{""kind"":""open"",""open"":""14:00"",""close"":""23:00""},""sun"":{""kind"":""open"",""open"":""14:00"",""close"":""22:00""}}",,,,,,,OPERATIONAL,Coffee shop|Coffee shop,,true,
ChIJ08A8NwC5lzMR3kXvRfU1fA4,Grind Cafe & Restaurant,"E G Manalo St, Concepcion Uno, Marikina",14.6448374,121.1007753,"{""mon"":{""kind"":""open"",""open"":""09:00"",""close"":""02:00""},""tue"":{""kind"":""open"",""open"":""09:00"",""close"":""02:00""},""wed"":{""kind"":""open"",""open"":""09:00"",""close"":""02:00""},""thu"":{""kind"":""open"",""open"":""09:00"",""close"":""02:00""},""fri"":{""kind"":""open"",""open"":""09:00"",""close"":""02:00""},""sat"":{""kind"":""open"",""open"":""09:00"",""close"":""02:00""},""sun"":{""kind"":""open"",""open"":""09:00"",""close"":""02:00""}}",0995 490 3624,,,,,,OPERATIONAL,Coffee shop|Coffee shop,https://www.facebook.com/share/1DuSeFchU7/?mibextid=wwXIfr,true,
ChIJRdscev3JlzMRRBjH2j-MzQM,Grit Coffee,"557 San Joaquin, Mandaluyong City",14.5809863,121.03134969999999,"{""mon"":{""kind"":""open"",""open"":""14:00"",""close"":""22:30""},""tue"":{""kind"":""open"",""open"":""17:00"",""close"":""22:30""},""wed"":{""kind"":""open"",""open"":""14:00"",""close"":""22:30""},""thu"":{""kind"":""open"",""open"":""14:00"",""close"":""22:30""},""fri"":{""kind"":""open"",""open"":""14:00"",""close"":""22:30""},""sat"":{""kind"":""open"",""open"":""14:00"",""close"":""22:30""},""sun"":{""kind"":""open"",""open"":""14:00"",""close"":""22:30""}}",0936 770 0800,,,,,,OPERATIONAL,Coffee shop|Coffee shop,https://linktr.ee/GritCoffee.mnl,true,
ChIJewMp8MTRlzMRUID_14PLcvo,Grouphug Specialty Coffee,"Westgate Center, Filinvest Ave, Alabang, Muntinlupa",14.422152899999999,121.03472869999999,"{""mon"":{""kind"":""open"",""open"":""07:00"",""close"":""22:00""},""tue"":{""kind"":""open"",""open"":""07:00"",""close"":""22:00""},""wed"":{""kind"":""open"",""open"":""07:00"",""close"":""22:00""},""thu"":{""kind"":""open"",""open"":""07:00"",""close"":""22:00""},""fri"":{""kind"":""open"",""open"":""07:00"",""close"":""22:00""},""sat"":{""kind"":""open"",""open"":""07:00"",""close"":""22:00""},""sun"":{""kind"":""open"",""open"":""07:00"",""close"":""22:00""}}",0969 531 2700,,,,,,OPERATIONAL,Coffee shop|Coffee shop,https://instagram.com/grouphugcafe,true,
ChIJtUAFko7LlzMREVj56JnQicY,Gukeng coffee shop,"Gukeng coffee shop, 921 Masangkay St, Binondo, Manila",14.603055,120.97602889999999,"{""mon"":{""kind"":""open"",""open"":""08:30"",""close"":""22:00""},""tue"":{""kind"":""open"",""open"":""08:30"",""close"":""22:00""},""wed"":{""kind"":""open"",""open"":""08:30"",""close"":""22:00""},""thu"":{""kind"":""open"",""open"":""08:30"",""close"":""22:00""},""fri"":{""kind"":""open"",""open"":""08:30"",""close"":""22:00""},""sat"":{""kind"":""open"",""open"":""08:30"",""close"":""22:00""},""sun"":{""kind"":""open"",""open"":""08:30"",""close"":""22:00""}}",0927 066 0099,,,,,,OPERATIONAL,Coffee shop|Coffee shop,https://www.facebook.com/share/14H8QCRgco1/?mibextid=LQQJ4d,true,
ChIJpbYZCgDJlzMRII4Mn0CLyOo,H Proper Coffee Roasters - Ayala Triangle Garden,"Restaurant Arcade, Ayala Triangle Walkways, Makati City",14.5563211,121.0239685,"{""mon"":{""kind"":""open"",""open"":""06:30"",""close"":""23:00""},""tue"":{""kind"":""open"",""open"":""06:30"",""close"":""23:00""},""wed"":{""kind"":""open"",""open"":""06:30"",""close"":""23:00""},""thu"":{""kind"":""open"",""open"":""06:30"",""close"":""23:00""},""fri"":{""kind"":""open"",""open"":""06:30"",""close"":""23:00""},""sat"":{""kind"":""open"",""open"":""06:30"",""close"":""23:00""},""sun"":{""kind"":""open"",""open"":""06:30"",""close"":""23:00""}}",0917 192 0873,,,,,,OPERATIONAL,Coffee shop|Coffee shop,https://www.instagram.com/hpropercoffeeroasters,true,
ChIJq6uE9xzJlzMRRsUgYpi6oEk,H Proper Coffee Roasters - Podium,"Level 6, SM Podium, ADB Ave, Ortigas Center, Mandaluyong City",14.5854815,121.0591707,"{""mon"":{""kind"":""open"",""open"":""06:30"",""close"":""23:00""},""tue"":{""kind"":""open"",""open"":""06:30"",""close"":""23:00""},""wed"":{""kind"":""open"",""open"":""06:30"",""close"":""23:00""},""thu"":{""kind"":""open"",""open"":""06:30"",""close"":""23:00""},""fri"":{""kind"":""open"",""open"":""06:30"",""close"":""23:00""},""sat"":{""kind"":""open"",""open"":""06:30"",""close"":""23:00""},""sun"":{""kind"":""open"",""open"":""06:30"",""close"":""23:00""}}",0917 586 0901,,,,,,OPERATIONAL,Coffee shop|Coffee shop,https://hproper.com/,true,
ChIJYZhLyr6_lzMR2XqJ3reJIFU,Habagat Coffee and Outdoor Lifestyle,"77 San Rafael St, Pasig",14.574282199999999,121.0606203,"{""mon"":{""kind"":""closed""},""tue"":{""kind"":""closed""},""wed"":{""kind"":""open"",""open"":""12:00"",""close"":""21:00""},""thu"":{""kind"":""open"",""open"":""12:00"",""close"":""21:00""},""fri"":{""kind"":""open"",""open"":""09:00"",""close"":""21:00""},""sat"":{""kind"":""open"",""open"":""09:00"",""close"":""21:00""},""sun"":{""kind"":""open"",""open"":""09:00"",""close"":""21:00""}}",,,,,,,OPERATIONAL,Coffee shop|Coffee shop,,true,
ChIJj8QdfVnJlzMR-h4Eujs5Kz4,Hakid,"PASIG PLAZA, UNIT 8, 1 Brixton St, Kapitolyo, SECOND DISTRICT, Pasig",14.5728741,121.0582393,"{""mon"":{""kind"":""closed""},""tue"":{""kind"":""open"",""open"":""09:00"",""close"":""01:00""},""wed"":{""kind"":""open"",""open"":""09:00"",""close"":""01:00""},""thu"":{""kind"":""open"",""open"":""09:00"",""close"":""01:00""},""fri"":{""kind"":""open"",""open"":""09:00"",""close"":""03:00""},""sat"":{""kind"":""open"",""open"":""09:00"",""close"":""03:00""},""sun"":{""kind"":""open"",""open"":""09:00"",""close"":""01:00""}}",0976 045 0252,,,,,,OPERATIONAL,Coffee shop|Coffee shop|Cafe|Cocktail bar|Lounge bar,https://instagram.com/hakid.mnl/,true,
ChIJb3wHQPrJlzMRHnbXxnIF44Y,Half and Half Coffee - Mandaluyong,"217 A Bonifacio St, Brgy. Hagdan Bato Itaas, Mandaluyong City",14.5892904,121.0303826,"{""mon"":{""kind"":""open"",""open"":""08:00"",""close"":""18:00""},""tue"":{""kind"":""open"",""open"":""08:00"",""close"":""18:00""},""wed"":{""kind"":""open"",""open"":""08:00"",""close"":""18:00""},""thu"":{""kind"":""open"",""open"":""08:00"",""close"":""18:00""},""fri"":{""kind"":""open"",""open"":""08:00"",""close"":""18:00""},""sat"":{""kind"":""open"",""open"":""08:00"",""close"":""18:00""},""sun"":{""kind"":""closed""}}",,,,,,,OPERATIONAL,Coffee shop|Coffee shop,https://facebook.com/halfandhalfcoffee,true,
ChIJ0xMtxV3PlzMRMZRI0xIANiA,Hand Hand Coffee,"MGV Commercial Complex, Paranaque, Parañaque",14.4766801,121.0397046,"{""mon"":{""kind"":""open"",""open"":""07:00"",""close"":""19:00""},""tue"":{""kind"":""open"",""open"":""07:00"",""close"":""19:00""},""wed"":{""kind"":""open"",""open"":""07:00"",""close"":""19:00""},""thu"":{""kind"":""open"",""open"":""07:00"",""close"":""19:00""},""fri"":{""kind"":""open"",""open"":""07:00"",""close"":""19:00""},""sat"":{""kind"":""open"",""open"":""07:00"",""close"":""19:00""},""sun"":{""kind"":""open"",""open"":""07:00"",""close"":""19:00""}}",0977 400 7660,,,,,,OPERATIONAL,Coffee shop|Coffee shop,http://instagram.com/handhandcoffee,true,
ChIJxy04NWK3lzMRjZOpbDoHn5U,Harimuhán Café,"2005 Espana, Cor Maceda St, Sampaloc, Manila",14.614675,120.9980076,"{""mon"":{""kind"":""open"",""open"":""10:00"",""close"":""23:00""},""tue"":{""kind"":""open"",""open"":""10:00"",""close"":""23:00""},""wed"":{""kind"":""open"",""open"":""10:00"",""close"":""23:00""},""thu"":{""kind"":""open"",""open"":""10:00"",""close"":""23:00""},""fri"":{""kind"":""open"",""open"":""10:00"",""close"":""23:00""},""sat"":{""kind"":""open"",""open"":""10:00"",""close"":""23:00""},""sun"":{""kind"":""open"",""open"":""11:00"",""close"":""23:00""}}",0926 995 6261,,,,,,OPERATIONAL,Coffee shop|Coffee shop,https://www.facebook.com/profile.php?id=100083790686506,true,
ChIJq1WwMgDRlzMRt1ZCIwm58CY,Harlan Coffee - Alabang Town Center,"Unit #1206, Alabang Town Center, Ground Level, Corte de las Palmas, Muntinlupa",14.4231049,121.0293865,"{""mon"":{""kind"":""open"",""open"":""07:00"",""close"":""22:00""},""tue"":{""kind"":""open"",""open"":""07:00"",""close"":""22:00""},""wed"":{""kind"":""open"",""open"":""07:00"",""close"":""22:00""},""thu"":{""kind"":""open"",""open"":""07:00"",""close"":""22:00""},""fri"":{""kind"":""open"",""open"":""07:00"",""close"":""22:00""},""sat"":{""kind"":""open"",""open"":""07:00"",""close"":""22:00""},""sun"":{""kind"":""open"",""open"":""07:00"",""close"":""22:00""}}",0950 547 5650,,,,,,OPERATIONAL,Coffee shop|Coffee shop,https://becausecoffeeinfo.carrd.co/,true,
ChIJBYsWzE65lzMRZL0FDDaqvF0,Harlan Coffee - Eastwood Mall,"Unit 1800-9, Eastwood Open Park, Ground Floor, Eastwood Ave, Libis, Quezon City",14.6099503,121.07946129999999,"{""mon"":{""kind"":""open"",""open"":""07:00"",""close"":""00:00""},""tue"":{""kind"":""open"",""open"":""07:00"",""close"":""00:00""},""wed"":{""kind"":""open"",""open"":""07:00"",""close"":""00:00""},""thu"":{""kind"":""open"",""open"":""07:00"",""close"":""00:00""},""fri"":{""kind"":""open"",""open"":""07:00"",""close"":""00:00""},""sat"":{""kind"":""open"",""open"":""07:00"",""close"":""00:00""},""sun"":{""kind"":""open"",""open"":""07:00"",""close"":""00:00""}}",0993 613 5823,,,,,,OPERATIONAL,Coffee store|Coffee store,,true,
ChIJ32daHEPJlzMRhPaE6xs2LpU,"Hello, Coffee","333, 1500 P. Guevarra St, San Juan City",14.597952,121.03780569999999,"{""mon"":{""kind"":""open"",""open"":""07:00"",""close"":""19:00""},""tue"":{""kind"":""open"",""open"":""07:00"",""close"":""19:00""},""wed"":{""kind"":""open"",""open"":""07:00"",""close"":""19:00""},""thu"":{""kind"":""open"",""open"":""07:00"",""close"":""19:00""},""fri"":{""kind"":""open"",""open"":""07:00"",""close"":""19:00""},""sat"":{""kind"":""open"",""open"":""07:00"",""close"":""20:00""},""sun"":{""kind"":""open"",""open"":""07:00"",""close"":""17:00""}}",0915 111 1162,,,,,,OPERATIONAL,Coffee shop|Coffee shop,https://instagram.com/hellocoffee.ph,true,
ChIJKzruQgDJlzMRlozw7WhU8ZQ,Hidden Cafe,"1834 Aurora Blvd, Pasay City",14.5369353,121.0034517,"{""mon"":{""kind"":""open"",""open"":""18:00"",""close"":""02:00""},""tue"":{""kind"":""open"",""open"":""18:00"",""close"":""02:00""},""wed"":{""kind"":""open"",""open"":""18:00"",""close"":""02:00""},""thu"":{""kind"":""open"",""open"":""18:00"",""close"":""02:00""},""fri"":{""kind"":""open"",""open"":""18:00"",""close"":""02:00""},""sat"":{""kind"":""open"",""open"":""18:00"",""close"":""02:00""},""sun"":{""kind"":""open"",""open"":""18:00"",""close"":""02:00""}}",,,,,,,OPERATIONAL,Coffee shop|Coffee shop,https://www.facebook.com/share/17n4FrVUMn/?mibextid=wwXIfr,true,
ChIJz7SdFQCxlzMRDA0F9SWoYFU,Hidden Coffee,"Ph4, North Matrix Ville Subdivision, Echo st, Camarin Rd, Caloocan",14.7536556,121.04952039999999,"{""mon"":{""kind"":""closed""},""tue"":{""kind"":""open"",""open"":""17:00"",""close"":""02:00""},""wed"":{""kind"":""open"",""open"":""17:00"",""close"":""02:00""},""thu"":{""kind"":""open"",""open"":""17:00"",""close"":""02:00""},""fri"":{""kind"":""open"",""open"":""17:00"",""close"":""02:00""},""sat"":{""kind"":""open"",""open"":""17:00"",""close"":""02:00""},""sun"":{""kind"":""open"",""open"":""17:00"",""close"":""02:00""}}",,,,,,,OPERATIONAL,Coffee shop|Coffee shop,,true,
ChIJS9-JfK23lzMRAgRFR0_DehE,High Grounds Café,"67 Sct. Rallos St, Diliman, Quezon City",14.6339983,121.03589269999999,"{""mon"":{""kind"":""open"",""open"":""10:00"",""close"":""02:00""},""tue"":{""kind"":""open"",""open"":""10:00"",""close"":""02:00""},""wed"":{""kind"":""open"",""open"":""10:00"",""close"":""02:00""},""thu"":{""kind"":""open"",""open"":""10:00"",""close"":""02:00""},""fri"":{""kind"":""open"",""open"":""10:00"",""close"":""04:00""},""sat"":{""kind"":""open"",""open"":""10:00"",""close"":""04:00""},""sun"":{""kind"":""open"",""open"":""10:00"",""close"":""02:00""}}",,,,,,,OPERATIONAL,Internet cafe|Internet cafe|Cafe,https://www.facebook.com/highgroundsofficial,true,
ChIJKZMMOArRlzMRVqGbWP-KmGo,Higher Ground Specialty Coffee,"Spc A1.1, The River Park, Festival Supermall Tower, Corporate Ave, Alabang, Muntinlupa",14.415042,121.0405596,"{""mon"":{""kind"":""open"",""open"":""09:00"",""close"":""21:00""},""tue"":{""kind"":""open"",""open"":""09:00"",""close"":""21:00""},""wed"":{""kind"":""open"",""open"":""09:00"",""close"":""21:00""},""thu"":{""kind"":""open"",""open"":""09:00"",""close"":""21:00""},""fri"":{""kind"":""open"",""open"":""09:00"",""close"":""21:00""},""sat"":{""kind"":""open"",""open"":""09:00"",""close"":""21:00""},""sun"":{""kind"":""open"",""open"":""09:00"",""close"":""21:00""}}",0969 100 3867,,,,,,OPERATIONAL,Coffee shop|Coffee shop,https://www.facebook.com/highergroundspecialtycoffee/,true,
ChIJZ2qPMQDJlzMR5ixq0a0-bjI,Highlands Coffee Pearl Place,"The Pearl, Pearl Dr, Ortigas Center, Pasig",14.578919099999998,121.05953009999999,"{""mon"":{""kind"":""open"",""open"":""06:00"",""close"":""00:00""},""tue"":{""kind"":""all_day""},""wed"":{""kind"":""all_day""},""thu"":{""kind"":""all_day""},""fri"":{""kind"":""all_day""},""sat"":{""kind"":""open"",""open"":""06:00"",""close"":""16:00""},""sun"":{""kind"":""open"",""open"":""06:00"",""close"":""16:00""}}",,,,,,,OPERATIONAL,Coffee shop|Coffee shop,,true,
ChIJi0EQhbPJlzMRcBg8hPMmA08,Hoi Coffee - Work Cafés,"Lobby, mySTAY BGC East Hotel, 23 Kalayaan Ave, Taguig",14.557609699999999,121.0443234,"{""mon"":{""kind"":""open"",""open"":""08:00"",""close"":""18:00""},""tue"":{""kind"":""open"",""open"":""08:00"",""close"":""18:00""},""wed"":{""kind"":""open"",""open"":""08:00"",""close"":""18:00""},""thu"":{""kind"":""open"",""open"":""08:00"",""close"":""18:00""},""fri"":{""kind"":""open"",""open"":""08:00"",""close"":""18:00""},""sat"":{""kind"":""open"",""open"":""09:00"",""close"":""18:00""},""sun"":{""kind"":""open"",""open"":""09:00"",""close"":""18:00""}}",0927 839 4268,,,,,,OPERATIONAL,Coffee shop|Coffee shop,http://www.hoi-coffee.com/,true,
ChIJaW_MCgDJlzMRNZjxK_yZbOI,Hola Coffee - Scape Pasay,"rd23, cor Coral Way, Pasay City",14.533176899999999,120.9887267,"{""mon"":{""kind"":""open"",""open"":""11:00"",""close"":""02:30""},""tue"":{""kind"":""open"",""open"":""11:00"",""close"":""02:30""},""wed"":{""kind"":""open"",""open"":""11:00"",""close"":""02:30""},""thu"":{""kind"":""open"",""open"":""11:00"",""close"":""02:30""},""fri"":{""kind"":""open"",""open"":""11:00"",""close"":""02:30""},""sat"":{""kind"":""open"",""open"":""11:00"",""close"":""02:30""},""sun"":{""kind"":""open"",""open"":""12:00"",""close"":""00:00""}}",0962 602 5969,,,,,,OPERATIONAL,Coffee shop|Coffee shop,https://www.facebook.com/profile.php?id=61569440595663&mibextid=ZbWKwL,true,
ChIJm2TA8Ty5lzMRSM4PKZm2dkM,Inarawan Coffee - Marikina,"2 Sampaguita St, Marikina",14.649887099999999,121.10779529999999,"{""mon"":{""kind"":""open"",""open"":""09:00"",""close"":""22:00""},""tue"":{""kind"":""open"",""open"":""09:00"",""close"":""22:00""},""wed"":{""kind"":""open"",""open"":""09:00"",""close"":""22:00""},""thu"":{""kind"":""open"",""open"":""09:00"",""close"":""22:00""},""fri"":{""kind"":""open"",""open"":""09:00"",""close"":""23:00""},""sat"":{""kind"":""open"",""open"":""09:00"",""close"":""23:00""},""sun"":{""kind"":""open"",""open"":""09:00"",""close"":""23:00""}}",,,,,,,OPERATIONAL,Coffee store|Coffee store,,true,
ChIJ3_FVRwC3lzMRy4xMtD8sKxQ,Intuit Coffee,"3rd floor, Northeast, 6 Missouri, San Juan City",14.602371,121.0529524,"{""mon"":{""kind"":""open"",""open"":""10:00"",""close"":""19:00""},""tue"":{""kind"":""open"",""open"":""10:00"",""close"":""19:00""},""wed"":{""kind"":""open"",""open"":""10:00"",""close"":""19:00""},""thu"":{""kind"":""open"",""open"":""10:00"",""close"":""19:00""},""fri"":{""kind"":""open"",""open"":""08:00"",""close"":""20:00""},""sat"":{""kind"":""open"",""open"":""08:00"",""close"":""20:00""},""sun"":{""kind"":""open"",""open"":""10:00"",""close"":""19:00""}}",0956 001 0303,,,,,,OPERATIONAL,Coffee shop|Coffee shop,http://intuitcoffee.com/,true,
ChIJg38nST7RlzMRVH2x2Z7W7oM,Izu Koffee,"JEE Village Center, Vatican Drive Corner, Aventine Hills Street, BF Resort Dr, Village, Las Piñas",14.430463,120.98994769999999,"{""mon"":{""kind"":""open"",""open"":""07:30"",""close"":""20:30""},""tue"":{""kind"":""open"",""open"":""07:30"",""close"":""20:30""},""wed"":{""kind"":""open"",""open"":""07:30"",""close"":""20:30""},""thu"":{""kind"":""open"",""open"":""07:30"",""close"":""20:30""},""fri"":{""kind"":""open"",""open"":""07:30"",""close"":""21:00""},""sat"":{""kind"":""open"",""open"":""07:30"",""close"":""21:00""},""sun"":{""kind"":""open"",""open"":""07:30"",""close"":""21:00""}}",0917 109 0157,,,,,,OPERATIONAL,Coffee shop|Coffee shop,https://www.instagram.com/izu.koffee/,true,
ChIJyVIL_VDJlzMRJ-oIGmoGZ8c,Kaldi Coffee Taft,"2195 Taft Ave, Malate, Manila",14.5683426,120.9921437,"{""mon"":{""kind"":""open"",""open"":""14:00"",""close"":""00:00""},""tue"":{""kind"":""open"",""open"":""10:30"",""close"":""02:00""},""wed"":{""kind"":""open"",""open"":""10:30"",""close"":""02:00""},""thu"":{""kind"":""open"",""open"":""10:30"",""close"":""02:00""},""fri"":{""kind"":""open"",""open"":""10:30"",""close"":""02:00""},""sat"":{""kind"":""open"",""open"":""10:30"",""close"":""02:00""},""sun"":{""kind"":""open"",""open"":""10:30"",""close"":""00:00""}}",,,,,,,OPERATIONAL,Coffee shop|Coffee shop,,true,
ChIJCTgtWL2xlzMRfht2YeS2tXs,Kalinaw Coffee Co. - Fairview,"37 Camaro St, Fairview, Quezon City",14.7024482,121.0704578,"{""mon"":{""kind"":""open"",""open"":""07:00"",""close"":""22:30""},""tue"":{""kind"":""open"",""open"":""07:00"",""close"":""22:30""},""wed"":{""kind"":""open"",""open"":""07:00"",""close"":""22:30""},""thu"":{""kind"":""open"",""open"":""07:00"",""close"":""22:30""},""fri"":{""kind"":""open"",""open"":""07:00"",""close"":""22:30""},""sat"":{""kind"":""open"",""open"":""07:00"",""close"":""22:30""},""sun"":{""kind"":""open"",""open"":""07:00"",""close"":""22:30""}}",,,,,,,OPERATIONAL,Coffee shop|Coffee shop,https://www.facebook.com/kalinaw.coffee.fairview,true,
ChIJZxGTAb65lzMRqOws1GOYgR0,Kape Benito Community Cafe,"48 Sparrow, Marikina",14.6321099,121.099852,"{""mon"":{""kind"":""open"",""open"":""12:00"",""close"":""22:00""},""tue"":{""kind"":""open"",""open"":""12:00"",""close"":""22:00""},""wed"":{""kind"":""open"",""open"":""12:00"",""close"":""22:00""},""thu"":{""kind"":""open"",""open"":""12:00"",""close"":""22:00""},""fri"":{""kind"":""open"",""open"":""12:00"",""close"":""22:00""},""sat"":{""kind"":""open"",""open"":""12:00"",""close"":""22:00""},""sun"":{""kind"":""open"",""open"":""12:00"",""close"":""22:00""}}",,,,,,,OPERATIONAL,Cafe|Cafe,,true,
ChIJryfyApXPlzMRaTdONgXr4oE,"Kape Bodega - Multinational, Parañaque","Multinational Village, 2nd floor, Acacia Grove Building, Multiational Ave, cor Judea Ext, Parañaque",14.4879681,121.005489,"{""mon"":{""kind"":""open"",""open"":""08:00"",""close"":""22:00""},""tue"":{""kind"":""open"",""open"":""08:00"",""close"":""22:00""},""wed"":{""kind"":""open"",""open"":""08:00"",""close"":""22:00""},""thu"":{""kind"":""open"",""open"":""08:00"",""close"":""22:00""},""fri"":{""kind"":""open"",""open"":""08:00"",""close"":""22:00""},""sat"":{""kind"":""open"",""open"":""08:00"",""close"":""22:00""},""sun"":{""kind"":""open"",""open"":""08:00"",""close"":""22:00""}}",0991 542 1064,,,,,,OPERATIONAL,Coffee shop|Coffee shop,,true,
ChIJE671TmvPlzMRl2heSNhuqFE,"Kape Bodega - San Isidro, Sucat","SARNER COMPLEX, 8226 Dr Arcadio Santos Ave, Parañaque",14.4727132,121.00462279999999,"{""mon"":{""kind"":""open"",""open"":""09:00"",""close"":""23:00""},""tue"":{""kind"":""open"",""open"":""09:00"",""close"":""23:00""},""wed"":{""kind"":""open"",""open"":""09:00"",""close"":""23:00""},""thu"":{""kind"":""open"",""open"":""09:00"",""close"":""23:00""},""fri"":{""kind"":""open"",""open"":""09:00"",""close"":""23:00""},""sat"":{""kind"":""open"",""open"":""09:00"",""close"":""23:00""},""sun"":{""kind"":""open"",""open"":""09:00"",""close"":""23:00""}}",0992 805 2022,,,,,,OPERATIONAL,Coffee shop|Coffee shop,,true,
ChIJd27wNwPNlzMRAsFjWTyYQx0,"Kape Bodega - Times, Las Pinas","Unit G, Times Commercial Building, Manila Times St, Las Piñas",14.4485535,120.98488739999999,"{""mon"":{""kind"":""open"",""open"":""11:00"",""close"":""21:00""},""tue"":{""kind"":""open"",""open"":""11:00"",""close"":""21:00""},""wed"":{""kind"":""open"",""open"":""11:00"",""close"":""21:00""},""thu"":{""kind"":""open"",""open"":""11:00"",""close"":""21:00""},""fri"":{""kind"":""open"",""open"":""11:00"",""close"":""21:00""},""sat"":{""kind"":""open"",""open"":""11:00"",""close"":""21:00""},""sun"":{""kind"":""open"",""open"":""11:00"",""close"":""21:00""}}",0992 804 3661,,,,,,OPERATIONAL,Coffee shop|Coffee shop,,true,
ChIJH2UORADRlzMRmqh07Hw0K2E,Kape Dayo - Muntinlupa,"21 National Road, Putatan, Muntinlupa",14.4042997,121.0463925,"{""mon"":{""kind"":""open"",""open"":""20:00"",""close"":""03:00""},""tue"":{""kind"":""open"",""open"":""20:00"",""close"":""03:00""},""wed"":{""kind"":""open"",""open"":""08:00"",""close"":""03:00""},""thu"":{""kind"":""open"",""open"":""20:00"",""close"":""03:00""},""fri"":{""kind"":""open"",""open"":""20:00"",""close"":""03:00""},""sat"":{""kind"":""open"",""open"":""20:00"",""close"":""03:00""},""sun"":{""kind"":""open"",""open"":""20:00"",""close"":""03:00""}}",0995 776 5951,,,,,,OPERATIONAL,Coffee shop|Coffee shop,,true,
ChIJlcaZcAC3lzMRGVepaKgw8t0,Kape't Bahay,"Cleanfuel, 8th Street, Epifanio de los Santos Ave, Grace Park East, Caloocan",14.656945499999999,120.9901836,"{""mon"":{""kind"":""open"",""open"":""08:00"",""close"":""01:00""},""tue"":{""kind"":""open"",""open"":""08:00"",""close"":""01:00""},""wed"":{""kind"":""open"",""open"":""08:00"",""close"":""01:00""},""thu"":{""kind"":""open"",""open"":""08:00"",""close"":""01:00""},""fri"":{""kind"":""open"",""open"":""08:00"",""close"":""01:00""},""sat"":{""kind"":""open"",""open"":""08:00"",""close"":""01:00""},""sun"":{""kind"":""open"",""open"":""08:00"",""close"":""01:00""}}",,,,,,,OPERATIONAL,Coffee shop|Coffee shop,,true,
ChIJs2LATADJlzMRzmhuA0mHHhw,Kapehan ni Rome,"2708 F. Ortigas Jr. Rd, Ortigas Center, Pasig",14.5877123,121.06155199999999,,,,,,,,OPERATIONAL,Coffee shop|Coffee shop,,false,missing_hours
ChIJYw4PIPW3lzMR1cePM7SOveU,Karden Cafe,"81 15th Ave, Cubao, Quezon City",14.6171402,121.060778,"{""mon"":{""kind"":""open"",""open"":""13:00"",""close"":""02:00""},""tue"":{""kind"":""open"",""open"":""13:00"",""close"":""02:00""},""wed"":{""kind"":""open"",""open"":""13:00"",""close"":""02:00""},""thu"":{""kind"":""open"",""open"":""13:00"",""close"":""02:00""},""fri"":{""kind"":""open"",""open"":""13:00"",""close"":""02:00""},""sat"":{""kind"":""open"",""open"":""13:00"",""close"":""02:00""},""sun"":{""kind"":""open"",""open"":""13:00"",""close"":""02:00""}}",0999 957 5339,,,,,,OPERATIONAL,Cafe|Cafe,,true,
ChIJAVbO_5PRlzMRZrQcz5lDPNI,Karrera Bistro,"360 Corporate Woods Ave, Alabang, Muntinlupa",14.411314599999999,121.0387253,"{""mon"":{""kind"":""open"",""open"":""09:00"",""close"":""21:00""},""tue"":{""kind"":""open"",""open"":""09:00"",""close"":""21:00""},""wed"":{""kind"":""open"",""open"":""09:00"",""close"":""21:00""},""thu"":{""kind"":""open"",""open"":""09:00"",""close"":""21:00""},""fri"":{""kind"":""open"",""open"":""09:00"",""close"":""23:00""},""sat"":{""kind"":""open"",""open"":""07:00"",""close"":""22:00""},""sun"":{""kind"":""open"",""open"":""09:00"",""close"":""21:00""}}",,,,,,,OPERATIONAL,Coffee shop|Coffee shop|Auto market|Cafe|Heritage museum,https://www.facebook.com/karrera,true,
ChIJ8a7MZP3RlzMR_iBVZ0vtE-I,"Kau'i Coffee - Alabang, Muntinlupa","374 National Road, Alabang, Muntinlupa",14.4159218,121.0457941,"{""mon"":{""kind"":""open"",""open"":""15:00"",""close"":""04:00""},""tue"":{""kind"":""open"",""open"":""15:00"",""close"":""04:00""},""wed"":{""kind"":""open"",""open"":""15:00"",""close"":""04:00""},""thu"":{""kind"":""open"",""open"":""15:00"",""close"":""04:00""},""fri"":{""kind"":""open"",""open"":""15:00"",""close"":""04:00""},""sat"":{""kind"":""open"",""open"":""15:00"",""close"":""04:00""},""sun"":{""kind"":""open"",""open"":""15:00"",""close"":""04:00""}}",,,,,,,OPERATIONAL,Coffee shop|Coffee shop,https://www.instagram.com/kaui.co.alabang,true,
ChIJHUK6sEfJlzMRU80-FQBgQkg,Key Coffee Kissaten — BGC,"G/F MITSUKOSHI BGC, 8th Ave, Corner 36th St, Taguig",14.557679199999999,121.0525581,"{""mon"":{""kind"":""open"",""open"":""07:00"",""close"":""22:00""},""tue"":{""kind"":""open"",""open"":""07:00"",""close"":""22:00""},""wed"":{""kind"":""open"",""open"":""07:00"",""close"":""22:00""},""thu"":{""kind"":""open"",""open"":""07:00"",""close"":""22:00""},""fri"":{""kind"":""open"",""open"":""07:00"",""close"":""22:00""},""sat"":{""kind"":""open"",""open"":""07:00"",""close"":""22:00""},""sun"":{""kind"":""open"",""open"":""07:00"",""close"":""22:00""}}",0947 739 4347,,,,,,OPERATIONAL,Restaurant|Restaurant|Bar|Coffee shop,http://www.keycoffeeph.com/,true,
ChIJO6D5hYy3lzMRENz0e8Fu_Mg,Kopi Roti,"J3CF+66F, Katipunan Ave, Blue Ridge A, Project 4, Quezon City",14.6205556,121.07305559999999,"{""mon"":{""kind"":""open"",""open"":""07:00"",""close"":""00:00""},""tue"":{""kind"":""open"",""open"":""07:00"",""close"":""00:00""},""wed"":{""kind"":""open"",""open"":""07:00"",""close"":""00:00""},""thu"":{""kind"":""open"",""open"":""07:00"",""close"":""00:00""},""fri"":{""kind"":""open"",""open"":""07:00"",""close"":""00:00""},""sat"":{""kind"":""open"",""open"":""07:00"",""close"":""00:00""},""sun"":{""kind"":""open"",""open"":""07:00"",""close"":""00:00""}}",,,,,,,OPERATIONAL,Coffee shop|Coffee shop,,true,
ChIJlzpjcgCvlzMRk8D_4KxjHhs,Kopivibe Bistro -Bagong Silang,"blk 30 lot 2, Phase 5a, package 1, Barangay 176, Caloocan",14.772206599999999,121.05610639999999,"{""mon"":{""kind"":""all_day""},""tue"":{""kind"":""all_day""},""wed"":{""kind"":""all_day""},""thu"":{""kind"":""all_day""},""fri"":{""kind"":""all_day""},""sat"":{""kind"":""all_day""},""sun"":{""kind"":""all_day""}}",,,,,,,OPERATIONAL,Coffee shop|Coffee shop,,true,
ChIJGRXZCXO3lzMR-ShxIPKB6b8,Kouvee Cafe + Studio,"Edificio Enriqueta Bldg, 422 N.S. Amoranto Sr. St, Maharlika, Santa Mesa Heights, Quezon City",14.6312406,120.99870829999999,"{""mon"":{""kind"":""open"",""open"":""07:00"",""close"":""01:00""},""tue"":{""kind"":""open"",""open"":""07:00"",""close"":""01:00""},""wed"":{""kind"":""open"",""open"":""07:00"",""close"":""01:00""},""thu"":{""kind"":""open"",""open"":""07:00"",""close"":""01:00""},""fri"":{""kind"":""open"",""open"":""07:00"",""close"":""01:00""},""sat"":{""kind"":""open"",""open"":""07:00"",""close"":""01:00""},""sun"":{""kind"":""open"",""open"":""07:00"",""close"":""01:00""}}",,,,,,,OPERATIONAL,Coffee shop|Coffee shop,https://www.facebook.com/kouveecafe/,true,
ChIJq0sAdADJlzMR0WqF2cWJjzI,Kurasu Makati,"The Palisades, Makati City",14.5545148,121.0214223,"{""mon"":{""kind"":""open"",""open"":""07:00"",""close"":""20:00""},""tue"":{""kind"":""open"",""open"":""07:00"",""close"":""20:00""},""wed"":{""kind"":""open"",""open"":""07:00"",""close"":""20:00""},""thu"":{""kind"":""open"",""open"":""07:00"",""close"":""20:00""},""fri"":{""kind"":""open"",""open"":""07:00"",""close"":""20:00""},""sat"":{""kind"":""open"",""open"":""07:00"",""close"":""20:00""},""sun"":{""kind"":""open"",""open"":""07:00"",""close"":""20:00""}}",,,,,,,OPERATIONAL,Coffee shop|Coffee shop,,true,
ChIJVdTzVb-3lzMRFJIaj5YEZd8,Kuro - Saint Ignatius,"146, 1110 Katipunan Ave, Quezon City",14.612690599999999,121.0706589,"{""mon"":{""kind"":""closed""},""tue"":{""kind"":""open"",""open"":""08:00"",""close"":""18:00""},""wed"":{""kind"":""open"",""open"":""08:00"",""close"":""18:00""},""thu"":{""kind"":""open"",""open"":""08:00"",""close"":""18:00""},""fri"":{""kind"":""open"",""open"":""08:00"",""close"":""18:00""},""sat"":{""kind"":""open"",""open"":""07:30"",""close"":""17:00""},""sun"":{""kind"":""open"",""open"":""07:30"",""close"":""17:00""}}",,,,,,,OPERATIONAL,Coffee shop|Coffee shop,,true,
ChIJu5uTdwDPlzMRm0d3uFJRcC0,La Casa Cafe Bistro - CAA Las Pinas,"FX5V+3R7, CAA Rd, Las Piñas",14.4576666,120.99454089999999,"{""mon"":{""kind"":""open"",""open"":""11:00"",""close"":""20:00""},""tue"":{""kind"":""open"",""open"":""11:00"",""close"":""20:00""},""wed"":{""kind"":""open"",""open"":""11:00"",""close"":""20:00""},""thu"":{""kind"":""open"",""open"":""11:00"",""close"":""20:00""},""fri"":{""kind"":""open"",""open"":""11:00"",""close"":""21:30""},""sat"":{""kind"":""open"",""open"":""11:00"",""close"":""22:00""},""sun"":{""kind"":""closed""}}",0961 864 0535,,,,,,OPERATIONAL,Coffee shop|Coffee shop,https://www.facebook.com/share/1ECPGRE8mm/,true,
ChIJi91TTjvJlzMRXkvgISCi4cc,Latitude Bean+Bar,"1851 Pilar Hidalgo Lim, Malate, Manila",14.572277,120.9893757,"{""mon"":{""kind"":""open"",""open"":""08:00"",""close"":""23:00""},""tue"":{""kind"":""open"",""open"":""08:00"",""close"":""23:00""},""wed"":{""kind"":""open"",""open"":""08:00"",""close"":""23:00""},""thu"":{""kind"":""open"",""open"":""08:00"",""close"":""23:00""},""fri"":{""kind"":""open"",""open"":""08:00"",""close"":""00:00""},""sat"":{""kind"":""open"",""open"":""08:00"",""close"":""00:00""},""sun"":{""kind"":""open"",""open"":""08:00"",""close"":""23:00""}}",0967 221 5545,,,,,,OPERATIONAL,Coffee shop|Coffee shop|Cafe|Cocktail bar,https://www.facebook.com/latitudebeanbar/,true,
ChIJX16AUW7PlzMRpUnn3mPrrDY,Lazy Brew,"4968 Col.E.L.De Leon, Parañaque",14.5038453,120.9962092,"{""mon"":{""kind"":""open"",""open"":""14:00"",""close"":""22:00""},""tue"":{""kind"":""open"",""open"":""14:00"",""close"":""22:00""},""wed"":{""kind"":""open"",""open"":""14:00"",""close"":""22:00""},""thu"":{""kind"":""open"",""open"":""14:00"",""close"":""22:00""},""fri"":{""kind"":""open"",""open"":""14:00"",""close"":""22:00""},""sat"":{""kind"":""open"",""open"":""14:00"",""close"":""22:00""},""sun"":{""kind"":""open"",""open"":""14:00"",""close"":""22:00""}}",0906 287 6681,,,,,,OPERATIONAL,Coffee shop|Coffee shop,,true,
ChIJ3ZihYnW5lzMRDyohqfZakUQ,Lermo Café,"75 Bantayog, Concepcion Uno, Marikina",14.6568838,121.1045264,"{""mon"":{""kind"":""open"",""open"":""17:00"",""close"":""00:00""},""tue"":{""kind"":""open"",""open"":""17:00"",""close"":""00:00""},""wed"":{""kind"":""open"",""open"":""17:00"",""close"":""00:00""},""thu"":{""kind"":""open"",""open"":""17:00"",""close"":""00:00""},""fri"":{""kind"":""open"",""open"":""17:00"",""close"":""00:00""},""sat"":{""kind"":""open"",""open"":""17:00"",""close"":""00:00""},""sun"":{""kind"":""open"",""open"":""17:00"",""close"":""00:00""}}",0976 301 9830,,,,,,OPERATIONAL,Coffee shop|Coffee shop,https://www.facebook.com/profile.php?id=61577954987829,true,
ChIJi2Fn82exlzMRktIwfhw5BBw,Let's Meet Cafe,"Lot 4, Block 5 Quirino Hwy, Barangay 179, Caloocan",14.7444037,121.0777,"{""mon"":{""kind"":""open"",""open"":""10:00"",""close"":""00:00""},""tue"":{""kind"":""open"",""open"":""10:00"",""close"":""00:00""},""wed"":{""kind"":""open"",""open"":""10:00"",""close"":""00:00""},""thu"":{""kind"":""open"",""open"":""10:00"",""close"":""00:00""},""fri"":{""kind"":""open"",""open"":""10:00"",""close"":""02:00""},""sat"":{""kind"":""open"",""open"":""10:00"",""close"":""02:00""},""sun"":{""kind"":""open"",""open"":""10:00"",""close"":""02:00""}}",,,,,,,OPERATIONAL,Coffee shop|Coffee shop,https://www.facebook.com/letsmeetcafeph,true,
ChIJFePRdwDJlzMRCloiqhIORow,Let's Talk Coffee,"The C-Square Center Building #51 Gen. A. Luna St, Corner Camia, Taguig",14.5337357,121.0684958,"{""mon"":{""kind"":""open"",""open"":""12:00"",""close"":""00:00""},""tue"":{""kind"":""open"",""open"":""12:00"",""close"":""00:00""},""wed"":{""kind"":""open"",""open"":""12:00"",""close"":""00:00""},""thu"":{""kind"":""open"",""open"":""12:00"",""close"":""00:00""},""fri"":{""kind"":""open"",""open"":""12:00"",""close"":""00:00""},""sat"":{""kind"":""open"",""open"":""12:00"",""close"":""00:00""},""sun"":{""kind"":""open"",""open"":""12:00"",""close"":""00:00""}}",0956 851 4964,,,,,,OPERATIONAL,Coffee shop|Coffee shop,,true,
ChIJW6WgcwDJlzMR8p6DdsI-yt4,Limitless Coffee & Co,"G/F Unit 116-A, AIC Burgundy Empire Tower, Ortigas Center, Pasig",14.589966599999999,121.06100289999999,"{""mon"":{""kind"":""open"",""open"":""06:00"",""close"":""00:00""},""tue"":{""kind"":""open"",""open"":""06:00"",""close"":""00:00""},""wed"":{""kind"":""open"",""open"":""06:00"",""close"":""00:00""},""thu"":{""kind"":""open"",""open"":""06:00"",""close"":""00:00""},""fri"":{""kind"":""open"",""open"":""06:00"",""close"":""00:00""},""sat"":{""kind"":""open"",""open"":""06:00"",""close"":""00:00""},""sun"":{""kind"":""closed""}}",,,,,,,OPERATIONAL,Coffee shop|Coffee shop,https://www.limitlesscoffeeandco.com/,true,
ChIJtfPgGDXJlzMRbUBZtgYEq0k,Little Farmers Coffee Robinsons Galleria Ortigas,"Basement 1, Robinsons Galleria, Ortigas Ave, Ortigas Center, Quezon City",14.591050599999999,121.05983789999999,,0998 244 5100,,,,,,OPERATIONAL,Coffee shop|Coffee shop,,false,missing_hours
ChIJA6O2IKW5lzMRRoDlzFWqi6E,Little Farmers Coffee- Eastwood,"Techno Plaza 2, 1800 Orchard Rd, Bagumbayan, Quezon City",14.6106397,121.0808929,"{""mon"":{""kind"":""open"",""open"":""10:00"",""close"":""21:00""},""tue"":{""kind"":""open"",""open"":""10:00"",""close"":""21:00""},""wed"":{""kind"":""open"",""open"":""10:00"",""close"":""21:00""},""thu"":{""kind"":""open"",""open"":""10:00"",""close"":""21:00""},""fri"":{""kind"":""open"",""open"":""10:00"",""close"":""21:00""},""sat"":{""kind"":""open"",""open"":""10:00"",""close"":""21:00""},""sun"":{""kind"":""open"",""open"":""10:00"",""close"":""21:00""}}",,,,,,,OPERATIONAL,Coffee store|Coffee store,,true,
ChIJpUYOL7rLlzMRpGCc0SGmMZI,Living Room Cafe,"8 Quintin Paredes, Binondo, Manila",14.597403,120.9765158,"{""mon"":{""kind"":""open"",""open"":""10:00"",""close"":""20:00""},""tue"":{""kind"":""open"",""open"":""10:00"",""close"":""20:00""},""wed"":{""kind"":""open"",""open"":""10:00"",""close"":""20:00""},""thu"":{""kind"":""open"",""open"":""10:00"",""close"":""20:00""},""fri"":{""kind"":""open"",""open"":""10:00"",""close"":""21:00""},""sat"":{""kind"":""open"",""open"":""10:00"",""close"":""21:00""},""sun"":{""kind"":""open"",""open"":""10:00"",""close"":""21:00""}}",,,,,,,OPERATIONAL,Coffee shop|Coffee shop,,true,
ChIJKftkUKu5lzMRARprNo1vEJs,Localhost Coffee & Co.,"18 A. Guisama St, Marikina",14.6488193,121.1043445,,0977 375 1518,,,,,,OPERATIONAL,Coffee shop|Coffee shop,https://linktr.ee/localhostcoffee,false,missing_hours
ChIJ1b-ucgDJlzMRgIGGeWs8ijs,LOOP Kapitolyo,"3 San Rafael St, Pasig",14.5735341,121.06188379999999,"{""mon"":{""kind"":""open"",""open"":""08:00"",""close"":""19:00""},""tue"":{""kind"":""open"",""open"":""08:00"",""close"":""19:00""},""wed"":{""kind"":""open"",""open"":""08:00"",""close"":""19:00""},""thu"":{""kind"":""open"",""open"":""08:00"",""close"":""19:00""},""fri"":{""kind"":""open"",""open"":""08:00"",""close"":""19:00""},""sat"":{""kind"":""open"",""open"":""07:00"",""close"":""19:00""},""sun"":{""kind"":""open"",""open"":""07:00"",""close"":""19:00""}}",,,,,,,OPERATIONAL,Cafe|Cafe,https://www.instagram.com/loop_kapitolyo,true,
ChIJQebkEeTJlzMRto93CMa3z9U,LT&C COFFEE SHOP,"789 J. P. Rizal St, Makati City",14.5690183,121.0262023,"{""mon"":{""kind"":""all_day""},""tue"":{""kind"":""all_day""},""wed"":{""kind"":""all_day""},""thu"":{""kind"":""all_day""},""fri"":{""kind"":""all_day""},""sat"":{""kind"":""all_day""},""sun"":{""kind"":""all_day""}}",0956 351 0052,,,,,,OPERATIONAL,Coffee shop|Coffee shop,https://www.facebook.com/share/18RcoKjpYh/,true,
ChIJoRmvCQDJlzMRhAMtyHaqwPA,Mabuhay Craft Coffee San Juan,"193 A. Mabini, San Juan City",14.595786299999999,121.0395975,"{""mon"":{""kind"":""all_day""},""tue"":{""kind"":""all_day""},""wed"":{""kind"":""all_day""},""thu"":{""kind"":""all_day""},""fri"":{""kind"":""all_day""},""sat"":{""kind"":""all_day""},""sun"":{""kind"":""all_day""}}",,,,,,,OPERATIONAL,Coffee shop|Coffee shop,https://www.instagram.com/mabuhaycraftcoffee,true,
ChIJcQnPQQDJlzMR5fFVbBB5QR4,MAD Monkey Cafe,"5665 Don Pedro Street, Cor Alfonso, Makati City",14.5635236,121.0313652,"{""mon"":{""kind"":""all_day""},""tue"":{""kind"":""all_day""},""wed"":{""kind"":""all_day""},""thu"":{""kind"":""all_day""},""fri"":{""kind"":""all_day""},""sat"":{""kind"":""all_day""},""sun"":{""kind"":""all_day""}}",,,,,,,OPERATIONAL,Coffee shop|Coffee shop,,true,
ChIJl5ABEwDHlzMRmKmLyN6OP5Y,MADBREWS PASIG,"1279 Sandoval Ave, Pasig",14.564299799999999,121.09379999999999,"{""mon"":{""kind"":""open"",""open"":""10:00"",""close"":""03:00""},""tue"":{""kind"":""open"",""open"":""10:00"",""close"":""03:00""},""wed"":{""kind"":""open"",""open"":""10:00"",""close"":""03:00""},""thu"":{""kind"":""open"",""open"":""10:00"",""close"":""03:00""},""fri"":{""kind"":""open"",""open"":""10:00"",""close"":""03:00""},""sat"":{""kind"":""open"",""open"":""09:00"",""close"":""00:00""},""sun"":{""kind"":""open"",""open"":""09:00"",""close"":""00:00""}}",,,,,,,OPERATIONAL,Coffee shop|Coffee shop,,true,
ChIJJU51tOKxlzMRN-YOBVRRdnY,Maghapon Cafe,"Villa Angelica Subdivision, 819, Caloocan",14.750042899999999,121.0380893,,,,,,,,OPERATIONAL,Coffee shop|Coffee shop,,false,unsupported_hours
ChIJCUR8AIy5lzMRzyDelj-nuw8,mags cafe,"1606 Magsaysay, Manggahan, Pasig",14.6031087,121.09755709999999,"{""mon"":{""kind"":""open"",""open"":""12:00"",""close"":""00:00""},""tue"":{""kind"":""open"",""open"":""12:00"",""close"":""00:00""},""wed"":{""kind"":""open"",""open"":""12:00"",""close"":""00:00""},""thu"":{""kind"":""open"",""open"":""12:00"",""close"":""00:00""},""fri"":{""kind"":""open"",""open"":""12:00"",""close"":""00:00""},""sat"":{""kind"":""open"",""open"":""12:00"",""close"":""00:00""},""sun"":{""kind"":""open"",""open"":""12:00"",""close"":""00:00""}}",,,,,,,OPERATIONAL,Coffee shop|Coffee shop,,true,
ChIJGUgAhx3JlzMROmXJ0Qrwv4U,MANILA CAFE BISTRO,"Anie's Place, 1015 Padre Noval St, Sampaloc, Manila",14.6079232,120.98815889999999,"{""mon"":{""kind"":""open"",""open"":""10:00"",""close"":""00:00""},""tue"":{""kind"":""open"",""open"":""10:00"",""close"":""00:00""},""wed"":{""kind"":""open"",""open"":""10:00"",""close"":""00:00""},""thu"":{""kind"":""open"",""open"":""10:00"",""close"":""00:00""},""fri"":{""kind"":""open"",""open"":""10:00"",""close"":""01:00""},""sat"":{""kind"":""open"",""open"":""10:00"",""close"":""01:00""},""sun"":{""kind"":""open"",""open"":""10:00"",""close"":""01:00""}}",,,,,,,OPERATIONAL,Coffee shop|Coffee shop,http://www.manilacafe.ph/,true,
ChIJjSITCgC3lzMRc00V2NT0g10,Masida Coffee,"Lacson Ave, Sampaloc, Manila",14.610253199999999,120.992621,"{""mon"":{""kind"":""open"",""open"":""10:00"",""close"":""02:00""},""tue"":{""kind"":""open"",""open"":""10:00"",""close"":""02:00""},""wed"":{""kind"":""open"",""open"":""10:00"",""close"":""02:00""},""thu"":{""kind"":""open"",""open"":""10:00"",""close"":""02:00""},""fri"":{""kind"":""open"",""open"":""10:00"",""close"":""02:00""},""sat"":{""kind"":""open"",""open"":""10:00"",""close"":""02:00""},""sun"":{""kind"":""open"",""open"":""10:00"",""close"":""02:00""}}",0930 707 2479,,,,,,OPERATIONAL,Coffee shop|Coffee shop,https://www.instagram.com/masida_ph?igshid=OGQ5ZDc2ODk2ZA==,true,
ChIJBe1QaJDLlzMRNSHAocIkRLQ,Millibean Cafe + Roastery,"1108 A. Mabini St, Ermita, Manila",14.579610899999999,120.98059339999999,"{""mon"":{""kind"":""open"",""open"":""08:00"",""close"":""21:00""},""tue"":{""kind"":""open"",""open"":""08:00"",""close"":""21:00""},""wed"":{""kind"":""open"",""open"":""08:00"",""close"":""21:00""},""thu"":{""kind"":""open"",""open"":""08:00"",""close"":""21:00""},""fri"":{""kind"":""open"",""open"":""08:00"",""close"":""21:00""},""sat"":{""kind"":""open"",""open"":""08:00"",""close"":""21:00""},""sun"":{""kind"":""open"",""open"":""08:00"",""close"":""21:00""}}",0917 187 2424,,,,,,OPERATIONAL,Coffee shop|Coffee shop,https://www.instagram.com/millibeancafe,true,
ChIJDXTxEgDJlzMR64IleXu7-4w,Miokins Coffee Ortigas,"Raffles Corporate Center Building, F. Ortigas Jr. Rd, Ortigas Center, Pasig",14.5863342,121.0620793,,,,,,,,OPERATIONAL,Coffee shop|Coffee shop,,false,missing_hours
ChIJEd87Mkm3lzMRubxCqZ33nDs,Molly's Coffee,"74 4th St, Mariana, Quezon City",14.613242399999999,121.0292321,"{""mon"":{""kind"":""open"",""open"":""07:00"",""close"":""22:00""},""tue"":{""kind"":""open"",""open"":""07:00"",""close"":""22:00""},""wed"":{""kind"":""open"",""open"":""07:00"",""close"":""22:00""},""thu"":{""kind"":""open"",""open"":""07:00"",""close"":""22:00""},""fri"":{""kind"":""open"",""open"":""07:00"",""close"":""22:00""},""sat"":{""kind"":""open"",""open"":""07:00"",""close"":""22:00""},""sun"":{""kind"":""open"",""open"":""07:00"",""close"":""22:00""}}",0976 165 4632,,,,,,OPERATIONAL,Coffee shop|Coffee shop,,true,
ChIJ-Xi0a17JlzMRZsDMLBrTjvM,MOMENT COFFEE,"MOMENT COFFEE, 6762 Ayala Ave, Makati City",14.5558892,121.0220804,"{""mon"":{""kind"":""open"",""open"":""06:00"",""close"":""20:30""},""tue"":{""kind"":""open"",""open"":""06:00"",""close"":""20:30""},""wed"":{""kind"":""open"",""open"":""06:00"",""close"":""20:30""},""thu"":{""kind"":""open"",""open"":""06:00"",""close"":""20:30""},""fri"":{""kind"":""open"",""open"":""06:00"",""close"":""20:30""},""sat"":{""kind"":""open"",""open"":""08:00"",""close"":""19:00""},""sun"":{""kind"":""open"",""open"":""06:00"",""close"":""19:00""}}",0917 126 1822,,,,,,OPERATIONAL,Coffee shop|Coffee shop,https://momentcoffee.ph/,true,
ChIJB6sYDQnNlzMRR7R4DlSugj0,Momento Coffee Bar,"123 Diego Cera Ave, Las Piñas",14.4813584,120.9821367,"{""mon"":{""kind"":""open"",""open"":""10:30"",""close"":""20:30""},""tue"":{""kind"":""open"",""open"":""10:30"",""close"":""20:30""},""wed"":{""kind"":""open"",""open"":""10:30"",""close"":""20:30""},""thu"":{""kind"":""open"",""open"":""10:30"",""close"":""20:30""},""fri"":{""kind"":""open"",""open"":""10:30"",""close"":""20:30""},""sat"":{""kind"":""open"",""open"":""12:00"",""close"":""20:30""},""sun"":{""kind"":""open"",""open"":""12:00"",""close"":""20:30""}}",,,,,,,OPERATIONAL,Coffee shop|Coffee shop,http://www.facebook.com/MomentoCoffeeBar,true,
ChIJWwh2L5e5lzMRqkS88JuDqn8,Mumo Crumbs and Coffee,"Lilac St, Marikina",14.6427488,121.12205469999999,"{""mon"":{""kind"":""open"",""open"":""10:00"",""close"":""04:00""},""tue"":{""kind"":""open"",""open"":""10:00"",""close"":""04:00""},""wed"":{""kind"":""open"",""open"":""10:00"",""close"":""04:00""},""thu"":{""kind"":""open"",""open"":""10:00"",""close"":""04:00""},""fri"":{""kind"":""open"",""open"":""10:00"",""close"":""04:00""},""sat"":{""kind"":""open"",""open"":""10:00"",""close"":""04:00""},""sun"":{""kind"":""open"",""open"":""10:00"",""close"":""04:00""}}",0961 847 2936,,,,,,OPERATIONAL,Pastry shop|Pastry shop|Coffee shop,,true,
ChIJVVPtOQC1lzMRQ4nCZcskM74,Near Coffee - Neighborhood Cafè,"123 A. Del Mundo St., Grace Park West, Caloocan",14.652478599999998,120.9827136,,,,,,,,OPERATIONAL,Coffee shop|Coffee shop,,false,missing_hours
ChIJcRveHNHJlzMRk7WsMkvZncI,NÉBO CAFÉ,"St. Patrick's Square, Highway Hills, Mandaluyong City",14.585605,121.0482243,"{""mon"":{""kind"":""open"",""open"":""10:00"",""close"":""00:00""},""tue"":{""kind"":""open"",""open"":""10:00"",""close"":""00:00""},""wed"":{""kind"":""open"",""open"":""10:00"",""close"":""00:00""},""thu"":{""kind"":""open"",""open"":""10:00"",""close"":""00:00""},""fri"":{""kind"":""open"",""open"":""10:00"",""close"":""00:00""},""sat"":{""kind"":""open"",""open"":""10:00"",""close"":""00:00""},""sun"":{""kind"":""open"",""open"":""10:00"",""close"":""00:00""}}",0924 104 2763,,,,,,OPERATIONAL,Coffee shop|Coffee shop,https://www.nebocafe.com/,true,
ChIJry7b5iTJlzMRJBZ5kBuVp5w,Nihon Cafe - Concept,"452 Sampaguita Street, corner J. P. Rizal St, Makati City",14.571479,121.0177325,"{""mon"":{""kind"":""all_day""},""tue"":{""kind"":""all_day""},""wed"":{""kind"":""all_day""},""thu"":{""kind"":""all_day""},""fri"":{""kind"":""all_day""},""sat"":{""kind"":""all_day""},""sun"":{""kind"":""all_day""}}",0945 399 7068,,,,,,OPERATIONAL,Cafe|Cafe,,true,
ChIJn1YL_qXJlzMR8HMAUmEIbTU,Nihon Cafe - Shaw,"1550 Shaw Blvd, Mandaluyong City",14.590879,121.03260709999999,"{""mon"":{""kind"":""all_day""},""tue"":{""kind"":""all_day""},""wed"":{""kind"":""all_day""},""thu"":{""kind"":""all_day""},""fri"":{""kind"":""all_day""},""sat"":{""kind"":""all_day""},""sun"":{""kind"":""all_day""}}",,,,,,,OPERATIONAL,Coffee shop|Coffee shop,,true,
ChIJ30RQEgfJlzMRnujaZOPAucE,Nihon Cafe Bel Air,"78 Estrella, Brgy, Makati City",14.560423199999999,121.040076,"{""mon"":{""kind"":""all_day""},""tue"":{""kind"":""all_day""},""wed"":{""kind"":""all_day""},""thu"":{""kind"":""all_day""},""fri"":{""kind"":""all_day""},""sat"":{""kind"":""all_day""},""sun"":{""kind"":""all_day""}}",0995 447 1107,,,,,,OPERATIONAL,Coffee shop|Coffee shop,https://instagram.com/nihoncafe2021?igshid=YmMyMTA2M2Y=,true,
ChIJPf9a5wDJlzMRkQu_CqbATgU,Nihon Cafe Metropolitan,"1129 Metropolitan Ave, San Antonio, Makati City",14.566447799999999,121.0130327,"{""mon"":{""kind"":""all_day""},""tue"":{""kind"":""all_day""},""wed"":{""kind"":""all_day""},""thu"":{""kind"":""all_day""},""fri"":{""kind"":""all_day""},""sat"":{""kind"":""all_day""},""sun"":{""kind"":""all_day""}}",0963 063 4192,,,,,,OPERATIONAL,Cafe|Cafe,,true,
ChIJfYs3MWPRlzMRBG48-8EEcPY,Niseko Coffee Alabang Town Center,"1159, Center, Entertainment Cinema Complex, Theater Dr, Alabang, Muntinlupa",14.4234808,121.0310411,"{""mon"":{""kind"":""open"",""open"":""09:30"",""close"":""21:00""},""tue"":{""kind"":""open"",""open"":""09:30"",""close"":""21:00""},""wed"":{""kind"":""open"",""open"":""09:30"",""close"":""21:00""},""thu"":{""kind"":""open"",""open"":""09:30"",""close"":""21:00""},""fri"":{""kind"":""open"",""open"":""09:30"",""close"":""21:00""},""sat"":{""kind"":""open"",""open"":""09:30"",""close"":""21:00""},""sun"":{""kind"":""open"",""open"":""09:30"",""close"":""21:00""}}",0967 033 0618,,,,,,OPERATIONAL,Coffee shop|Coffee shop,https://nisekocoffee.pickup.ph/alabang,true,
ChIJ4xK5lCi5lzMRz7MrNFqSSuk,Nitro 7 Coffee & Tea Bar - Eastwood,"Eastwood CityWalk1, G/F Central Plaza, Eastwood City, Bagumbayan, Quezon City",14.6092584,121.08049299999999,"{""mon"":{""kind"":""all_day""},""tue"":{""kind"":""all_day""},""wed"":{""kind"":""all_day""},""thu"":{""kind"":""all_day""},""fri"":{""kind"":""all_day""},""sat"":{""kind"":""all_day""},""sun"":{""kind"":""all_day""}}",,,,,,,OPERATIONAL,Cafe|Cafe,https://www.facebook.com/nitro7.coffee/,true,
ChIJnW3VNTy3lzMRBHXOTo9-7jU,NoDoze Coffee Lounge,"YDG Building, 219 Katipunan Ave, Project 4, Quezon City",14.6199284,121.0722941,"{""mon"":{""kind"":""open"",""open"":""11:00"",""close"":""19:00""},""tue"":{""kind"":""open"",""open"":""11:00"",""close"":""19:00""},""wed"":{""kind"":""open"",""open"":""11:00"",""close"":""19:00""},""thu"":{""kind"":""open"",""open"":""11:00"",""close"":""19:00""},""fri"":{""kind"":""open"",""open"":""11:00"",""close"":""19:00""},""sat"":{""kind"":""open"",""open"":""11:00"",""close"":""19:00""},""sun"":{""kind"":""closed""}}",0976 391 4886,,,,,,OPERATIONAL,Cafe|Cafe|Bar,https://www.instagram.com/nodoze.coffeelounge/,true,
ChIJCyVeAgDJlzMRzh3ReNe9XZI,Nozomi Cafe,"86 Daffodil, Taguig",14.537361299999999,121.0607082,"{""mon"":{""kind"":""open"",""open"":""15:00"",""close"":""02:00""},""tue"":{""kind"":""open"",""open"":""15:00"",""close"":""02:00""},""wed"":{""kind"":""open"",""open"":""15:00"",""close"":""02:00""},""thu"":{""kind"":""open"",""open"":""15:00"",""close"":""02:00""},""fri"":{""kind"":""open"",""open"":""15:00"",""close"":""02:00""},""sat"":{""kind"":""open"",""open"":""15:00"",""close"":""02:00""},""sun"":{""kind"":""open"",""open"":""15:00"",""close"":""02:00""}}",,,,,,,OPERATIONAL,Coffee shop|Coffee shop,,true,
ChIJY4BaOD_JlzMR3QU4P12DXPc,Odd Cafe | Ortigas,"2nd flr, The Crescent Condominium, 29 San Miguel Ave, Ortigas Center, Pasig",14.580822099999999,121.05971179999999,"{""mon"":{""kind"":""open"",""open"":""08:00"",""close"":""23:00""},""tue"":{""kind"":""open"",""open"":""08:00"",""close"":""23:00""},""wed"":{""kind"":""open"",""open"":""08:00"",""close"":""23:00""},""thu"":{""kind"":""open"",""open"":""08:00"",""close"":""23:00""},""fri"":{""kind"":""open"",""open"":""08:00"",""close"":""23:00""},""sat"":{""kind"":""open"",""open"":""08:00"",""close"":""23:00""},""sun"":{""kind"":""open"",""open"":""08:00"",""close"":""23:00""}}",,,,,,,OPERATIONAL,Coffee shop|Coffee shop|Cafe|Event venue,https://heylink.me/OddCafe/,true,
ChIJk-vJJqPJlzMRd7vNZ4Gtcno,Odd Cafe | Salcedo,"Salcedo Village, 7th floor Finman Centre Building 131 Tordesillas, cor Bautista, Makati City",14.561012499999999,121.0243855,"{""mon"":{""kind"":""open"",""open"":""08:00"",""close"":""23:00""},""tue"":{""kind"":""open"",""open"":""08:00"",""close"":""23:00""},""wed"":{""kind"":""open"",""open"":""08:00"",""close"":""23:00""},""thu"":{""kind"":""open"",""open"":""08:00"",""close"":""23:00""},""fri"":{""kind"":""open"",""open"":""08:00"",""close"":""23:00""},""sat"":{""kind"":""open"",""open"":""08:00"",""close"":""23:00""},""sun"":{""kind"":""open"",""open"":""08:00"",""close"":""23:00""}}",,,,,,,OPERATIONAL,Coffee shop|Coffee shop|Cafe|Event venue|Photography studio|Vegan restaurant,,true,
ChIJ_Z55YQC5lzMRYG7LqA9vsDU,Old Habit Cafe,"15 West Dr, Marikina",14.652342099999998,121.11587519999999,"{""mon"":{""kind"":""open"",""open"":""09:30"",""close"":""01:00""},""tue"":{""kind"":""open"",""open"":""17:30"",""close"":""01:00""},""wed"":{""kind"":""open"",""open"":""09:30"",""close"":""01:00""},""thu"":{""kind"":""open"",""open"":""09:30"",""close"":""01:00""},""fri"":{""kind"":""open"",""open"":""09:30"",""close"":""01:00""},""sat"":{""kind"":""open"",""open"":""09:30"",""close"":""01:00""},""sun"":{""kind"":""open"",""open"":""09:30"",""close"":""01:00""}}",,,,,,,OPERATIONAL,Coffee shop|Coffee shop,https://www.facebook.com/oldhabitcafe,true,
ChIJ8UHCTwDJlzMRLhCcI1DZA8o,Oltre - Specialty Coffee,"5343 General Luna, Makati City",14.565687599999999,121.0289827,"{""mon"":{""kind"":""open"",""open"":""08:00"",""close"":""22:00""},""tue"":{""kind"":""open"",""open"":""08:00"",""close"":""22:00""},""wed"":{""kind"":""open"",""open"":""08:00"",""close"":""22:00""},""thu"":{""kind"":""open"",""open"":""08:00"",""close"":""22:00""},""fri"":{""kind"":""open"",""open"":""08:00"",""close"":""22:00""},""sat"":{""kind"":""open"",""open"":""08:00"",""close"":""22:00""},""sun"":{""kind"":""open"",""open"":""08:00"",""close"":""22:00""}}",0917 794 1130,,,,,,OPERATIONAL,Coffee shop|Coffee shop,http://oltre.ph/,true,
ChIJJ-HzoHq3lzMRDrsZoe1_Exo,Over Coffee,"155 SE Dao, Marikina",14.648247099999999,121.1186048,"{""mon"":{""kind"":""open"",""open"":""08:00"",""close"":""04:00""},""tue"":{""kind"":""open"",""open"":""08:00"",""close"":""04:00""},""wed"":{""kind"":""open"",""open"":""08:00"",""close"":""04:00""},""thu"":{""kind"":""open"",""open"":""08:00"",""close"":""04:00""},""fri"":{""kind"":""open"",""open"":""08:00"",""close"":""04:00""},""sat"":{""kind"":""open"",""open"":""08:00"",""close"":""04:00""},""sun"":{""kind"":""open"",""open"":""08:00"",""close"":""04:00""}}",,,,,,,OPERATIONAL,Cafe|Cafe|Coffee shop|Coffee store,https://www.facebook.com/storiesovercoffee,true,
ChIJT_IrQADRlzMRUgMsyj_OElU,Over Coffee by Mak,"Unit 1, 3rd Floor, Amante Monteiro Building, National Road, Muntinlupa",14.402123399999999,121.0473593,,0908 994 7614,,,,,,OPERATIONAL,Coffee shop|Coffee shop,https://www.facebook.com/overcoffeebymak08,false,missing_hours
ChIJd-F3iSLRlzMR8-bEQGNvcYs,Pagibig Cafe,"Block 2, Villa Carolina 1, Lot 29 Yen St, Tunasan, Muntinlupa",14.372627699999999,121.04835369999999,"{""mon"":{""kind"":""all_day""},""tue"":{""kind"":""all_day""},""wed"":{""kind"":""all_day""},""thu"":{""kind"":""all_day""},""fri"":{""kind"":""all_day""},""sat"":{""kind"":""all_day""},""sun"":{""kind"":""all_day""}}",0947 592 6779,,,,,,OPERATIONAL,Coffee shop|Coffee shop,https://www.instagram.com/pagibigcafe/,true,
ChIJgfAzYwDJlzMRqc4qT5taI88,Pancho Cafe - Kapitolyo,"32-52 W Capitol Dr, Pasig",14.5725163,121.0596478,"{""mon"":{""kind"":""all_day""},""tue"":{""kind"":""all_day""},""wed"":{""kind"":""all_day""},""thu"":{""kind"":""all_day""},""fri"":{""kind"":""all_day""},""sat"":{""kind"":""all_day""},""sun"":{""kind"":""all_day""}}",0927 441 0606,,,,,,OPERATIONAL,Coffee shop|Coffee shop,,true,
ChIJ2cRmJgXJlzMRZVsUogKPbpg,Pancho Cafe - Maysilo,"64 Maysilo Cir, Mandaluyong City",14.577929,121.03272679999999,"{""mon"":{""kind"":""all_day""},""tue"":{""kind"":""all_day""},""wed"":{""kind"":""all_day""},""thu"":{""kind"":""all_day""},""fri"":{""kind"":""all_day""},""sat"":{""kind"":""all_day""},""sun"":{""kind"":""all_day""}}",0936 932 8196,,,,,,OPERATIONAL,Coffee shop|Coffee shop,https://www.instagram.com/panchocafe24/,true,
ChIJkcbFIgDJlzMREmrf68RkcAA,Pancho Cafe Makati,"Benavidez Street, Legazpi Village, Makati City",14.5517085,121.0183797,"{""mon"":{""kind"":""all_day""},""tue"":{""kind"":""all_day""},""wed"":{""kind"":""all_day""},""thu"":{""kind"":""all_day""},""fri"":{""kind"":""all_day""},""sat"":{""kind"":""all_day""},""sun"":{""kind"":""all_day""}}",0954 461 7691,,,,,,OPERATIONAL,Coffee shop|Coffee shop,,true,
ChIJp78MkkixlzMR6Xpy7L1m0io,Pandayo Coffee - Main Branch,"Villa CCO Covered Court Area D Brgy, 178 Camarin Rd, Caloocan",14.754428599999999,121.06164589999999,"{""mon"":{""kind"":""open"",""open"":""11:00"",""close"":""02:00""},""tue"":{""kind"":""open"",""open"":""11:00"",""close"":""02:00""},""wed"":{""kind"":""open"",""open"":""11:00"",""close"":""02:00""},""thu"":{""kind"":""open"",""open"":""11:00"",""close"":""02:00""},""fri"":{""kind"":""open"",""open"":""11:00"",""close"":""02:00""},""sat"":{""kind"":""open"",""open"":""11:00"",""close"":""02:00""},""sun"":{""kind"":""open"",""open"":""11:00"",""close"":""02:00""}}",0916 733 0492,,,,,,OPERATIONAL,Coffee shop|Coffee shop,https://www.facebook.com/pandayocoffee,true,
ChIJVzqVAwHJlzMRiwJlHsUjb-4,Pao Cafe,"G/F, Ags Building, 174 Yakal, Makati City",14.5629204,121.0143097,"{""mon"":{""kind"":""all_day""},""tue"":{""kind"":""all_day""},""wed"":{""kind"":""all_day""},""thu"":{""kind"":""all_day""},""fri"":{""kind"":""all_day""},""sat"":{""kind"":""all_day""},""sun"":{""kind"":""all_day""}}",0963 216 9999,,,,,,OPERATIONAL,Coffee shop|Coffee shop,http://paocafe.ph/,true,
ChIJceHlXHK3lzMRebnnSKAALJ4,Pathfinders PH - The Third Space,"South Ave, cor 4th Ave, Cubao, Quezon City",14.6127007,121.0530015,"{""mon"":{""kind"":""open"",""open"":""08:00"",""close"":""21:00""},""tue"":{""kind"":""open"",""open"":""08:00"",""close"":""21:00""},""wed"":{""kind"":""open"",""open"":""08:00"",""close"":""21:00""},""thu"":{""kind"":""open"",""open"":""08:00"",""close"":""21:00""},""fri"":{""kind"":""open"",""open"":""08:00"",""close"":""22:00""},""sat"":{""kind"":""open"",""open"":""08:00"",""close"":""22:00""},""sun"":{""kind"":""open"",""open"":""08:00"",""close"":""22:00""}}",0968 487 2248,,,,,,OPERATIONAL,Cafe|Cafe|Event venue,,true,
ChIJ9_RYYoW5lzMRzz8LQ-dPk8Y,Pedal Cafe,"116 Eastwood Ave, Bagumbayan, Quezon City",14.610413,121.0800495,"{""mon"":{""kind"":""open"",""open"":""10:00"",""close"":""22:00""},""tue"":{""kind"":""open"",""open"":""10:00"",""close"":""22:00""},""wed"":{""kind"":""open"",""open"":""10:00"",""close"":""22:00""},""thu"":{""kind"":""open"",""open"":""10:00"",""close"":""22:00""},""fri"":{""kind"":""open"",""open"":""10:00"",""close"":""22:00""},""sat"":{""kind"":""open"",""open"":""10:00"",""close"":""22:00""},""sun"":{""kind"":""open"",""open"":""10:00"",""close"":""22:00""}}",,,,,,,OPERATIONAL,Coffee shop|Coffee shop,,true,
ChIJL7vhVjm5lzMROi5xWpqLRkg,Perfect Time Cafe,"909 J. P. Rizal St, Marikina",14.6558929,121.10333349999999,,,,,,,,OPERATIONAL,Cafe|Cafe,,false,missing_hours
ChIJ10x_I-fPlzMRxfD-8iNL0sE,PICKUP COFFEE - Andremar Building,"Dr. Arcadio Santos Avenue, Parañaque - Sucat Rd, Parañaque",14.479296199999999,120.9980829,"{""mon"":{""kind"":""open"",""open"":""08:00"",""close"":""19:00""},""tue"":{""kind"":""open"",""open"":""08:00"",""close"":""19:00""},""wed"":{""kind"":""open"",""open"":""08:00"",""close"":""19:00""},""thu"":{""kind"":""open"",""open"":""08:00"",""close"":""19:00""},""fri"":{""kind"":""open"",""open"":""08:00"",""close"":""19:00""},""sat"":{""kind"":""open"",""open"":""08:00"",""close"":""19:00""},""sun"":{""kind"":""open"",""open"":""08:00"",""close"":""19:00""}}",0956 773 0822,,,,,,OPERATIONAL,Restaurant|Restaurant|Coffee shop,https://pickup-coffee.com/pickup-store-locations/,true,
ChIJzxaXIADLlzMR9zSb9xw-8tM,PICKUP COFFEE - Four E-Com,"76, Pasay City",14.540352799999999,120.9820472,,,,,,,,OPERATIONAL,Coffee shop|Coffee shop,,false,missing_hours
ChIJL7atfqTPlzMRYmGhwxAIxXs,⁠PICKUP COFFEE - Newport Circle,"Newport City, Newport Blvd, Pasay, Pasay City",14.5221606,121.0167062,"{""mon"":{""kind"":""all_day""},""tue"":{""kind"":""all_day""},""wed"":{""kind"":""all_day""},""thu"":{""kind"":""all_day""},""fri"":{""kind"":""all_day""},""sat"":{""kind"":""all_day""},""sun"":{""kind"":""all_day""}}",0993 409 4479,,,,,,OPERATIONAL,Restaurant|Restaurant|Coffee shop,https://pickup-coffee.com/pickup-store-locations/,true,
ChIJW0mtSRjLlzMR43Wjsz3lEHQ,"PICKUP COFFEE - One E-com Center, Pasay","GF, One Ecom Center, Harbor Dr, Pasay City",14.537971899999999,120.98176029999999,"{""mon"":{""kind"":""all_day""},""tue"":{""kind"":""all_day""},""wed"":{""kind"":""all_day""},""thu"":{""kind"":""all_day""},""fri"":{""kind"":""all_day""},""sat"":{""kind"":""all_day""},""sun"":{""kind"":""all_day""}}",,,,,,,OPERATIONAL,Coffee shop|Coffee shop,https://www.pickup-coffee.com/,true,
ChIJQT-s717JlzMRtILFFeDr5tw,"PICKUP COFFEE - Torre Lorenzo 2, Taft Avenue","2426 Taft Ave, Barangay 727, Malate, Manila",14.565263499999999,120.99418279999999,"{""mon"":{""kind"":""all_day""},""tue"":{""kind"":""all_day""},""wed"":{""kind"":""all_day""},""thu"":{""kind"":""all_day""},""fri"":{""kind"":""all_day""},""sat"":{""kind"":""all_day""},""sun"":{""kind"":""all_day""}}",0916 381 4179,,,,,,OPERATIONAL,Coffee shop|Coffee shop,https://www.pickup-coffee.com/,true,
ChIJ0cUcX363lzMRkkdcBN3EsaA,"PICKUP COFFEE - U.P. Town Center, Quezon City","G/F, U.P. Town Center, Katipunan Ave, Diliman, Quezon City",14.651243299999999,121.0752296,"{""mon"":{""kind"":""open"",""open"":""07:00"",""close"":""22:00""},""tue"":{""kind"":""open"",""open"":""07:00"",""close"":""22:00""},""wed"":{""kind"":""open"",""open"":""07:00"",""close"":""22:00""},""thu"":{""kind"":""open"",""open"":""07:00"",""close"":""22:00""},""fri"":{""kind"":""open"",""open"":""07:00"",""close"":""22:00""},""sat"":{""kind"":""open"",""open"":""07:00"",""close"":""22:00""},""sun"":{""kind"":""open"",""open"":""07:00"",""close"":""22:00""}}",,,,,,,OPERATIONAL,Coffee shop|Coffee shop,https://www.pickup-coffee.com/,true,
ChIJ_zrANy3JlzMR1-1pfe67iPY,PICKUP COFFEE - Uptown BGC,"G/F One Uptown Residence, 9th Avenue, cor 36th St, Post Proper Northside, Taguig",14.556083699999999,121.05501849999999,"{""mon"":{""kind"":""all_day""},""tue"":{""kind"":""all_day""},""wed"":{""kind"":""all_day""},""thu"":{""kind"":""all_day""},""fri"":{""kind"":""all_day""},""sat"":{""kind"":""all_day""},""sun"":{""kind"":""all_day""}}",0915 976 3826,,,,,,OPERATIONAL,Coffee shop|Coffee shop,https://www.pickup-coffee.com/,true,
ChIJU2XBXwC5lzMRiyKZFOkk1Rs,PICKUP COFFEE Eastwood E Commerce,"J35J+752, E-Commerce Road, Bagumbayan, Quezon City",14.608201,121.08059659999999,,,,,,,,OPERATIONAL,Coffee shop|Coffee shop,,false,missing_hours
ChIJg36gZQfJlzMRi3Af5UNpQsU,pocket makati,"Unit 102, Globill Mansion, 6146 Osias, Poblacion, Makati City",14.5653864,121.034014,"{""mon"":{""kind"":""open"",""open"":""07:30"",""close"":""19:00""},""tue"":{""kind"":""closed""},""wed"":{""kind"":""open"",""open"":""07:30"",""close"":""19:00""},""thu"":{""kind"":""open"",""open"":""07:30"",""close"":""19:00""},""fri"":{""kind"":""open"",""open"":""07:30"",""close"":""19:00""},""sat"":{""kind"":""open"",""open"":""07:30"",""close"":""19:00""},""sun"":{""kind"":""open"",""open"":""07:30"",""close"":""19:00""}}",0917 877 1433,,,,,,OPERATIONAL,Cafe|Cafe,,true,
ChIJbc26F0bPlzMRIcevbNxwH7I,Presko Coffee BLS,"69, 1711 Saudi Arabia, Parañaque",14.484278399999999,121.0228973,"{""mon"":{""kind"":""open"",""open"":""08:00"",""close"":""00:00""},""tue"":{""kind"":""open"",""open"":""08:00"",""close"":""00:00""},""wed"":{""kind"":""open"",""open"":""08:00"",""close"":""00:00""},""thu"":{""kind"":""open"",""open"":""08:00"",""close"":""01:00""},""fri"":{""kind"":""open"",""open"":""08:00"",""close"":""01:00""},""sat"":{""kind"":""open"",""open"":""08:00"",""close"":""01:00""},""sun"":{""kind"":""open"",""open"":""08:00"",""close"":""00:00""}}",,,,,,,OPERATIONAL,Coffee shop|Coffee shop,http://www.preskocoffee.com/,true,
ChIJW5CjUpC3lzMRnPamc7fTe1k,Purple 7 Cafe,"37 Tomas Morato Ave, Quezon City",14.6249015,121.0329508,"{""mon"":{""kind"":""closed""},""tue"":{""kind"":""open"",""open"":""13:00"",""close"":""20:00""},""wed"":{""kind"":""open"",""open"":""13:00"",""close"":""20:00""},""thu"":{""kind"":""open"",""open"":""13:00"",""close"":""20:00""},""fri"":{""kind"":""open"",""open"":""13:00"",""close"":""20:00""},""sat"":{""kind"":""open"",""open"":""11:00"",""close"":""19:00""},""sun"":{""kind"":""open"",""open"":""11:00"",""close"":""19:00""}}",,,,,,,OPERATIONAL,Coffee shop|Coffee shop,,true,
ChIJCwzDvkjJlzMRxEM_mEUP1zY,QOFFEA.,"1 P. Parada, San Juan City",14.597475399999999,121.0325464,"{""mon"":{""kind"":""all_day""},""tue"":{""kind"":""all_day""},""wed"":{""kind"":""all_day""},""thu"":{""kind"":""all_day""},""fri"":{""kind"":""all_day""},""sat"":{""kind"":""all_day""},""sun"":{""kind"":""all_day""}}",,,,,,,OPERATIONAL,Coffee shop|Coffee shop,https://www.facebook.com/Qoffeacoffeeshop,true,
ChIJO6nnfkK3lzMR2zUBZDpLPQU,Quirky Cup Coffee - Cubao,"33-C Main Ave, Cubao, Quezon City",14.614724299999999,121.05606189999999,"{""mon"":{""kind"":""open"",""open"":""13:00"",""close"":""02:00""},""tue"":{""kind"":""open"",""open"":""13:00"",""close"":""02:00""},""wed"":{""kind"":""open"",""open"":""13:00"",""close"":""02:00""},""thu"":{""kind"":""open"",""open"":""13:00"",""close"":""02:00""},""fri"":{""kind"":""open"",""open"":""13:00"",""close"":""02:00""},""sat"":{""kind"":""open"",""open"":""13:00"",""close"":""02:00""},""sun"":{""kind"":""open"",""open"":""13:00"",""close"":""02:00""}}",0960 534 8256,,,,,,OPERATIONAL,Coffee shop|Coffee shop,https://www.facebook.com/quirkycupcoffee,true,
ChIJc-swotm5lzMRZ4W0RfMzF2I,Ratio Coffee - Marikina,"29 A. de Guzman St, Marikina",14.653357699999999,121.10483669999999,"{""mon"":{""kind"":""open"",""open"":""13:00"",""close"":""23:00""},""tue"":{""kind"":""open"",""open"":""13:00"",""close"":""23:00""},""wed"":{""kind"":""open"",""open"":""13:00"",""close"":""23:00""},""thu"":{""kind"":""open"",""open"":""13:00"",""close"":""23:00""},""fri"":{""kind"":""open"",""open"":""13:00"",""close"":""23:00""},""sat"":{""kind"":""open"",""open"":""13:00"",""close"":""23:00""},""sun"":{""kind"":""open"",""open"":""13:00"",""close"":""23:00""}}",,,,,,,OPERATIONAL,Coffee shop|Coffee shop,https://www.facebook.com/ratiocoffeeph/,true,
ChIJ9ZF5CyHJlzMRgFWSQw5DJNo,Razzlebrew Coffee,"Tower 1 unit 104, 2320 Taft Ave, Malate, Manila",14.5665502,120.9935749,"{""mon"":{""kind"":""open"",""open"":""10:00"",""close"":""02:00""},""tue"":{""kind"":""open"",""open"":""10:00"",""close"":""02:00""},""wed"":{""kind"":""open"",""open"":""10:00"",""close"":""02:00""},""thu"":{""kind"":""open"",""open"":""10:00"",""close"":""02:00""},""fri"":{""kind"":""open"",""open"":""10:00"",""close"":""02:00""},""sat"":{""kind"":""open"",""open"":""10:00"",""close"":""02:00""},""sun"":{""kind"":""open"",""open"":""10:00"",""close"":""02:00""}}",0917 179 1039,,,,,,OPERATIONAL,Coffee shop|Coffee shop,,true,
ChIJoc60OmDRlzMRni6GKYOaFkY,Reform Coffee & Tea,"67 JB Tan St, Las Piñas",14.4343819,120.9891488,"{""mon"":{""kind"":""open"",""open"":""06:30"",""close"":""22:00""},""tue"":{""kind"":""open"",""open"":""06:30"",""close"":""22:00""},""wed"":{""kind"":""open"",""open"":""06:30"",""close"":""22:00""},""thu"":{""kind"":""open"",""open"":""06:30"",""close"":""22:00""},""fri"":{""kind"":""open"",""open"":""06:30"",""close"":""22:00""},""sat"":{""kind"":""open"",""open"":""06:30"",""close"":""22:00""},""sun"":{""kind"":""open"",""open"":""06:30"",""close"":""22:00""}}",,,,,,,OPERATIONAL,Coffee shop|Coffee shop,http://www.reformcoffeeandtea.com/,true,
ChIJ71X7AgC3lzMRiH0IUHcgbI0,Resonate Coffee and Hardware,"318 Katipunan Ave, Quezon City",14.639425099999999,121.07422749999999,"{""mon"":{""kind"":""open"",""open"":""09:00"",""close"":""18:00""},""tue"":{""kind"":""open"",""open"":""09:00"",""close"":""18:00""},""wed"":{""kind"":""open"",""open"":""09:00"",""close"":""18:00""},""thu"":{""kind"":""open"",""open"":""09:00"",""close"":""18:00""},""fri"":{""kind"":""open"",""open"":""09:00"",""close"":""18:00""},""sat"":{""kind"":""open"",""open"":""08:00"",""close"":""20:00""},""sun"":{""kind"":""open"",""open"":""08:00"",""close"":""20:00""}}",,,,,,,OPERATIONAL,Coffee shop|Coffee shop,https://www.instagram.com/resonate.coffee,true,
ChIJj-g2ZwCxlzMRIwJwbPhNb4g,Retro latte - North Caloocan,"P3W2+Q93, Mahogany, Caloocan",14.7468791,121.0509172,,,,,,,,OPERATIONAL,Coffee shop|Coffee shop,,false,missing_hours
ChIJeejbZwDLlzMRa7gqSLrjWWk,RUSTBEAN COFFEE,"819 Salazar St, Binondo, Manila",14.601490799999999,120.97602959999999,,,,,,,,OPERATIONAL,Coffee shop|Coffee shop,,false,missing_hours
ChIJ2V3yShK5lzMR-mMbT-9dn50,Salamangka,"Eastwood City, Unit G5 2F Eastwood, Citywalk 1, Libis, Quezon City",14.6094563,121.0811217,"{""mon"":{""kind"":""open"",""open"":""08:00"",""close"":""00:00""},""tue"":{""kind"":""open"",""open"":""08:00"",""close"":""00:00""},""wed"":{""kind"":""open"",""open"":""08:00"",""close"":""00:00""},""thu"":{""kind"":""open"",""open"":""08:00"",""close"":""00:00""},""fri"":{""kind"":""open"",""open"":""08:00"",""close"":""00:00""},""sat"":{""kind"":""open"",""open"":""08:00"",""close"":""00:00""},""sun"":{""kind"":""open"",""open"":""08:00"",""close"":""00:00""}}",,,,,,,OPERATIONAL,Cafe|Cafe|Cocktail bar|Coffee store|Pasta shop,https://www.salamangka.com/,true,
ChIJGWRtUwDJlzMRMEXjeI7iO9o,Sama Cafe + Diner,"H343+F2F, Taguig",14.5561817,121.0525543,"{""mon"":{""kind"":""open"",""open"":""07:00"",""close"":""22:00""},""tue"":{""kind"":""open"",""open"":""07:00"",""close"":""22:00""},""wed"":{""kind"":""open"",""open"":""07:00"",""close"":""22:00""},""thu"":{""kind"":""open"",""open"":""07:00"",""close"":""22:00""},""fri"":{""kind"":""open"",""open"":""07:00"",""close"":""22:00""},""sat"":{""kind"":""open"",""open"":""07:00"",""close"":""22:00""},""sun"":{""kind"":""open"",""open"":""07:00"",""close"":""22:00""}}",0949 705 2792,,,,,,OPERATIONAL,Coffee shop|Coffee shop,https://www.instagram.com/sama.cafexdiner?igsh=MXJ1bmtpemNlcnZ2Zw==,true,
ChIJ1ZzQwALJlzMRygsMQh8gZuw,San Cafe - San Nicolas Pasig,"10 M.H. del Pilar St, Pasig",14.561377799999999,121.0777576,"{""mon"":{""kind"":""open"",""open"":""10:30"",""close"":""22:30""},""tue"":{""kind"":""open"",""open"":""10:30"",""close"":""22:30""},""wed"":{""kind"":""open"",""open"":""10:30"",""close"":""22:30""},""thu"":{""kind"":""open"",""open"":""10:30"",""close"":""22:30""},""fri"":{""kind"":""open"",""open"":""10:30"",""close"":""22:30""},""sat"":{""kind"":""open"",""open"":""10:30"",""close"":""22:30""},""sun"":{""kind"":""open"",""open"":""10:30"",""close"":""22:30""}}",0945 498 8102,,,,,,OPERATIONAL,Coffee shop|Coffee shop,,true,
ChIJDXa-GwDJlzMR2IX4R_54jVw,Season Coffee,"2nd floor, SM Light Mall, Mandaluyong, Mandaluyong City",14.5739427,121.04919079999999,"{""mon"":{""kind"":""open"",""open"":""10:00"",""close"":""21:00""},""tue"":{""kind"":""open"",""open"":""10:00"",""close"":""21:00""},""wed"":{""kind"":""open"",""open"":""10:00"",""close"":""21:00""},""thu"":{""kind"":""open"",""open"":""10:00"",""close"":""21:00""},""fri"":{""kind"":""open"",""open"":""10:00"",""close"":""21:00""},""sat"":{""kind"":""open"",""open"":""10:00"",""close"":""21:00""},""sun"":{""kind"":""open"",""open"":""10:00"",""close"":""21:00""}}",,,,,,,OPERATIONAL,Cafe|Cafe,,true,
ChIJ1bVPAXvHlzMR2avwbXOAgrU,Seattle's Best Coffee - C. Raymundo,"C. Raymundo Ave, Pasig",14.5776971,121.0858892,"{""mon"":{""kind"":""all_day""},""tue"":{""kind"":""all_day""},""wed"":{""kind"":""all_day""},""thu"":{""kind"":""all_day""},""fri"":{""kind"":""all_day""},""sat"":{""kind"":""all_day""},""sun"":{""kind"":""all_day""}}",,,,,,,OPERATIONAL,Coffee shop|Coffee shop,https://seattlesbest.com.ph/,true,
ChIJKxZWiL-3lzMRuWAEoHgdsoU,Seattle's Best Coffee - Fiesta Carnival Araneta City,"77 Gen. Aguinaldo Ave, Cubao, Quezon City",14.620752099999999,121.0544427,"{""mon"":{""kind"":""all_day""},""tue"":{""kind"":""all_day""},""wed"":{""kind"":""all_day""},""thu"":{""kind"":""all_day""},""fri"":{""kind"":""all_day""},""sat"":{""kind"":""all_day""},""sun"":{""kind"":""all_day""}}",,,,,,,OPERATIONAL,Coffee shop|Coffee shop,https://seattlesbest.com.ph/,true,
ChIJrZUzRwDLlzMRcqLU24WqWMQ,Sept Coffee,"777 Ongpin St, Binondo, Manila",14.6019714,120.97665289999999,"{""mon"":{""kind"":""open"",""open"":""08:30"",""close"":""21:00""},""tue"":{""kind"":""open"",""open"":""08:30"",""close"":""21:00""},""wed"":{""kind"":""open"",""open"":""08:30"",""close"":""21:00""},""thu"":{""kind"":""open"",""open"":""08:30"",""close"":""21:00""},""fri"":{""kind"":""open"",""open"":""08:30"",""close"":""21:00""},""sat"":{""kind"":""open"",""open"":""08:30"",""close"":""21:00""},""sun"":{""kind"":""open"",""open"":""08:30"",""close"":""21:00""}}",,,,,,,OPERATIONAL,Coffee shop|Coffee shop,https://www.instagram.com/septcoffee.mnl?igsh=NXNjdXJuaW52ZHli&utm_source=qr,true,
ChIJK-av6SHJlzMRiFx8c7nUQvw,Sigay Cafe,"1717 Dominga Street, Barangay 41, Pasay City",14.5607454,120.99714639999999,"{""mon"":{""kind"":""open"",""open"":""09:30"",""close"":""02:00""},""tue"":{""kind"":""open"",""open"":""09:30"",""close"":""02:00""},""wed"":{""kind"":""open"",""open"":""09:30"",""close"":""02:00""},""thu"":{""kind"":""open"",""open"":""09:30"",""close"":""02:00""},""fri"":{""kind"":""open"",""open"":""09:30"",""close"":""02:00""},""sat"":{""kind"":""open"",""open"":""09:30"",""close"":""02:00""},""sun"":{""kind"":""open"",""open"":""09:30"",""close"":""02:00""}}",0928 169 8497,,,,,,OPERATIONAL,Coffee shop|Coffee shop,,true,
ChIJGw1uSQDJlzMREXzfLNGEOh0,Signature Coffee,"4495 Singian, Barangay Poblacion, Makati City",14.5674043,121.02922179999999,"{""mon"":{""kind"":""open"",""open"":""09:00"",""close"":""21:00""},""tue"":{""kind"":""open"",""open"":""09:00"",""close"":""21:00""},""wed"":{""kind"":""open"",""open"":""09:00"",""close"":""21:00""},""thu"":{""kind"":""open"",""open"":""09:00"",""close"":""23:00""},""fri"":{""kind"":""open"",""open"":""09:00"",""close"":""23:00""},""sat"":{""kind"":""open"",""open"":""09:00"",""close"":""23:00""},""sun"":{""kind"":""open"",""open"":""09:30"",""close"":""16:30""}}",0962 406 6068,,,,,,OPERATIONAL,Coffee shop|Coffee shop,https://www.facebook.com/share/12L79xKDuEp/,true,
ChIJQ0ffAgC5lzMR93tDzlSKINI,Single Origin - Eastwood,"Tower Two, G/F, Eastwood City, One Eastwood Ave, Quezon City",14.608011399999999,121.07974159999999,"{""mon"":{""kind"":""open"",""open"":""07:00"",""close"":""00:00""},""tue"":{""kind"":""open"",""open"":""07:00"",""close"":""00:00""},""wed"":{""kind"":""open"",""open"":""07:00"",""close"":""00:00""},""thu"":{""kind"":""open"",""open"":""07:00"",""close"":""00:00""},""fri"":{""kind"":""open"",""open"":""07:00"",""close"":""00:00""},""sat"":{""kind"":""open"",""open"":""07:00"",""close"":""00:00""},""sun"":{""kind"":""open"",""open"":""07:00"",""close"":""00:00""}}",0906 273 6048,,,,,,OPERATIONAL,Restaurant|Restaurant|Cafe|Coffee shop,http://singleoriginph.com/,true,
ChIJ3zQV08LJlzMRoUlBUIwEO8I,Single Origin - MOA Square,"Seashell Ln, Pasay City",14.532613699999999,120.9821638,"{""mon"":{""kind"":""open"",""open"":""07:00"",""close"":""00:00""},""tue"":{""kind"":""open"",""open"":""07:00"",""close"":""00:00""},""wed"":{""kind"":""open"",""open"":""07:00"",""close"":""00:00""},""thu"":{""kind"":""open"",""open"":""07:00"",""close"":""00:00""},""fri"":{""kind"":""open"",""open"":""07:00"",""close"":""00:00""},""sat"":{""kind"":""open"",""open"":""07:00"",""close"":""00:00""},""sun"":{""kind"":""open"",""open"":""07:00"",""close"":""00:00""}}",0926 615 9507,,,,,,OPERATIONAL,Cafe|Cafe|Coffee shop,https://www.singleoriginph.com/,true,
ChIJD46sgU-5lzMRrfkUh3TKsf8,Skybaked Coffee Kaalinsabay,"2071 Kaalinsabay, Pasig",14.6005557,121.1006913,"{""mon"":{""kind"":""open"",""open"":""10:00"",""close"":""01:30""},""tue"":{""kind"":""open"",""open"":""10:00"",""close"":""01:00""},""wed"":{""kind"":""open"",""open"":""10:00"",""close"":""01:00""},""thu"":{""kind"":""open"",""open"":""10:00"",""close"":""00:00""},""fri"":{""kind"":""all_day""},""sat"":{""kind"":""open"",""open"":""10:00"",""close"":""02:00""},""sun"":{""kind"":""open"",""open"":""10:00"",""close"":""01:00""}}",0936 592 5828,,,,,,OPERATIONAL,Coffee shop|Coffee shop,https://www.facebook.com/skybaked.ph?mibextid=LQQJ4d,true,
ChIJJ5g7bKi3lzMRmQ1WL1jRI3A,Slowpoke Coffee,"83 Scout Fuentebella, Tomas Morato Ave, Diliman, Quezon City",14.632224299999999,121.035136,"{""mon"":{""kind"":""open"",""open"":""10:00"",""close"":""20:00""},""tue"":{""kind"":""open"",""open"":""10:00"",""close"":""20:00""},""wed"":{""kind"":""open"",""open"":""10:00"",""close"":""20:00""},""thu"":{""kind"":""open"",""open"":""10:00"",""close"":""20:00""},""fri"":{""kind"":""open"",""open"":""10:00"",""close"":""20:00""},""sat"":{""kind"":""open"",""open"":""10:00"",""close"":""20:00""},""sun"":{""kind"":""open"",""open"":""08:00"",""close"":""22:00""}}",0954 266 9469,,,,,,OPERATIONAL,Coffee shop|Coffee shop,https://instagram.com/slowpoke.ph,true,
ChIJWS8JPCvJlzMREQygxbOzG24,Soul Good Greenfield,"The Hub Greenfield District, Mayflower St, Mandaluyong City",14.5792527,121.05454619999999,"{""mon"":{""kind"":""open"",""open"":""10:00"",""close"":""20:30""},""tue"":{""kind"":""open"",""open"":""10:00"",""close"":""20:30""},""wed"":{""kind"":""open"",""open"":""10:00"",""close"":""20:30""},""thu"":{""kind"":""open"",""open"":""10:00"",""close"":""20:30""},""fri"":{""kind"":""open"",""open"":""10:00"",""close"":""20:30""},""sat"":{""kind"":""open"",""open"":""10:00"",""close"":""20:30""},""sun"":{""kind"":""open"",""open"":""10:00"",""close"":""20:30""}}",0956 943 4133,,,,,,OPERATIONAL,Cafe|Cafe,https://lnk.bio/soulgood.ph,true,
ChIJ3fJmaQDJlzMRNoVpSj1FN8Q,Soul Good Kapitolyo,"57 E Capitol Dr, Pasig",14.5686135,121.0599294,"{""mon"":{""kind"":""open"",""open"":""10:00"",""close"":""22:00""},""tue"":{""kind"":""open"",""open"":""10:00"",""close"":""22:00""},""wed"":{""kind"":""open"",""open"":""10:00"",""close"":""22:00""},""thu"":{""kind"":""open"",""open"":""10:00"",""close"":""22:00""},""fri"":{""kind"":""open"",""open"":""10:00"",""close"":""22:00""},""sat"":{""kind"":""open"",""open"":""10:00"",""close"":""22:00""},""sun"":{""kind"":""open"",""open"":""10:00"",""close"":""22:00""}}",0916 738 4019,,,,,,OPERATIONAL,Cafe|Cafe,https://lnk.bio/soulgood.ph,true,
ChIJ74ykOiK3lzMRUngFXFVqJZs,Sourdough Cafe Tomas Morato,"JSB BLDG, Tomas Morato Ave, Diliman, Quezon City",14.6301148,121.03412349999999,"{""mon"":{""kind"":""open"",""open"":""10:00"",""close"":""00:00""},""tue"":{""kind"":""open"",""open"":""10:00"",""close"":""00:00""},""wed"":{""kind"":""open"",""open"":""10:00"",""close"":""00:00""},""thu"":{""kind"":""open"",""open"":""10:00"",""close"":""00:00""},""fri"":{""kind"":""open"",""open"":""10:00"",""close"":""00:00""},""sat"":{""kind"":""open"",""open"":""08:00"",""close"":""00:00""},""sun"":{""kind"":""open"",""open"":""08:00"",""close"":""22:00""}}",0917 185 9463,,,,,,OPERATIONAL,Restaurant|Restaurant,https://www.facebook.com/sourdoughcafedeli?mibextid=LQQJ4d,true,
ChIJ_adR3gPPlzMRtSBs3WDv5SU,Starbucks Doña Soledad,"F2MQ+83Q Better Living Subdivision, 45 Doña Soledad Ave, Parañaque",14.4836572,121.03755679999999,"{""mon"":{""kind"":""open"",""open"":""06:00"",""close"":""01:00""},""tue"":{""kind"":""open"",""open"":""06:00"",""close"":""01:00""},""wed"":{""kind"":""open"",""open"":""06:00"",""close"":""01:00""},""thu"":{""kind"":""open"",""open"":""06:00"",""close"":""03:00""},""fri"":{""kind"":""open"",""open"":""06:00"",""close"":""03:00""},""sat"":{""kind"":""open"",""open"":""06:00"",""close"":""03:00""},""sun"":{""kind"":""open"",""open"":""06:00"",""close"":""01:00""}}",,,,,,,OPERATIONAL,Coffee shop|Coffee shop,http://www.starbucks.ph/,true,
ChIJv31djR24lzMRCPIjLqyioL0,Starbucks Eastwood City Walk,"G/F, Eastwood Citywalk2, 2nd St, Quezon City",14.609798699999999,121.0814662,"{""mon"":{""kind"":""open"",""open"":""06:00"",""close"":""01:00""},""tue"":{""kind"":""open"",""open"":""06:00"",""close"":""01:00""},""wed"":{""kind"":""open"",""open"":""06:00"",""close"":""01:00""},""thu"":{""kind"":""open"",""open"":""06:00"",""close"":""01:00""},""fri"":{""kind"":""open"",""open"":""06:00"",""close"":""02:00""},""sat"":{""kind"":""open"",""open"":""06:00"",""close"":""02:00""},""sun"":{""kind"":""open"",""open"":""07:00"",""close"":""01:00""}}",,,,,,,OPERATIONAL,Coffee shop|Coffee shop|Restaurant,https://www.starbucks.ph/,true,
ChIJHwdjObO3lzMRmCBt11sOTV4,Starbucks Tomas Morato,"212 Morato Ave, corner Sct. Dr. Lazcano St, Diliman, Quezon City",14.630424699999999,121.03444239999999,"{""mon"":{""kind"":""open"",""open"":""07:00"",""close"":""04:00""},""tue"":{""kind"":""open"",""open"":""07:00"",""close"":""04:00""},""wed"":{""kind"":""open"",""open"":""07:00"",""close"":""04:00""},""thu"":{""kind"":""open"",""open"":""07:00"",""close"":""00:00""},""fri"":{""kind"":""all_day""},""sat"":{""kind"":""all_day""},""sun"":{""kind"":""open"",""open"":""07:00"",""close"":""04:00""}}",0917 109 3297,,,,,,OPERATIONAL,Coffee shop|Coffee shop|Cafe|Coffee roastery|Coffee stand|Coffee store|Espresso bar|Restaurant|Sandwich shop|Tea store,https://www.starbucks.ph/,true,
ChIJ8yoBmvHLlzMRbHA1Qicauj4,Still Cafe,"380 Jaboneros St, San Nicolas, Manila",14.5984599,120.9709606,,,,,,,,OPERATIONAL,Coffee shop|Coffee shop,,false,missing_hours
ChIJvyEwFADNlzMR9xuc0lU7Cio,Still Café,"27 F. Ocampo Ave, Las Piñas",14.4503776,120.9835878,"{""mon"":{""kind"":""open"",""open"":""10:00"",""close"":""22:00""},""tue"":{""kind"":""open"",""open"":""10:00"",""close"":""22:00""},""wed"":{""kind"":""open"",""open"":""10:00"",""close"":""22:00""},""thu"":{""kind"":""open"",""open"":""10:00"",""close"":""22:00""},""fri"":{""kind"":""open"",""open"":""10:00"",""close"":""22:00""},""sat"":{""kind"":""open"",""open"":""10:00"",""close"":""22:00""},""sun"":{""kind"":""closed""}}",,,,,,,OPERATIONAL,Coffee shop|Coffee shop,,true,
ChIJuYzlfwDJlzMRF0sgY7lVw8s,Sulok Coffee,"3/F, Salcedo One Center, 170 Salcedo, Makati City",14.5579083,121.01545209999999,"{""mon"":{""kind"":""open"",""open"":""08:00"",""close"":""19:00""},""tue"":{""kind"":""open"",""open"":""08:00"",""close"":""19:00""},""wed"":{""kind"":""open"",""open"":""08:00"",""close"":""19:00""},""thu"":{""kind"":""open"",""open"":""08:00"",""close"":""19:00""},""fri"":{""kind"":""open"",""open"":""08:00"",""close"":""19:00""},""sat"":{""kind"":""open"",""open"":""08:00"",""close"":""19:00""},""sun"":{""kind"":""open"",""open"":""08:00"",""close"":""19:00""}}",0917 814 6449,,,,,,OPERATIONAL,Coffee shop|Coffee shop,,true,
ChIJzTYItV_LlzMRySNS1cnjs2I,Sun Café,"586 Quintin Paredes, Cor Ongpin St, Binondo, Manila",14.599926499999999,120.9748295,"{""mon"":{""kind"":""open"",""open"":""09:00"",""close"":""23:00""},""tue"":{""kind"":""open"",""open"":""09:00"",""close"":""23:00""},""wed"":{""kind"":""open"",""open"":""09:00"",""close"":""23:00""},""thu"":{""kind"":""open"",""open"":""09:00"",""close"":""23:00""},""fri"":{""kind"":""open"",""open"":""09:00"",""close"":""23:00""},""sat"":{""kind"":""open"",""open"":""09:00"",""close"":""23:00""},""sun"":{""kind"":""open"",""open"":""09:00"",""close"":""23:00""}}",0945 166 1777,,,,,,OPERATIONAL,Coffee shop|Coffee shop,,true,
ChIJueICTQDLlzMRkgu5zv74H3M,Sun Cafe Red Planet Binondo,"4th Floor, Red Planet Binondo, Juan Luna St, Binondo, Manila",14.59811,120.97469249999999,,,,,,,,OPERATIONAL,Coffee shop|Coffee shop,,false,missing_hours
ChIJwe9acgDJlzMRpf1b0R31ZE8,Switch Coffee - Pasay City,"66 Don B. Hernandez, Pasay City",14.538445099999999,120.993968,"{""mon"":{""kind"":""open"",""open"":""10:30"",""close"":""18:00""},""tue"":{""kind"":""open"",""open"":""10:30"",""close"":""18:00""},""wed"":{""kind"":""open"",""open"":""10:30"",""close"":""18:00""},""thu"":{""kind"":""open"",""open"":""10:30"",""close"":""18:00""},""fri"":{""kind"":""open"",""open"":""10:30"",""close"":""18:00""},""sat"":{""kind"":""open"",""open"":""10:30"",""close"":""18:00""},""sun"":{""kind"":""closed""}}",,,,,,,OPERATIONAL,Coffee shop|Coffee shop,http://facebook.com/switchcoffeeph,true,
ChIJBwPOLAC3lzMRseww6LxHVrU,"Switch Coffee - Sct Rallos, QC","39 Sct. Torillo, cor Sct. Rallos St, Sacred Heart, Diliman, Quezon City",14.6339279,121.0372651,"{""mon"":{""kind"":""open"",""open"":""10:00"",""close"":""00:00""},""tue"":{""kind"":""open"",""open"":""10:00"",""close"":""00:00""},""wed"":{""kind"":""open"",""open"":""10:00"",""close"":""00:00""},""thu"":{""kind"":""open"",""open"":""10:00"",""close"":""00:00""},""fri"":{""kind"":""open"",""open"":""10:00"",""close"":""02:00""},""sat"":{""kind"":""open"",""open"":""10:00"",""close"":""02:00""},""sun"":{""kind"":""open"",""open"":""10:00"",""close"":""02:00""}}",,,,,,,OPERATIONAL,Coffee shop|Coffee shop,https://www.facebook.com/SwitchCoffeePH,true,
ChIJmXAc4CbTlzMR2ZwmtIowoOg,Taste Notes Coffee,"149 Gloria Diaz, Las Piñas",14.441678,120.97989729999999,"{""mon"":{""kind"":""open"",""open"":""07:00"",""close"":""21:00""},""tue"":{""kind"":""open"",""open"":""07:00"",""close"":""21:00""},""wed"":{""kind"":""open"",""open"":""07:00"",""close"":""21:00""},""thu"":{""kind"":""open"",""open"":""07:00"",""close"":""21:00""},""fri"":{""kind"":""open"",""open"":""07:00"",""close"":""21:00""},""sat"":{""kind"":""open"",""open"":""07:00"",""close"":""21:00""},""sun"":{""kind"":""open"",""open"":""07:00"",""close"":""21:00""}}",0906 229 4647,,,,,,OPERATIONAL,Coffee shop|Coffee shop,,true,
ChIJO9P0MTvOlzMRqDl6N_C61nU,The Alex Coffee,"F229+585, Aguirre Ave, Parañaque",14.450381499999999,121.01837479999999,"{""mon"":{""kind"":""open"",""open"":""07:30"",""close"":""00:30""},""tue"":{""kind"":""open"",""open"":""07:30"",""close"":""00:30""},""wed"":{""kind"":""open"",""open"":""07:30"",""close"":""00:30""},""thu"":{""kind"":""open"",""open"":""07:30"",""close"":""00:30""},""fri"":{""kind"":""open"",""open"":""07:30"",""close"":""00:30""},""sat"":{""kind"":""open"",""open"":""07:30"",""close"":""00:30""},""sun"":{""kind"":""open"",""open"":""07:30"",""close"":""00:30""}}",,,,,,,OPERATIONAL,Coffee shop|Coffee shop,,true,
ChIJiRECNwDJlzMRPQ5lyyKREJo,The Beach House,"11 C E Capitol Dr, Pasig",14.5718268,121.06085379999999,"{""mon"":{""kind"":""open"",""open"":""09:00"",""close"":""21:00""},""tue"":{""kind"":""open"",""open"":""09:00"",""close"":""21:00""},""wed"":{""kind"":""open"",""open"":""09:00"",""close"":""21:00""},""thu"":{""kind"":""open"",""open"":""09:00"",""close"":""21:00""},""fri"":{""kind"":""open"",""open"":""09:00"",""close"":""21:00""},""sat"":{""kind"":""open"",""open"":""09:00"",""close"":""21:00""},""sun"":{""kind"":""open"",""open"":""09:00"",""close"":""21:00""}}",,,,,,,OPERATIONAL,Coffee shop|Coffee shop,http://instagram.com/thebeachhouseph,true,
ChIJXZtjpvG3lzMRBVCJXGNZG78,The Brewman Coffee,"Cubao Expo, 3 General Romulo Ave, Cubao, Quezon City",14.622354,121.0564654,"{""mon"":{""kind"":""closed""},""tue"":{""kind"":""open"",""open"":""10:00"",""close"":""23:00""},""wed"":{""kind"":""open"",""open"":""10:00"",""close"":""23:00""},""thu"":{""kind"":""open"",""open"":""10:00"",""close"":""23:00""},""fri"":{""kind"":""open"",""open"":""10:00"",""close"":""23:00""},""sat"":{""kind"":""open"",""open"":""10:00"",""close"":""23:00""},""sun"":{""kind"":""open"",""open"":""10:00"",""close"":""23:00""}}",,,,,,,OPERATIONAL,Coffee shop|Coffee shop,https://www.instagram.com/thebrewmancoffee/,true,
ChIJS5H0hMm5lzMRbFGfCMmzESc,The Coffee Bean & Tea Leaf,"1 Building, 1800 Eastwood Ave, Bagumbayan, Quezon City",14.609642,121.07974379999999,"{""mon"":{""kind"":""open"",""open"":""07:00"",""close"":""23:00""},""tue"":{""kind"":""open"",""open"":""07:00"",""close"":""23:00""},""wed"":{""kind"":""open"",""open"":""07:00"",""close"":""23:00""},""thu"":{""kind"":""open"",""open"":""07:00"",""close"":""23:00""},""fri"":{""kind"":""open"",""open"":""07:00"",""close"":""23:00""},""sat"":{""kind"":""open"",""open"":""07:00"",""close"":""23:00""},""sun"":{""kind"":""open"",""open"":""07:00"",""close"":""23:00""}}",,,,,,,OPERATIONAL,Cafe|Cafe,https://www.coffeebean.com.ph/,true,
ChIJ5VOBWgDLlzMRpfP8jrjsAao,The Coffee Bee,"Pedro Gil St, Malate, Manila",14.575799199999999,120.9878511,"{""mon"":{""kind"":""open"",""open"":""06:00"",""close"":""01:00""},""tue"":{""kind"":""open"",""open"":""06:00"",""close"":""01:00""},""wed"":{""kind"":""open"",""open"":""06:00"",""close"":""01:00""},""thu"":{""kind"":""open"",""open"":""06:00"",""close"":""01:00""},""fri"":{""kind"":""open"",""open"":""06:00"",""close"":""01:00""},""sat"":{""kind"":""open"",""open"":""06:00"",""close"":""01:00""},""sun"":{""kind"":""open"",""open"":""06:00"",""close"":""01:00""}}",,,,,,,OPERATIONAL,Coffee shop|Coffee shop,https://www.facebook.com/profile.php?id=61571078574366&mibextid=ZbWKwL,true,
ChIJkTPUITPHlzMR6bU5DFUGvWE,The Coffee Series - The Stand,"35 Topaz St., Dona Juana Subd., C.Raymundo Ave Rosario Pasig, Pasig",14.582734199999999,121.0876953,"{""mon"":{""kind"":""open"",""open"":""09:00"",""close"":""22:00""},""tue"":{""kind"":""open"",""open"":""09:00"",""close"":""22:00""},""wed"":{""kind"":""open"",""open"":""09:00"",""close"":""22:00""},""thu"":{""kind"":""open"",""open"":""09:00"",""close"":""22:00""},""fri"":{""kind"":""open"",""open"":""09:00"",""close"":""22:00""},""sat"":{""kind"":""open"",""open"":""09:00"",""close"":""22:00""},""sun"":{""kind"":""open"",""open"":""09:00"",""close"":""22:00""}}",0961 653 1223,,,,,,OPERATIONAL,Coffee shop|Coffee shop,http://thecoffeeseries.carrd.co/,true,
ChIJV8q4GxvKlzMRnjt6wydJKNo,The Den,"HUB Make Lab, First United Building, 413 Escolta St, Binondo, Manila",14.5988397,120.9794994,"{""mon"":{""kind"":""open"",""open"":""10:00"",""close"":""18:00""},""tue"":{""kind"":""open"",""open"":""10:00"",""close"":""18:00""},""wed"":{""kind"":""open"",""open"":""10:00"",""close"":""18:00""},""thu"":{""kind"":""open"",""open"":""10:00"",""close"":""18:00""},""fri"":{""kind"":""open"",""open"":""10:00"",""close"":""19:00""},""sat"":{""kind"":""open"",""open"":""10:00"",""close"":""19:00""},""sun"":{""kind"":""open"",""open"":""10:00"",""close"":""19:00""}}",,,,,,,OPERATIONAL,Cafe|Cafe|Coffee shop|Coffee store,http://www.thedenmanila.com/,true,
ChIJ59RXEcvRlzMREQVyWdrNn7c,The Dirty Work - Molito Alabang,"Molito Lifestyle Center Building 3 Madrigal Avenue, cor Alabang–Zapote Rd, Ayala Alabang, Muntinlupa",14.4254214,121.0273419,"{""mon"":{""kind"":""open"",""open"":""08:00"",""close"":""22:00""},""tue"":{""kind"":""open"",""open"":""08:00"",""close"":""22:00""},""wed"":{""kind"":""open"",""open"":""08:00"",""close"":""22:00""},""thu"":{""kind"":""open"",""open"":""08:00"",""close"":""22:00""},""fri"":{""kind"":""open"",""open"":""08:00"",""close"":""22:00""},""sat"":{""kind"":""open"",""open"":""08:00"",""close"":""23:00""},""sun"":{""kind"":""open"",""open"":""08:00"",""close"":""23:00""}}",0927 596 2186,,,,,,OPERATIONAL,Cafe|Cafe,,true,
ChIJRXCsGTTRlzMRxYg4YBcCWL4,The Fat Seed Cafe + Roastery Molito,"Molito Lifestyle Center Madrigal Avenue, corner Commerce Ave, Ayala Alabang, Muntinlupa",14.4236133,121.0261204,"{""mon"":{""kind"":""open"",""open"":""07:00"",""close"":""22:00""},""tue"":{""kind"":""open"",""open"":""07:00"",""close"":""22:00""},""wed"":{""kind"":""open"",""open"":""07:00"",""close"":""22:00""},""thu"":{""kind"":""open"",""open"":""07:00"",""close"":""22:00""},""fri"":{""kind"":""open"",""open"":""07:00"",""close"":""00:00""},""sat"":{""kind"":""open"",""open"":""07:00"",""close"":""00:00""},""sun"":{""kind"":""open"",""open"":""07:00"",""close"":""23:00""}}",0926 688 0554,,,,,,OPERATIONAL,Restaurant|Restaurant|Breakfast restaurant|Brunch restaurant|Cafe|Coffee machine supplier|Coffee roastery|Coffee shop|Coffee wholesaler|Lunch restaurant|Western restaurant,https://www.fatseed.com.ph/,true,
ChIJoTVFn2O3lzMR8bZt6jn1MTc,The Fat Seed Cafe + Roastery UPTC Quezon City,"G/F, Phase 2, UP Town Center, Diliman, Quezon City",14.6521101,121.075137,"{""mon"":{""kind"":""open"",""open"":""09:00"",""close"":""21:00""},""tue"":{""kind"":""open"",""open"":""09:00"",""close"":""21:00""},""wed"":{""kind"":""open"",""open"":""09:00"",""close"":""21:00""},""thu"":{""kind"":""open"",""open"":""09:00"",""close"":""21:00""},""fri"":{""kind"":""open"",""open"":""09:00"",""close"":""22:00""},""sat"":{""kind"":""open"",""open"":""09:00"",""close"":""22:00""},""sun"":{""kind"":""open"",""open"":""09:00"",""close"":""22:00""}}",,,,,,,OPERATIONAL,Restaurant|Restaurant|Breakfast restaurant|Brunch restaurant|Cafe|Coffee machine supplier|Coffee roastery|Coffee shop|Coffee wholesaler|Lunch restaurant|Western restaurant,https://fatseed.com.ph/,true,
ChIJjd3oBwC5lzMR91E0RhqWOaM,The Matcha Tokyo - Eastwood,"GF, EASTWOOD OPEN PARK, BAGUMBAYAN DISTRICT 3, Eastwood Ave, Quezon City",14.610107,121.0794056,"{""mon"":{""kind"":""open"",""open"":""10:00"",""close"":""00:00""},""tue"":{""kind"":""open"",""open"":""10:00"",""close"":""00:00""},""wed"":{""kind"":""open"",""open"":""10:00"",""close"":""00:00""},""thu"":{""kind"":""open"",""open"":""10:00"",""close"":""00:00""},""fri"":{""kind"":""open"",""open"":""10:00"",""close"":""00:00""},""sat"":{""kind"":""open"",""open"":""10:00"",""close"":""00:00""},""sun"":{""kind"":""open"",""open"":""10:00"",""close"":""00:00""}}",0956 150 7156,,,,,,OPERATIONAL,Cafe|Cafe,https://thematchatokyo-ph.tablevibe.co/,true,
ChIJdZoa_ee3lzMRLc8FF2ciszw,The Millas Cafe,"48 Imperial, Cubao, Quezon City",14.6255394,121.0521976,"{""mon"":{""kind"":""open"",""open"":""08:00"",""close"":""19:00""},""tue"":{""kind"":""open"",""open"":""08:00"",""close"":""19:00""},""wed"":{""kind"":""open"",""open"":""08:00"",""close"":""23:00""},""thu"":{""kind"":""open"",""open"":""08:00"",""close"":""23:00""},""fri"":{""kind"":""open"",""open"":""08:00"",""close"":""23:00""},""sat"":{""kind"":""open"",""open"":""08:00"",""close"":""23:00""},""sun"":{""kind"":""open"",""open"":""08:00"",""close"":""23:00""}}",,,,,,,OPERATIONAL,Coffee shop|Coffee shop|Cafe,http://www.themillas.com/,true,
ChIJP2vTJuDJlzMRsxCZFL3bG6k,theVenti Coffee Poblacion,"5059 P Burgos Street, Poblacion Metro Manila, Metro Manila, Makati City, Poblacion Metro Manila, Metro Manila, Makati City, Poblacion, Makati City",14.5651753,121.03122259999999,"{""mon"":{""kind"":""all_day""},""tue"":{""kind"":""all_day""},""wed"":{""kind"":""all_day""},""thu"":{""kind"":""all_day""},""fri"":{""kind"":""all_day""},""sat"":{""kind"":""all_day""},""sun"":{""kind"":""all_day""}}",0924 471 6866,,,,,,OPERATIONAL,Cafe|Cafe|Coffee shop,http://theventi.ph/,true,
ChIJHXcOCGPJlzMROjncoutKnn8,Timpla Specialty Coffee,"31 Industria, Pasig",14.5625588,121.0742545,"{""mon"":{""kind"":""open"",""open"":""07:00"",""close"":""21:00""},""tue"":{""kind"":""open"",""open"":""07:00"",""close"":""21:00""},""wed"":{""kind"":""open"",""open"":""07:00"",""close"":""21:00""},""thu"":{""kind"":""open"",""open"":""07:00"",""close"":""21:00""},""fri"":{""kind"":""open"",""open"":""07:00"",""close"":""21:00""},""sat"":{""kind"":""open"",""open"":""07:00"",""close"":""21:00""},""sun"":{""kind"":""open"",""open"":""07:00"",""close"":""21:00""}}",0955 581 8069,,,,,,OPERATIONAL,Coffee shop|Coffee shop|Cafe,,true,
ChIJaWjUVM-3lzMRrvJH9mSkNgU,TIPUN - Specialty Coffee,"Blue Ridge A, 202 Katipunan Ave, Project 4, Quezon City",14.6178957,121.0718813,"{""mon"":{""kind"":""open"",""open"":""08:00"",""close"":""21:00""},""tue"":{""kind"":""open"",""open"":""08:00"",""close"":""21:00""},""wed"":{""kind"":""open"",""open"":""08:00"",""close"":""21:00""},""thu"":{""kind"":""open"",""open"":""08:00"",""close"":""21:00""},""fri"":{""kind"":""open"",""open"":""08:00"",""close"":""21:00""},""sat"":{""kind"":""open"",""open"":""07:00"",""close"":""21:00""},""sun"":{""kind"":""open"",""open"":""07:00"",""close"":""21:00""}}",,,,,,,OPERATIONAL,Coffee shop|Coffee shop,,true,
ChIJq5C0QxfIlzMRve11q9GFhfI,Toby's Estate Coffee Roasters,"G/F, Robinsons Cyberscape Beta, Ruby Rd, Ortigas Center, Pasig",14.5879443,121.06090979999999,"{""mon"":{""kind"":""open"",""open"":""07:00"",""close"":""17:00""},""tue"":{""kind"":""open"",""open"":""07:00"",""close"":""17:00""},""wed"":{""kind"":""open"",""open"":""07:00"",""close"":""17:00""},""thu"":{""kind"":""open"",""open"":""07:00"",""close"":""17:00""},""fri"":{""kind"":""open"",""open"":""07:00"",""close"":""17:00""},""sat"":{""kind"":""open"",""open"":""07:00"",""close"":""17:00""},""sun"":{""kind"":""open"",""open"":""07:00"",""close"":""17:00""}}",,,,,,,OPERATIONAL,Cafe|Cafe|Coffee roastery|Coffee shop|Coffee store|Restaurant,http://tobysestateph.com/,true,
ChIJX-0bUX_JlzMRt9Nx6BxMVNE,TOMORO COFFEE - Padilla Building Ortigas,"GF, Padilla Building, Ortigas Center, Pasig",14.587451399999999,121.06148789999999,"{""mon"":{""kind"":""open"",""open"":""06:00"",""close"":""00:00""},""tue"":{""kind"":""open"",""open"":""06:00"",""close"":""00:00""},""wed"":{""kind"":""open"",""open"":""06:00"",""close"":""00:00""},""thu"":{""kind"":""open"",""open"":""06:00"",""close"":""00:00""},""fri"":{""kind"":""open"",""open"":""06:00"",""close"":""00:00""},""sat"":{""kind"":""open"",""open"":""06:00"",""close"":""00:00""},""sun"":{""kind"":""open"",""open"":""06:00"",""close"":""00:00""}}",0954 304 5456,,,,,,OPERATIONAL,Coffee shop|Coffee shop,,true,
ChIJDaiUan_JlzMRJ-Kk5VmMWM0,TREEHOUSE Bar & Art Café,"5966 Fermina St, cor Alfonso, Poblacion, Makati City",14.563028399999999,121.03207719999999,"{""mon"":{""kind"":""open"",""open"":""10:00"",""close"":""02:00""},""tue"":{""kind"":""open"",""open"":""10:00"",""close"":""02:00""},""wed"":{""kind"":""open"",""open"":""10:00"",""close"":""02:00""},""thu"":{""kind"":""open"",""open"":""10:00"",""close"":""02:00""},""fri"":{""kind"":""open"",""open"":""10:00"",""close"":""02:00""},""sat"":{""kind"":""open"",""open"":""10:00"",""close"":""02:00""},""sun"":{""kind"":""open"",""open"":""10:00"",""close"":""02:00""}}",0968 644 9731,,,,,,OPERATIONAL,Art cafe|Art cafe|Art supply store|Bar|Brunch restaurant|Cafe|Italian restaurant|Lunch restaurant|Restaurant|Snack bar|Wine bar,http://tree-house.ph/,true,
ChIJ8yWC-dG3lzMRDeN22XD5K30,Trovare,"90 Sct. Fernandez St, Diliman, Quezon City",14.6326181,121.0352958,"{""mon"":{""kind"":""open"",""open"":""10:00"",""close"":""23:00""},""tue"":{""kind"":""open"",""open"":""10:00"",""close"":""23:00""},""wed"":{""kind"":""open"",""open"":""10:00"",""close"":""23:00""},""thu"":{""kind"":""open"",""open"":""10:00"",""close"":""23:00""},""fri"":{""kind"":""open"",""open"":""10:00"",""close"":""00:00""},""sat"":{""kind"":""open"",""open"":""10:00"",""close"":""00:00""},""sun"":{""kind"":""open"",""open"":""10:00"",""close"":""23:00""}}",,,,,,,OPERATIONAL,Coffee shop|Coffee shop,http://trovare.one/,true,
ChIJidUejgW5lzMRh2fbeAg4Iew,Turning Tides,"10 G. Fernando, cor Guerilla, Marikina",14.636489,121.10181089999999,"{""mon"":{""kind"":""open"",""open"":""07:00"",""close"":""03:00""},""tue"":{""kind"":""open"",""open"":""07:00"",""close"":""03:00""},""wed"":{""kind"":""open"",""open"":""07:00"",""close"":""03:00""},""thu"":{""kind"":""open"",""open"":""07:00"",""close"":""03:00""},""fri"":{""kind"":""open"",""open"":""07:00"",""close"":""03:00""},""sat"":{""kind"":""open"",""open"":""07:00"",""close"":""03:00""},""sun"":{""kind"":""open"",""open"":""07:00"",""close"":""03:00""}}",0921 459 7608,,,,,,OPERATIONAL,Restaurant|Restaurant|Bar|Coffee shop|Gastropub,,true,
ChIJR31kSH-3lzMRfwgbBE-PlNg,Tyler's Cafe,"319 Katipunan Ave, Quezon City",14.6395583,121.0742611,"{""mon"":{""kind"":""open"",""open"":""07:00"",""close"":""21:00""},""tue"":{""kind"":""open"",""open"":""07:00"",""close"":""21:00""},""wed"":{""kind"":""open"",""open"":""07:00"",""close"":""21:00""},""thu"":{""kind"":""open"",""open"":""07:00"",""close"":""21:00""},""fri"":{""kind"":""open"",""open"":""07:00"",""close"":""21:00""},""sat"":{""kind"":""open"",""open"":""07:00"",""close"":""21:00""},""sun"":{""kind"":""open"",""open"":""07:00"",""close"":""21:00""}}",0927 337 8417,,,,,,OPERATIONAL,Restaurant|Restaurant,https://tylerscafe.com/,true,
ChIJLTxhhNPJlzMRdvOzN1d2dcI,Type A - NBS Park,"NBS Park, Pioneer St, Highway Hills, Mandaluyong City",14.5721676,121.0532616,"{""mon"":{""kind"":""open"",""open"":""08:00"",""close"":""18:00""},""tue"":{""kind"":""open"",""open"":""08:00"",""close"":""18:00""},""wed"":{""kind"":""open"",""open"":""08:00"",""close"":""18:00""},""thu"":{""kind"":""open"",""open"":""08:00"",""close"":""18:00""},""fri"":{""kind"":""open"",""open"":""08:00"",""close"":""18:00""},""sat"":{""kind"":""open"",""open"":""08:00"",""close"":""18:00""},""sun"":{""kind"":""open"",""open"":""08:00"",""close"":""18:00""}}",0917 639 7246,,,,,,OPERATIONAL,Coffee shop|Coffee shop|Coffee store,https://www.type-a.xyz/,true,
ChIJhTO3F3bLlzMRu0DoiXDauJ4,U ME KAPE - RECTO,"1985 Recto Ave, Sampaloc, Manila",14.6020474,120.9878186,"{""mon"":{""kind"":""all_day""},""tue"":{""kind"":""all_day""},""wed"":{""kind"":""all_day""},""thu"":{""kind"":""all_day""},""fri"":{""kind"":""all_day""},""sat"":{""kind"":""all_day""},""sun"":{""kind"":""all_day""}}",0954 345 6688,,,,,,OPERATIONAL,Coffee shop|Coffee shop,https://www.facebook.com/profile.php?id=61574422136197,true,
ChIJveAtOr3JlzMRS9UXpXTJf2I,U ME KAPE - TAFT,"G/F, Manor Building, 2635-E Taft Ave, Malate, Manila",14.5618213,120.9952162,"{""mon"":{""kind"":""all_day""},""tue"":{""kind"":""all_day""},""wed"":{""kind"":""all_day""},""thu"":{""kind"":""all_day""},""fri"":{""kind"":""all_day""},""sat"":{""kind"":""all_day""},""sun"":{""kind"":""all_day""}}",0954 345 6688,,,,,,OPERATIONAL,Coffee shop|Coffee shop,https://www.instagram.com/umekape?igsh=MTRmaXJvY3Q1cnBi&utm_source=qr,true,
ChIJa2xlbAC3lzMRp1CgaQ13HFg,Ubra de Kapi,"2nd floor, 78 Main Ave, Socorro, Cubao, Quezon City",14.6161405,121.0599136,"{""mon"":{""kind"":""open"",""open"":""10:00"",""close"":""22:30""},""tue"":{""kind"":""open"",""open"":""10:00"",""close"":""22:30""},""wed"":{""kind"":""open"",""open"":""10:00"",""close"":""22:30""},""thu"":{""kind"":""open"",""open"":""10:00"",""close"":""22:30""},""fri"":{""kind"":""open"",""open"":""10:00"",""close"":""22:30""},""sat"":{""kind"":""open"",""open"":""10:00"",""close"":""22:30""},""sun"":{""kind"":""closed""}}",,,,,,,OPERATIONAL,Coffee shop|Coffee shop,https://ubradekapi.com/,true,
ChIJuY6ogx24lzMRejXjESHKNeo,UCC Park Cafe Eastwood,"Tower 2, Eastwood City, One Eastwood Ave, Quezon City",14.608293399999999,121.0801127,"{""mon"":{""kind"":""open"",""open"":""07:00"",""close"":""00:00""},""tue"":{""kind"":""open"",""open"":""07:00"",""close"":""00:00""},""wed"":{""kind"":""open"",""open"":""07:00"",""close"":""00:00""},""thu"":{""kind"":""open"",""open"":""07:00"",""close"":""00:00""},""fri"":{""kind"":""open"",""open"":""07:00"",""close"":""01:00""},""sat"":{""kind"":""open"",""open"":""07:00"",""close"":""01:00""},""sun"":{""kind"":""open"",""open"":""07:00"",""close"":""00:00""}}",0976 476 1275,,,,,,OPERATIONAL,Coffee shop|Coffee shop,http://www.facebook.com/ucccafeph,true,
ChIJVR9kopPRlzMRG3ezlL2ocuw,UNLIKELY Coffee and Cocktails,"B 36 L 25 Vatican City Dr, Las Piñas",14.427722399999999,120.9880953,"{""mon"":{""kind"":""open"",""open"":""07:00"",""close"":""23:00""},""tue"":{""kind"":""open"",""open"":""07:00"",""close"":""23:00""},""wed"":{""kind"":""open"",""open"":""07:00"",""close"":""23:00""},""thu"":{""kind"":""open"",""open"":""07:00"",""close"":""23:00""},""fri"":{""kind"":""open"",""open"":""07:00"",""close"":""01:00""},""sat"":{""kind"":""open"",""open"":""07:00"",""close"":""01:00""},""sun"":{""kind"":""open"",""open"":""07:00"",""close"":""00:00""}}",0917 193 7711,,,,,,OPERATIONAL,Cafe|Cafe,https://www.facebook.com/unlikely.ph/,true,
ChIJUeHQ6RexlzMR28GrZRLPN44,Vibe / Bean Cafe,"1 Everlasting St, corner Zapote Rd, Caloocan",14.751562499999999,121.05381249999999,"{""mon"":{""kind"":""open"",""open"":""08:00"",""close"":""22:30""},""tue"":{""kind"":""open"",""open"":""08:00"",""close"":""22:30""},""wed"":{""kind"":""open"",""open"":""08:00"",""close"":""22:30""},""thu"":{""kind"":""open"",""open"":""08:00"",""close"":""22:30""},""fri"":{""kind"":""open"",""open"":""08:00"",""close"":""00:30""},""sat"":{""kind"":""open"",""open"":""08:00"",""close"":""00:30""},""sun"":{""kind"":""open"",""open"":""08:00"",""close"":""00:30""}}",0919 430 0142,,,,,,OPERATIONAL,Cafe|Cafe,,true,
ChIJhQw5APi5lzMRT0EkNeVepl8,VITA BELLA COFFEE AND BUBBLE TEA SHOP - CONCEPCION UNO MARIKINA CITY,"9 H. Bautista St, Concepcion Uno, Marikina",14.653030399999999,121.1036532,"{""mon"":{""kind"":""open"",""open"":""10:00"",""close"":""21:00""},""tue"":{""kind"":""open"",""open"":""10:00"",""close"":""21:00""},""wed"":{""kind"":""open"",""open"":""10:00"",""close"":""21:00""},""thu"":{""kind"":""open"",""open"":""10:00"",""close"":""21:00""},""fri"":{""kind"":""open"",""open"":""10:00"",""close"":""21:00""},""sat"":{""kind"":""open"",""open"":""10:00"",""close"":""21:00""},""sun"":{""kind"":""open"",""open"":""10:00"",""close"":""21:00""}}",0929 475 4867,,,,,,OPERATIONAL,Coffee shop|Coffee shop,,true,
ChIJgwV_ZUXPlzMRo3bY39dekU4,Wake and Make Coffee,"Phase 1, Metro Manila, 129-D2 Armstrong Ave, Moonwalk, Parañaque",14.500279299999999,121.0152392,"{""mon"":{""kind"":""open"",""open"":""07:00"",""close"":""22:00""},""tue"":{""kind"":""open"",""open"":""07:00"",""close"":""22:00""},""wed"":{""kind"":""open"",""open"":""07:00"",""close"":""22:00""},""thu"":{""kind"":""open"",""open"":""07:00"",""close"":""22:00""},""fri"":{""kind"":""open"",""open"":""07:00"",""close"":""22:00""},""sat"":{""kind"":""open"",""open"":""07:00"",""close"":""22:00""},""sun"":{""kind"":""open"",""open"":""07:00"",""close"":""22:00""}}",0960 887 5825,,,,,,OPERATIONAL,Coffee shop|Coffee shop,https://www.facebook.com/wakeandmakecoffeeph,true,
ChIJhXNZPwDRlzMRpxdmvLVbNWs,We The People Coffee & Tea Co.,"Unit 109 Ground Floor, Admiralty Bldg, Industry St, Ayala Alabang, Muntinlupa",14.426088799999999,121.02659159999999,"{""mon"":{""kind"":""open"",""open"":""07:00"",""close"":""19:00""},""tue"":{""kind"":""open"",""open"":""07:00"",""close"":""19:00""},""wed"":{""kind"":""open"",""open"":""07:00"",""close"":""19:00""},""thu"":{""kind"":""open"",""open"":""07:00"",""close"":""21:00""},""fri"":{""kind"":""open"",""open"":""07:00"",""close"":""21:00""},""sat"":{""kind"":""open"",""open"":""07:00"",""close"":""21:00""},""sun"":{""kind"":""open"",""open"":""07:00"",""close"":""19:00""}}",0985 364 3708,,,,,,OPERATIONAL,Coffee roastery|Coffee roastery|Cafe|Coffee shop,http://wtpcoffee.com/,true,
ChIJxcX20YvJlzMRGH2swooleIE,Weekday Coffee BGC,"GSC Corporate Tower, Triangle Dr, Taguig",14.5596506,121.0571111,"{""mon"":{""kind"":""open"",""open"":""09:00"",""close"":""21:00""},""tue"":{""kind"":""open"",""open"":""09:00"",""close"":""21:00""},""wed"":{""kind"":""open"",""open"":""09:00"",""close"":""21:00""},""thu"":{""kind"":""open"",""open"":""09:00"",""close"":""21:00""},""fri"":{""kind"":""open"",""open"":""09:00"",""close"":""21:00""},""sat"":{""kind"":""open"",""open"":""09:00"",""close"":""18:00""},""sun"":{""kind"":""open"",""open"":""09:00"",""close"":""18:00""}}",0928 520 4112,,,,,,OPERATIONAL,Coffee shop|Coffee shop,https://www.instagram.com/weekdaycoffeeph/?hl=en,true,
ChIJAYchIc3JlzMRku58iQvPL0A,Weekday Coffee Ortigas,"125, Grand Emerald Tower, F. Ortigas Jr. Rd, Ortigas Center, Pasig",14.588096199999999,121.06151,"{""mon"":{""kind"":""open"",""open"":""07:00"",""close"":""18:00""},""tue"":{""kind"":""open"",""open"":""07:00"",""close"":""20:00""},""wed"":{""kind"":""open"",""open"":""07:00"",""close"":""20:00""},""thu"":{""kind"":""open"",""open"":""07:00"",""close"":""20:00""},""fri"":{""kind"":""open"",""open"":""07:00"",""close"":""20:00""},""sat"":{""kind"":""open"",""open"":""07:00"",""close"":""18:00""},""sun"":{""kind"":""open"",""open"":""07:00"",""close"":""18:00""}}",0928 520 4112,,,,,,OPERATIONAL,Coffee shop|Coffee shop,https://www.instagram.com/weekdaycoffeeph,true,
ChIJxWjMBgC3lzMRlkgJXNXQBrY,What About Coffee? (WACO) Katipunan,"149 B. Gonzales, Quezon City",14.642066199999999,121.0737922,"{""mon"":{""kind"":""open"",""open"":""07:00"",""close"":""22:00""},""tue"":{""kind"":""open"",""open"":""07:00"",""close"":""22:00""},""wed"":{""kind"":""open"",""open"":""07:00"",""close"":""22:00""},""thu"":{""kind"":""open"",""open"":""07:00"",""close"":""22:00""},""fri"":{""kind"":""open"",""open"":""07:00"",""close"":""23:00""},""sat"":{""kind"":""open"",""open"":""07:00"",""close"":""23:00""},""sun"":{""kind"":""open"",""open"":""07:00"",""close"":""22:00""}}",0962 810 0883,,,,,,OPERATIONAL,Cafe|Cafe|Coffee shop,,true,
ChIJ8Vg-uyi3lzMR4X6ddnineSk,Wicked Coffee,"69a Bignay, Quezon City",14.6318934,121.0586486,"{""mon"":{""kind"":""open"",""open"":""08:30"",""close"":""19:00""},""tue"":{""kind"":""open"",""open"":""08:30"",""close"":""19:00""},""wed"":{""kind"":""open"",""open"":""08:30"",""close"":""19:00""},""thu"":{""kind"":""open"",""open"":""08:30"",""close"":""19:00""},""fri"":{""kind"":""open"",""open"":""08:30"",""close"":""19:00""},""sat"":{""kind"":""open"",""open"":""08:30"",""close"":""19:00""},""sun"":{""kind"":""open"",""open"":""08:30"",""close"":""19:00""}}",,,,,,,OPERATIONAL,Coffee shop|Coffee shop,https://wickedcoffee.cococart.co/,true,
ChIJ5xFQNADJlzMR7xGRA501850,Windy Ridge Coffee,"2202 Taft Ave, Malate, Manila",14.5684454,120.9925244,"{""mon"":{""kind"":""open"",""open"":""06:00"",""close"":""22:00""},""tue"":{""kind"":""open"",""open"":""06:00"",""close"":""22:00""},""wed"":{""kind"":""open"",""open"":""06:00"",""close"":""22:00""},""thu"":{""kind"":""open"",""open"":""06:00"",""close"":""22:00""},""fri"":{""kind"":""open"",""open"":""06:00"",""close"":""22:00""},""sat"":{""kind"":""open"",""open"":""06:00"",""close"":""22:00""},""sun"":{""kind"":""closed""}}",,,,,,,OPERATIONAL,Coffee shop|Coffee shop,,true,
ChIJNSsZNADJlzMRawmYJPsw6ts,Yardstick Coffee | The Corner House,"P Guevarra, cor Recto, San Juan City",14.596236699999999,121.03830409999999,"{""mon"":{""kind"":""open"",""open"":""08:00"",""close"":""22:00""},""tue"":{""kind"":""open"",""open"":""08:00"",""close"":""22:00""},""wed"":{""kind"":""open"",""open"":""08:00"",""close"":""22:00""},""thu"":{""kind"":""open"",""open"":""08:00"",""close"":""22:00""},""fri"":{""kind"":""open"",""open"":""08:00"",""close"":""22:00""},""sat"":{""kind"":""open"",""open"":""08:00"",""close"":""22:00""},""sun"":{""kind"":""open"",""open"":""08:00"",""close"":""22:00""}}",0908 145 8643,,,,,,OPERATIONAL,Coffee shop|Coffee shop,https://store.yardstickcoffee.com/,true,
ChIJ4cHmksm5lzMRxnsWSy05yJc,"ZUS Coffee - Le Grand Tower 2, Eastwood City","LG2-3 Eastwood, Le Grand 2, Palm Tree Ave, Bagumbayan, Quezon City",14.6076169,121.08173959999999,"{""mon"":{""kind"":""open"",""open"":""07:00"",""close"":""00:00""},""tue"":{""kind"":""open"",""open"":""07:00"",""close"":""00:00""},""wed"":{""kind"":""open"",""open"":""07:00"",""close"":""00:00""},""thu"":{""kind"":""open"",""open"":""07:00"",""close"":""00:00""},""fri"":{""kind"":""open"",""open"":""07:00"",""close"":""00:00""},""sat"":{""kind"":""open"",""open"":""07:00"",""close"":""22:00""},""sun"":{""kind"":""open"",""open"":""07:00"",""close"":""22:00""}}",0977 061 8018,,,,,,OPERATIONAL,Coffee store|Coffee store|Coffee shop,https://zuscoffee.ph/,true,
